"order_id","user_id","total_amount","create_time","update_time"
"1","1","20630.00","2023-09-04 00:00:00","2023-09-16 00:00:00"
"2","1","2799.00","2023-03-31 00:00:00","2023-04-16 00:00:00"
"3","1","3278.00","2023-08-19 00:00:00","2023-09-11 00:00:00"
"4","1","62294.00","2023-09-14 00:00:00","2023-10-02 00:00:00"
"5","1","2826.00","2023-01-11 00:00:00","2023-01-18 00:00:00"
"6","1","40082.00","2023-10-16 00:00:00","2023-11-02 00:00:00"
"7","1","843.00","2023-05-29 00:00:00","2023-06-08 00:00:00"
"8","1","45090.00","2023-01-30 00:00:00","2023-02-16 00:00:00"
"9","1","5397.00","2023-04-08 00:00:00","2023-04-24 00:00:00"
"10","1","39491.00","2023-09-11 00:00:00","2023-09-12 00:00:00"
"11","1","614.00","2023-12-23 00:00:00","2023-12-24 00:00:00"
"12","1","18582.00","2023-12-30 00:00:00","2024-01-01 00:00:00"
"13","1","3948.00","2023-01-06 00:00:00","2023-01-11 00:00:00"
"14","1","3090.00","2023-04-13 00:00:00","2023-05-08 00:00:00"
"15","1","45326.00","2023-07-23 00:00:00","2023-07-25 00:00:00"
"16","1","8432.00","2023-06-27 00:00:00","2023-07-17 00:00:00"
"17","1","39783.00","2023-04-03 00:00:00","2023-04-28 00:00:00"
"18","1","1447.00","2023-11-07 00:00:00","2023-11-28 00:00:00"
"19","1","39276.00","2023-10-25 00:00:00","2023-11-06 00:00:00"
"20","1","34252.00","2023-03-24 00:00:00","2023-04-06 00:00:00"
"21","1","18214.00","2023-06-25 00:00:00","2023-07-07 00:00:00"
"22","1","30055.00","2023-02-12 00:00:00","2023-03-09 00:00:00"
"23","1","31972.00","2023-06-02 00:00:00","2023-06-23 00:00:00"
"24","1","9787.00","2023-01-04 00:00:00","2023-01-07 00:00:00"
"25","1","48705.00","2023-12-04 00:00:00","2023-12-13 00:00:00"
"26","1","3940.00","2023-09-05 00:00:00","2023-09-11 00:00:00"
"27","1","14034.00","2023-01-04 00:00:00","2023-01-08 00:00:00"
"28","1","26094.00","2023-07-26 00:00:00","2023-07-29 00:00:00"
"29","1","22294.00","2023-05-08 00:00:00","2023-05-23 00:00:00"
"30","1","522.00","2023-04-14 00:00:00","2023-05-02 00:00:00"
"31","1","642.00","2023-02-09 00:00:00","2023-02-28 00:00:00"
"32","1","67187.00","2023-06-18 00:00:00","2023-07-05 00:00:00"
"33","1","84615.00","2023-02-23 00:00:00","2023-03-17 00:00:00"
"34","1","3311.00","2023-03-29 00:00:00","2023-04-13 00:00:00"
"35","1","40197.00","2023-09-07 00:00:00","2023-09-10 00:00:00"
"36","1","1131.00","2023-10-20 00:00:00","2023-10-29 00:00:00"
"37","1","47577.00","2023-11-19 00:00:00","2023-11-28 00:00:00"
"38","1","705.00","2023-07-02 00:00:00","2023-07-15 00:00:00"
"39","1","940.00","2023-10-21 00:00:00","2023-10-26 00:00:00"
"40","1","24025.00","2023-06-25 00:00:00","2023-07-07 00:00:00"
"41","1","1882.00","2023-05-30 00:00:00","2023-06-12 00:00:00"
"42","1","34237.00","2023-02-14 00:00:00","2023-03-03 00:00:00"
"43","1","53994.00","2023-04-05 00:00:00","2023-04-25 00:00:00"
"44","1","2596.00","2023-08-11 00:00:00","2023-08-25 00:00:00"
"45","1","894.00","2023-01-19 00:00:00","2023-02-05 00:00:00"
"46","1","1355.00","2023-03-04 00:00:00","2023-03-22 00:00:00"
"47","1","8293.00","2023-08-18 00:00:00","2023-08-25 00:00:00"
"48","1","27994.00","2023-03-26 00:00:00","2023-04-22 00:00:00"
"49","1","12911.00","2023-09-25 00:00:00","2023-09-28 00:00:00"
"50","1","1813.00","2023-12-28 00:00:00","2023-12-30 00:00:00"
"51","1","577.00","2023-10-13 00:00:00","2023-11-03 00:00:00"
"52","1","1740.00","2023-09-16 00:00:00","2023-09-16 00:00:00"
"53","1","62186.00","2023-12-20 00:00:00","2024-01-15 00:00:00"
"54","1","27113.00","2023-02-15 00:00:00","2023-02-21 00:00:00"
"55","1","48639.00","2023-06-21 00:00:00","2023-07-20 00:00:00"
"56","1","10166.00","2023-09-29 00:00:00","2023-10-07 00:00:00"
"57","1","220.00","2023-03-06 00:00:00","2023-04-04 00:00:00"
"58","1","1094.00","2023-04-20 00:00:00","2023-04-25 00:00:00"
"59","1","29711.00","2023-08-26 00:00:00","2023-09-21 00:00:00"
"60","1","19232.00","2023-09-27 00:00:00","2023-10-07 00:00:00"
"61","1","27571.00","2023-01-15 00:00:00","2023-02-12 00:00:00"
"62","1","8513.00","2023-02-28 00:00:00","2023-03-29 00:00:00"
"63","1","18589.00","2023-06-22 00:00:00","2023-07-20 00:00:00"
"64","1","33285.00","2023-10-02 00:00:00","2023-10-13 00:00:00"
"65","1","1116.00","2023-11-17 00:00:00","2023-11-29 00:00:00"
"66","1","32459.00","2023-01-06 00:00:00","2023-02-01 00:00:00"
"67","1","9820.00","2023-06-11 00:00:00","2023-06-11 00:00:00"
"68","1","14703.00","2023-07-26 00:00:00","2023-08-13 00:00:00"
"69","1","6257.00","2023-12-05 00:00:00","2023-12-09 00:00:00"
"70","1","495.00","2023-04-13 00:00:00","2023-05-10 00:00:00"
"71","1","24966.00","2023-11-12 00:00:00","2023-12-08 00:00:00"
"72","1","35291.00","2023-07-16 00:00:00","2023-08-14 00:00:00"
"73","1","10448.00","2023-07-30 00:00:00","2023-07-30 00:00:00"
"74","1","5462.00","2023-11-08 00:00:00","2023-11-15 00:00:00"
"75","1","2523.00","2023-10-20 00:00:00","2023-11-12 00:00:00"
"76","1","8251.00","2023-06-22 00:00:00","2023-07-05 00:00:00"
"77","1","1393.00","2023-11-23 00:00:00","2023-12-17 00:00:00"
"78","1","15696.00","2023-07-26 00:00:00","2023-08-08 00:00:00"
"79","1","19487.00","2023-06-12 00:00:00","2023-07-11 00:00:00"
"80","1","48.00","2023-01-11 00:00:00","2023-01-13 00:00:00"
"81","1","3962.00","2023-12-19 00:00:00","2023-12-25 00:00:00"
"82","1","21441.00","2023-10-26 00:00:00","2023-11-15 00:00:00"
"83","1","2298.00","2023-05-30 00:00:00","2023-06-24 00:00:00"
"84","1","6062.00","2023-07-11 00:00:00","2023-07-18 00:00:00"
"85","1","15910.00","2023-07-19 00:00:00","2023-08-06 00:00:00"
"86","1","1117.00","2023-05-26 00:00:00","2023-06-19 00:00:00"
"87","1","47527.00","2023-01-25 00:00:00","2023-01-28 00:00:00"
"88","1","4157.00","2023-05-10 00:00:00","2023-05-25 00:00:00"
"89","1","61730.00","2023-08-11 00:00:00","2023-08-27 00:00:00"
"90","1","18532.00","2023-08-25 00:00:00","2023-08-29 00:00:00"
"91","1","19337.00","2023-04-07 00:00:00","2023-04-22 00:00:00"
"92","1","24548.00","2023-07-14 00:00:00","2023-08-05 00:00:00"
"93","1","20033.00","2023-12-11 00:00:00","2023-12-21 00:00:00"
"94","1","15476.00","2023-06-23 00:00:00","2023-07-10 00:00:00"
"95","1","44747.00","2023-01-07 00:00:00","2023-01-20 00:00:00"
"96","1","3117.00","2023-09-16 00:00:00","2023-10-09 00:00:00"
"97","1","65633.00","2023-07-21 00:00:00","2023-08-10 00:00:00"
"98","1","77167.00","2023-01-08 00:00:00","2023-01-30 00:00:00"
"99","1","20994.00","2023-05-13 00:00:00","2023-05-28 00:00:00"
"100","1","9673.00","2023-03-20 00:00:00","2023-03-20 00:00:00"
"101","2","30377.00","2023-04-13 00:00:00","2023-04-14 00:00:00"
"102","2","58748.00","2023-11-16 00:00:00","2023-11-29 00:00:00"
"103","2","36690.00","2023-06-02 00:00:00","2023-06-06 00:00:00"
"104","2","1056.00","2023-04-29 00:00:00","2023-05-05 00:00:00"
"105","2","18096.00","2023-04-27 00:00:00","2023-05-05 00:00:00"
"106","2","15295.00","2023-11-09 00:00:00","2023-12-04 00:00:00"
"107","2","13464.00","2023-10-24 00:00:00","2023-11-14 00:00:00"
"108","2","4413.00","2023-10-21 00:00:00","2023-10-30 00:00:00"
"109","2","32993.00","2023-07-23 00:00:00","2023-07-29 00:00:00"
"110","2","46032.00","2023-06-23 00:00:00","2023-07-01 00:00:00"
"111","2","43995.00","2023-09-09 00:00:00","2023-10-05 00:00:00"
"112","2","45202.00","2023-05-01 00:00:00","2023-05-25 00:00:00"
"113","2","9372.00","2023-04-03 00:00:00","2023-04-11 00:00:00"
"114","2","8171.00","2023-11-01 00:00:00","2023-11-01 00:00:00"
"115","2","2893.00","2023-12-26 00:00:00","2024-01-09 00:00:00"
"116","2","40789.00","2023-02-13 00:00:00","2023-02-15 00:00:00"
"117","2","3462.00","2023-01-02 00:00:00","2023-01-07 00:00:00"
"118","2","821.00","2023-10-19 00:00:00","2023-11-05 00:00:00"
"119","2","51996.00","2023-02-09 00:00:00","2023-03-05 00:00:00"
"120","2","3476.00","2023-02-15 00:00:00","2023-02-28 00:00:00"
"121","2","476.00","2023-10-17 00:00:00","2023-10-26 00:00:00"
"122","2","29053.00","2023-09-29 00:00:00","2023-10-08 00:00:00"
"123","2","21292.00","2023-12-13 00:00:00","2023-12-27 00:00:00"
"124","2","319.00","2023-01-28 00:00:00","2023-02-12 00:00:00"
"125","2","1439.00","2023-11-07 00:00:00","2023-12-05 00:00:00"
"126","2","17155.00","2023-07-16 00:00:00","2023-08-12 00:00:00"
"127","2","425.00","2023-08-09 00:00:00","2023-08-29 00:00:00"
"128","2","37211.00","2023-10-15 00:00:00","2023-10-29 00:00:00"
"129","2","2210.00","2023-05-24 00:00:00","2023-06-10 00:00:00"
"130","2","32153.00","2023-05-07 00:00:00","2023-05-30 00:00:00"
"131","2","54993.00","2023-11-10 00:00:00","2023-11-20 00:00:00"
"132","2","38099.00","2023-09-01 00:00:00","2023-09-02 00:00:00"
"133","2","808.00","2023-11-21 00:00:00","2023-12-07 00:00:00"
"134","2","19696.00","2023-01-30 00:00:00","2023-02-15 00:00:00"
"135","2","7859.00","2023-09-08 00:00:00","2023-09-17 00:00:00"
"136","2","1392.00","2023-06-08 00:00:00","2023-06-17 00:00:00"
"137","2","4602.00","2023-05-11 00:00:00","2023-05-11 00:00:00"
"138","2","24173.00","2023-03-08 00:00:00","2023-03-23 00:00:00"
"139","2","54189.00","2023-08-11 00:00:00","2023-09-02 00:00:00"
"140","2","5231.00","2023-02-15 00:00:00","2023-02-19 00:00:00"
"141","2","7639.00","2023-06-13 00:00:00","2023-07-09 00:00:00"
"142","2","819.00","2023-10-22 00:00:00","2023-11-06 00:00:00"
"143","2","27944.00","2023-11-10 00:00:00","2023-12-02 00:00:00"
"144","2","1914.00","2023-03-27 00:00:00","2023-04-18 00:00:00"
"145","2","36260.00","2023-10-30 00:00:00","2023-11-23 00:00:00"
"146","2","11645.00","2023-08-19 00:00:00","2023-08-30 00:00:00"
"147","2","13714.00","2023-01-01 00:00:00","2023-01-23 00:00:00"
"148","2","607.00","2023-04-16 00:00:00","2023-04-22 00:00:00"
"149","2","1392.00","2023-01-20 00:00:00","2023-02-06 00:00:00"
"150","2","8196.00","2023-11-19 00:00:00","2023-12-15 00:00:00"
"151","2","31991.00","2023-04-07 00:00:00","2023-04-13 00:00:00"
"152","2","2524.00","2023-11-26 00:00:00","2023-12-01 00:00:00"
"153","2","25698.00","2023-08-31 00:00:00","2023-09-03 00:00:00"
"154","2","5937.00","2023-01-02 00:00:00","2023-01-06 00:00:00"
"155","2","315.00","2023-08-02 00:00:00","2023-08-13 00:00:00"
"156","2","2992.00","2023-04-25 00:00:00","2023-05-11 00:00:00"
"157","2","1863.00","2023-04-06 00:00:00","2023-04-20 00:00:00"
"158","2","37115.00","2023-09-30 00:00:00","2023-10-03 00:00:00"
"159","2","25579.00","2023-05-06 00:00:00","2023-05-08 00:00:00"
"160","2","2784.00","2023-12-02 00:00:00","2023-12-21 00:00:00"
"161","2","1454.00","2023-06-29 00:00:00","2023-07-26 00:00:00"
"162","2","1916.00","2023-06-08 00:00:00","2023-07-06 00:00:00"
"163","2","18834.00","2023-06-14 00:00:00","2023-06-14 00:00:00"
"164","2","3590.00","2023-10-01 00:00:00","2023-10-15 00:00:00"
"165","2","535.00","2023-03-26 00:00:00","2023-04-12 00:00:00"
"166","2","1176.00","2023-11-21 00:00:00","2023-11-24 00:00:00"
"167","2","7784.00","2023-01-14 00:00:00","2023-02-10 00:00:00"
"168","2","37187.00","2023-04-04 00:00:00","2023-04-28 00:00:00"
"169","2","45253.00","2023-12-30 00:00:00","2024-01-10 00:00:00"
"170","2","20894.00","2023-12-14 00:00:00","2024-01-12 00:00:00"
"171","2","32095.00","2023-12-15 00:00:00","2024-01-11 00:00:00"
"172","2","20540.00","2023-05-14 00:00:00","2023-06-06 00:00:00"
"173","2","23794.00","2023-12-13 00:00:00","2024-01-09 00:00:00"
"174","2","717.00","2023-02-28 00:00:00","2023-03-25 00:00:00"
"175","2","18283.00","2023-05-20 00:00:00","2023-06-05 00:00:00"
"176","2","8178.00","2023-11-10 00:00:00","2023-11-27 00:00:00"
"177","2","44114.00","2023-12-02 00:00:00","2023-12-28 00:00:00"
"178","2","14851.00","2023-10-16 00:00:00","2023-10-20 00:00:00"
"179","2","10233.00","2023-11-24 00:00:00","2023-11-30 00:00:00"
"180","2","942.00","2023-06-18 00:00:00","2023-07-14 00:00:00"
"181","2","36053.00","2023-01-18 00:00:00","2023-01-24 00:00:00"
"182","2","12754.00","2023-09-29 00:00:00","2023-10-03 00:00:00"
"183","2","36733.00","2023-09-30 00:00:00","2023-10-15 00:00:00"
"184","2","1704.00","2023-04-21 00:00:00","2023-05-18 00:00:00"
"185","2","769.00","2023-09-05 00:00:00","2023-09-20 00:00:00"
"186","2","36566.00","2023-10-13 00:00:00","2023-10-21 00:00:00"
"187","2","26992.00","2023-09-18 00:00:00","2023-10-03 00:00:00"
"188","2","32983.00","2023-12-11 00:00:00","2023-12-18 00:00:00"
"189","2","2508.00","2023-06-24 00:00:00","2023-06-24 00:00:00"
"190","2","28323.00","2023-04-06 00:00:00","2023-04-09 00:00:00"
"191","2","45166.00","2023-12-22 00:00:00","2024-01-09 00:00:00"
"192","2","477.00","2023-09-06 00:00:00","2023-09-07 00:00:00"
"193","2","2909.00","2023-12-06 00:00:00","2023-12-12 00:00:00"
"194","2","16996.00","2023-08-08 00:00:00","2023-08-27 00:00:00"
"195","2","654.00","2023-10-14 00:00:00","2023-11-08 00:00:00"
"196","2","1520.00","2023-01-27 00:00:00","2023-02-18 00:00:00"
"197","2","36072.00","2023-12-20 00:00:00","2023-12-21 00:00:00"
"198","2","2866.00","2023-07-05 00:00:00","2023-07-23 00:00:00"
"199","2","4191.00","2023-01-30 00:00:00","2023-02-01 00:00:00"
"200","2","64335.00","2023-09-11 00:00:00","2023-10-08 00:00:00"
"201","3","10638.00","2023-05-12 00:00:00","2023-06-06 00:00:00"
"202","3","355.00","2023-04-28 00:00:00","2023-05-19 00:00:00"
"203","3","22637.00","2023-05-17 00:00:00","2023-06-15 00:00:00"
"204","3","3577.00","2023-11-11 00:00:00","2023-12-09 00:00:00"
"205","3","1257.00","2023-07-01 00:00:00","2023-07-27 00:00:00"
"206","3","54012.00","2023-01-03 00:00:00","2023-01-07 00:00:00"
"207","3","3792.00","2023-02-13 00:00:00","2023-02-16 00:00:00"
"208","3","4154.00","2023-04-17 00:00:00","2023-05-05 00:00:00"
"209","3","28487.00","2023-11-02 00:00:00","2023-11-20 00:00:00"
"210","3","2022.00","2023-07-28 00:00:00","2023-08-07 00:00:00"
"211","3","3650.00","2023-08-17 00:00:00","2023-09-15 00:00:00"
"212","3","36870.00","2023-12-04 00:00:00","2023-12-24 00:00:00"
"213","3","56260.00","2023-05-31 00:00:00","2023-06-09 00:00:00"
"214","3","52112.00","2023-09-13 00:00:00","2023-09-19 00:00:00"
"215","3","1118.00","2023-08-04 00:00:00","2023-08-23 00:00:00"
"216","3","18549.00","2023-10-16 00:00:00","2023-10-29 00:00:00"
"217","3","252.00","2023-08-19 00:00:00","2023-08-21 00:00:00"
"218","3","29070.00","2023-07-03 00:00:00","2023-07-25 00:00:00"
"219","3","1436.00","2023-06-06 00:00:00","2023-06-24 00:00:00"
"220","3","695.00","2023-03-14 00:00:00","2023-04-09 00:00:00"
"221","3","13108.00","2023-09-15 00:00:00","2023-09-30 00:00:00"
"222","3","36388.00","2023-07-19 00:00:00","2023-07-23 00:00:00"
"223","3","40917.00","2023-11-28 00:00:00","2023-12-19 00:00:00"
"224","3","19647.00","2023-05-26 00:00:00","2023-06-02 00:00:00"
"225","3","7674.00","2023-06-13 00:00:00","2023-07-02 00:00:00"
"226","3","70166.00","2023-11-27 00:00:00","2023-12-03 00:00:00"
"227","3","4279.00","2023-08-24 00:00:00","2023-09-17 00:00:00"
"228","3","378.00","2023-05-26 00:00:00","2023-06-05 00:00:00"
"229","3","3332.00","2023-06-20 00:00:00","2023-06-25 00:00:00"
"230","3","534.00","2023-04-03 00:00:00","2023-04-25 00:00:00"
"231","3","2756.00","2023-10-09 00:00:00","2023-11-06 00:00:00"
"232","3","25095.00","2023-06-19 00:00:00","2023-06-24 00:00:00"
"233","3","670.00","2023-07-12 00:00:00","2023-08-05 00:00:00"
"234","3","414.00","2023-07-10 00:00:00","2023-07-21 00:00:00"
"235","3","32154.00","2023-03-18 00:00:00","2023-04-05 00:00:00"
"236","3","1775.00","2023-06-02 00:00:00","2023-06-08 00:00:00"
"237","3","14093.00","2023-05-02 00:00:00","2023-05-28 00:00:00"
"238","3","19141.00","2023-11-24 00:00:00","2023-12-02 00:00:00"
"239","3","2896.00","2023-05-03 00:00:00","2023-05-20 00:00:00"
"240","3","3170.00","2023-03-13 00:00:00","2023-03-14 00:00:00"
"241","3","10824.00","2023-02-18 00:00:00","2023-02-23 00:00:00"
"242","3","18182.00","2023-10-15 00:00:00","2023-11-01 00:00:00"
"243","3","44068.00","2023-02-07 00:00:00","2023-03-03 00:00:00"
"244","3","653.00","2023-03-18 00:00:00","2023-03-21 00:00:00"
"245","3","44513.00","2023-03-15 00:00:00","2023-03-29 00:00:00"
"246","3","806.00","2023-09-22 00:00:00","2023-10-15 00:00:00"
"247","3","494.00","2023-03-15 00:00:00","2023-03-16 00:00:00"
"248","3","195.00","2023-12-07 00:00:00","2024-01-02 00:00:00"
"249","3","1090.00","2023-01-12 00:00:00","2023-01-27 00:00:00"
"250","3","9924.00","2023-05-02 00:00:00","2023-05-14 00:00:00"
"251","3","15335.00","2023-12-02 00:00:00","2023-12-17 00:00:00"
"252","3","5606.00","2023-09-15 00:00:00","2023-10-05 00:00:00"
"253","3","45640.00","2023-09-26 00:00:00","2023-10-22 00:00:00"
"254","3","32924.00","2023-02-06 00:00:00","2023-02-11 00:00:00"
"255","3","2038.00","2023-02-06 00:00:00","2023-02-27 00:00:00"
"256","3","654.00","2023-09-27 00:00:00","2023-10-02 00:00:00"
"257","3","20367.00","2023-10-31 00:00:00","2023-11-24 00:00:00"
"258","3","3612.00","2023-05-07 00:00:00","2023-06-04 00:00:00"
"259","3","4052.00","2023-09-05 00:00:00","2023-09-28 00:00:00"
"260","3","9713.00","2023-09-28 00:00:00","2023-10-02 00:00:00"
"261","3","20174.00","2023-05-13 00:00:00","2023-05-20 00:00:00"
"262","3","541.00","2023-05-08 00:00:00","2023-06-02 00:00:00"
"263","3","69779.00","2023-08-08 00:00:00","2023-08-17 00:00:00"
"264","3","32661.00","2023-11-27 00:00:00","2023-11-27 00:00:00"
"265","3","37270.00","2023-04-17 00:00:00","2023-04-27 00:00:00"
"266","3","3425.00","2023-07-12 00:00:00","2023-07-15 00:00:00"
"267","3","12099.00","2023-05-20 00:00:00","2023-06-07 00:00:00"
"268","3","5939.00","2023-11-05 00:00:00","2023-11-06 00:00:00"
"269","3","5669.00","2023-12-18 00:00:00","2024-01-05 00:00:00"
"270","3","35512.00","2023-12-10 00:00:00","2023-12-17 00:00:00"
"271","3","9491.00","2023-04-29 00:00:00","2023-05-18 00:00:00"
"272","3","316.00","2023-09-03 00:00:00","2023-09-23 00:00:00"
"273","3","1035.00","2023-05-26 00:00:00","2023-06-19 00:00:00"
"274","3","30683.00","2023-07-07 00:00:00","2023-07-29 00:00:00"
"275","3","1023.00","2023-05-22 00:00:00","2023-05-31 00:00:00"
"276","3","9197.00","2023-08-25 00:00:00","2023-08-29 00:00:00"
"277","3","35115.00","2023-02-14 00:00:00","2023-03-09 00:00:00"
"278","3","2912.00","2023-01-11 00:00:00","2023-01-28 00:00:00"
"279","3","41994.00","2023-06-22 00:00:00","2023-07-15 00:00:00"
"280","3","620.00","2023-11-20 00:00:00","2023-12-05 00:00:00"
"281","3","683.00","2023-08-26 00:00:00","2023-09-20 00:00:00"
"282","3","29996.00","2023-07-30 00:00:00","2023-08-17 00:00:00"
"283","3","539.00","2023-04-09 00:00:00","2023-05-01 00:00:00"
"284","3","38.00","2023-04-23 00:00:00","2023-05-13 00:00:00"
"285","3","40135.00","2023-07-19 00:00:00","2023-08-04 00:00:00"
"286","3","50865.00","2023-01-06 00:00:00","2023-01-28 00:00:00"
"287","3","31644.00","2023-03-15 00:00:00","2023-03-26 00:00:00"
"288","3","880.00","2023-04-20 00:00:00","2023-05-10 00:00:00"
"289","3","1107.00","2023-02-13 00:00:00","2023-02-21 00:00:00"
"290","3","4818.00","2023-02-06 00:00:00","2023-02-19 00:00:00"
"291","3","79.00","2023-05-13 00:00:00","2023-06-04 00:00:00"
"292","3","44518.00","2023-06-29 00:00:00","2023-07-16 00:00:00"
"293","3","40450.00","2023-05-19 00:00:00","2023-05-24 00:00:00"
"294","3","16232.00","2023-07-07 00:00:00","2023-07-18 00:00:00"
"295","3","13044.00","2023-11-21 00:00:00","2023-12-08 00:00:00"
"296","3","14889.00","2023-06-25 00:00:00","2023-07-23 00:00:00"
"297","3","89383.00","2023-03-25 00:00:00","2023-03-28 00:00:00"
"298","3","33294.00","2023-04-18 00:00:00","2023-05-16 00:00:00"
"299","3","20053.00","2023-09-04 00:00:00","2023-09-21 00:00:00"
"300","3","4668.00","2023-01-20 00:00:00","2023-02-06 00:00:00"
"301","4","33937.00","2023-08-06 00:00:00","2023-08-08 00:00:00"
"302","4","392.00","2023-04-13 00:00:00","2023-04-23 00:00:00"
"303","4","22056.00","2023-03-31 00:00:00","2023-03-31 00:00:00"
"304","4","2405.00","2023-01-21 00:00:00","2023-02-07 00:00:00"
"305","4","26868.00","2023-05-22 00:00:00","2023-06-15 00:00:00"
"306","4","3097.00","2023-01-01 00:00:00","2023-01-25 00:00:00"
"307","4","1991.00","2023-02-17 00:00:00","2023-02-28 00:00:00"
"308","4","47990.00","2023-02-18 00:00:00","2023-03-12 00:00:00"
"309","4","35093.00","2023-12-21 00:00:00","2024-01-17 00:00:00"
"310","4","2470.00","2023-10-04 00:00:00","2023-10-12 00:00:00"
"311","4","7059.00","2023-05-17 00:00:00","2023-05-20 00:00:00"
"312","4","3672.00","2023-01-23 00:00:00","2023-02-09 00:00:00"
"313","4","61808.00","2023-06-26 00:00:00","2023-07-21 00:00:00"
"314","4","1527.00","2023-08-24 00:00:00","2023-09-16 00:00:00"
"315","4","1846.00","2023-04-19 00:00:00","2023-05-05 00:00:00"
"316","4","9217.00","2023-03-28 00:00:00","2023-04-23 00:00:00"
"317","4","12155.00","2023-05-18 00:00:00","2023-06-09 00:00:00"
"318","4","3046.00","2023-11-17 00:00:00","2023-12-03 00:00:00"
"319","4","15603.00","2023-03-06 00:00:00","2023-03-22 00:00:00"
"320","4","37056.00","2023-09-28 00:00:00","2023-10-10 00:00:00"
"321","4","624.00","2023-10-23 00:00:00","2023-11-21 00:00:00"
"322","4","261.00","2023-10-28 00:00:00","2023-10-29 00:00:00"
"323","4","4893.00","2023-12-03 00:00:00","2024-01-01 00:00:00"
"324","4","702.00","2023-01-22 00:00:00","2023-01-29 00:00:00"
"325","4","11999.00","2023-11-28 00:00:00","2023-11-30 00:00:00"
"326","4","30578.00","2023-10-25 00:00:00","2023-10-25 00:00:00"
"327","4","3977.00","2023-12-09 00:00:00","2023-12-19 00:00:00"
"328","4","58457.00","2023-07-21 00:00:00","2023-08-19 00:00:00"
"329","4","24371.00","2023-10-15 00:00:00","2023-10-26 00:00:00"
"330","4","156.00","2023-03-23 00:00:00","2023-03-31 00:00:00"
"331","4","25528.00","2023-04-12 00:00:00","2023-04-29 00:00:00"
"332","4","45871.00","2023-09-11 00:00:00","2023-09-25 00:00:00"
"333","4","20273.00","2023-04-27 00:00:00","2023-05-05 00:00:00"
"334","4","1106.00","2023-02-26 00:00:00","2023-03-20 00:00:00"
"335","4","1617.00","2023-03-30 00:00:00","2023-04-26 00:00:00"
"336","4","48871.00","2023-03-21 00:00:00","2023-04-19 00:00:00"
"337","4","27204.00","2023-06-18 00:00:00","2023-07-17 00:00:00"
"338","4","40133.00","2023-03-30 00:00:00","2023-04-05 00:00:00"
"339","4","18155.00","2023-12-26 00:00:00","2024-01-22 00:00:00"
"340","4","24698.00","2023-02-21 00:00:00","2023-02-23 00:00:00"
"341","4","349.00","2023-01-05 00:00:00","2023-02-02 00:00:00"
"342","4","25709.00","2023-07-12 00:00:00","2023-08-04 00:00:00"
"343","4","26271.00","2023-03-25 00:00:00","2023-04-18 00:00:00"
"344","4","26230.00","2023-08-12 00:00:00","2023-08-16 00:00:00"
"345","4","61239.00","2023-09-17 00:00:00","2023-10-11 00:00:00"
"346","4","39033.00","2023-04-11 00:00:00","2023-05-06 00:00:00"
"347","4","34071.00","2023-09-14 00:00:00","2023-10-07 00:00:00"
"348","4","28489.00","2023-09-29 00:00:00","2023-10-17 00:00:00"
"349","4","47338.00","2023-03-28 00:00:00","2023-03-29 00:00:00"
"350","4","64836.00","2023-06-17 00:00:00","2023-07-02 00:00:00"
"351","4","8303.00","2023-12-07 00:00:00","2023-12-21 00:00:00"
"352","4","4695.00","2023-08-04 00:00:00","2023-08-26 00:00:00"
"353","4","31904.00","2023-03-05 00:00:00","2023-03-15 00:00:00"
"354","4","21877.00","2023-01-08 00:00:00","2023-01-27 00:00:00"
"355","4","9493.00","2023-11-24 00:00:00","2023-12-18 00:00:00"
"356","4","1677.00","2023-12-02 00:00:00","2023-12-03 00:00:00"
"357","4","24204.00","2023-11-06 00:00:00","2023-11-30 00:00:00"
"358","4","45511.00","2023-06-29 00:00:00","2023-07-24 00:00:00"
"359","4","2509.00","2023-07-08 00:00:00","2023-07-28 00:00:00"
"360","4","29239.00","2023-06-05 00:00:00","2023-06-22 00:00:00"
"361","4","20369.00","2023-09-19 00:00:00","2023-10-06 00:00:00"
"362","4","1139.00","2023-09-07 00:00:00","2023-09-25 00:00:00"
"363","4","62646.00","2023-04-13 00:00:00","2023-05-05 00:00:00"
"364","4","647.00","2023-01-30 00:00:00","2023-02-15 00:00:00"
"365","4","30574.00","2023-08-15 00:00:00","2023-09-13 00:00:00"
"366","4","843.00","2023-06-30 00:00:00","2023-07-21 00:00:00"
"367","4","2094.00","2023-10-28 00:00:00","2023-11-25 00:00:00"
"368","4","23996.00","2023-04-21 00:00:00","2023-05-03 00:00:00"
"369","4","9552.00","2023-05-21 00:00:00","2023-06-14 00:00:00"
"370","4","77283.00","2023-12-10 00:00:00","2024-01-05 00:00:00"
"371","4","2232.00","2023-08-17 00:00:00","2023-08-22 00:00:00"
"372","4","35791.00","2023-01-29 00:00:00","2023-02-23 00:00:00"
"373","4","4635.00","2023-04-24 00:00:00","2023-05-15 00:00:00"
"374","4","6467.00","2023-03-19 00:00:00","2023-04-02 00:00:00"
"375","4","1218.00","2023-09-19 00:00:00","2023-10-05 00:00:00"
"376","4","1537.00","2023-05-18 00:00:00","2023-05-19 00:00:00"
"377","4","703.00","2023-01-31 00:00:00","2023-02-20 00:00:00"
"378","4","587.00","2023-11-26 00:00:00","2023-12-02 00:00:00"
"379","4","31340.00","2023-07-17 00:00:00","2023-07-28 00:00:00"
"380","4","19529.00","2023-12-04 00:00:00","2023-12-05 00:00:00"
"381","4","9392.00","2023-11-22 00:00:00","2023-12-17 00:00:00"
"382","4","422.00","2023-04-23 00:00:00","2023-05-05 00:00:00"
"383","4","16878.00","2023-11-13 00:00:00","2023-12-12 00:00:00"
"384","4","2220.00","2023-01-13 00:00:00","2023-01-19 00:00:00"
"385","4","1979.00","2023-08-10 00:00:00","2023-08-10 00:00:00"
"386","4","24341.00","2023-10-20 00:00:00","2023-11-03 00:00:00"
"387","4","12416.00","2023-01-19 00:00:00","2023-02-06 00:00:00"
"388","4","17228.00","2023-10-19 00:00:00","2023-11-14 00:00:00"
"389","4","7713.00","2023-08-01 00:00:00","2023-08-28 00:00:00"
"390","4","413.00","2023-07-26 00:00:00","2023-07-28 00:00:00"
"391","4","15492.00","2023-09-14 00:00:00","2023-10-02 00:00:00"
"392","4","164.00","2023-03-22 00:00:00","2023-04-07 00:00:00"
"393","4","9219.00","2023-06-03 00:00:00","2023-06-03 00:00:00"
"394","4","1203.00","2023-03-08 00:00:00","2023-03-13 00:00:00"
"395","4","5781.00","2023-06-26 00:00:00","2023-07-17 00:00:00"
"396","4","6899.00","2023-05-03 00:00:00","2023-05-11 00:00:00"
"397","4","3769.00","2023-04-13 00:00:00","2023-04-14 00:00:00"
"398","4","652.00","2023-05-05 00:00:00","2023-05-31 00:00:00"
"399","4","6344.00","2023-01-11 00:00:00","2023-01-22 00:00:00"
"400","4","45796.00","2023-04-03 00:00:00","2023-04-15 00:00:00"
"401","5","1960.00","2023-01-08 00:00:00","2023-01-14 00:00:00"
"402","5","28553.00","2023-06-29 00:00:00","2023-07-23 00:00:00"
"403","5","1116.00","2023-04-21 00:00:00","2023-05-07 00:00:00"
"404","5","37031.00","2023-03-21 00:00:00","2023-03-25 00:00:00"
"405","5","253.00","2023-04-01 00:00:00","2023-04-09 00:00:00"
"406","5","3403.00","2023-02-06 00:00:00","2023-03-07 00:00:00"
"407","5","1365.00","2023-07-07 00:00:00","2023-07-07 00:00:00"
"408","5","546.00","2023-07-24 00:00:00","2023-08-22 00:00:00"
"409","5","2999.00","2023-02-25 00:00:00","2023-02-25 00:00:00"
"410","5","613.00","2023-02-07 00:00:00","2023-03-03 00:00:00"
"411","5","8802.00","2023-01-26 00:00:00","2023-02-12 00:00:00"
"412","5","3998.00","2023-07-10 00:00:00","2023-07-31 00:00:00"
"413","5","41024.00","2023-02-09 00:00:00","2023-03-03 00:00:00"
"414","5","9650.00","2023-11-11 00:00:00","2023-11-15 00:00:00"
"415","5","18609.00","2023-11-29 00:00:00","2023-12-27 00:00:00"
"416","5","959.00","2023-05-08 00:00:00","2023-05-31 00:00:00"
"417","5","899.00","2023-09-22 00:00:00","2023-10-07 00:00:00"
"418","5","5581.00","2023-07-21 00:00:00","2023-08-08 00:00:00"
"419","5","40781.00","2023-05-20 00:00:00","2023-05-31 00:00:00"
"420","5","14192.00","2023-05-14 00:00:00","2023-06-04 00:00:00"
"421","5","10131.00","2023-09-07 00:00:00","2023-09-11 00:00:00"
"422","5","334.00","2023-07-24 00:00:00","2023-08-02 00:00:00"
"423","5","25736.00","2023-08-11 00:00:00","2023-08-30 00:00:00"
"424","5","20514.00","2023-02-16 00:00:00","2023-03-16 00:00:00"
"425","5","29727.00","2023-06-22 00:00:00","2023-07-19 00:00:00"
"426","5","21695.00","2023-08-27 00:00:00","2023-08-29 00:00:00"
"427","5","8531.00","2023-01-01 00:00:00","2023-01-14 00:00:00"
"428","5","16491.00","2023-06-29 00:00:00","2023-07-18 00:00:00"
"429","5","8290.00","2023-01-25 00:00:00","2023-02-05 00:00:00"
"430","5","9143.00","2023-05-18 00:00:00","2023-05-27 00:00:00"
"431","5","849.00","2023-05-29 00:00:00","2023-06-11 00:00:00"
"432","5","1486.00","2023-04-14 00:00:00","2023-05-08 00:00:00"
"433","5","54070.00","2023-04-08 00:00:00","2023-04-16 00:00:00"
"434","5","31138.00","2023-11-05 00:00:00","2023-11-18 00:00:00"
"435","5","546.00","2023-07-22 00:00:00","2023-08-06 00:00:00"
"436","5","98.00","2023-07-18 00:00:00","2023-07-31 00:00:00"
"437","5","7179.00","2023-01-06 00:00:00","2023-01-31 00:00:00"
"438","5","45541.00","2023-11-12 00:00:00","2023-11-19 00:00:00"
"439","5","533.00","2023-03-13 00:00:00","2023-03-13 00:00:00"
"440","5","20627.00","2023-02-16 00:00:00","2023-02-26 00:00:00"
"441","5","4356.00","2023-02-24 00:00:00","2023-03-09 00:00:00"
"442","5","48038.00","2023-08-25 00:00:00","2023-09-15 00:00:00"
"443","5","22587.00","2023-09-09 00:00:00","2023-09-24 00:00:00"
"444","5","25342.00","2023-07-14 00:00:00","2023-07-14 00:00:00"
"445","5","12223.00","2023-10-19 00:00:00","2023-11-16 00:00:00"
"446","5","20937.00","2023-11-17 00:00:00","2023-11-30 00:00:00"
"447","5","8212.00","2023-10-03 00:00:00","2023-10-03 00:00:00"
"448","5","14382.00","2023-12-21 00:00:00","2023-12-28 00:00:00"
"449","5","798.00","2023-06-25 00:00:00","2023-06-29 00:00:00"
"450","5","3514.00","2023-11-22 00:00:00","2023-11-25 00:00:00"
"451","5","813.00","2023-11-29 00:00:00","2023-12-19 00:00:00"
"452","5","45490.00","2023-06-21 00:00:00","2023-06-29 00:00:00"
"453","5","38586.00","2023-06-05 00:00:00","2023-06-16 00:00:00"
"454","5","2907.00","2023-07-17 00:00:00","2023-08-06 00:00:00"
"455","5","36817.00","2023-07-31 00:00:00","2023-07-31 00:00:00"
"456","5","25494.00","2023-07-07 00:00:00","2023-07-29 00:00:00"
"457","5","1031.00","2023-07-28 00:00:00","2023-08-05 00:00:00"
"458","5","2290.00","2023-05-25 00:00:00","2023-06-15 00:00:00"
"459","5","556.00","2023-03-10 00:00:00","2023-03-21 00:00:00"
"460","5","589.00","2023-12-21 00:00:00","2024-01-06 00:00:00"
"461","5","12130.00","2023-08-15 00:00:00","2023-08-18 00:00:00"
"462","5","17117.00","2023-11-15 00:00:00","2023-11-16 00:00:00"
"463","5","50382.00","2023-09-24 00:00:00","2023-10-20 00:00:00"
"464","5","227.00","2023-06-27 00:00:00","2023-07-26 00:00:00"
"465","5","38393.00","2023-07-06 00:00:00","2023-07-30 00:00:00"
"466","5","1201.00","2023-10-24 00:00:00","2023-11-02 00:00:00"
"467","5","48387.00","2023-04-02 00:00:00","2023-04-15 00:00:00"
"468","5","72207.00","2023-02-09 00:00:00","2023-03-02 00:00:00"
"469","5","13281.00","2023-06-16 00:00:00","2023-07-12 00:00:00"
"470","5","3609.00","2023-01-06 00:00:00","2023-01-16 00:00:00"
"471","5","16034.00","2023-10-01 00:00:00","2023-10-20 00:00:00"
"472","5","1233.00","2023-03-27 00:00:00","2023-04-14 00:00:00"
"473","5","75457.00","2023-04-13 00:00:00","2023-04-20 00:00:00"
"474","5","78608.00","2023-08-30 00:00:00","2023-09-15 00:00:00"
"475","5","24235.00","2023-05-05 00:00:00","2023-05-17 00:00:00"
"476","5","10439.00","2023-12-28 00:00:00","2023-12-30 00:00:00"
"477","5","36650.00","2023-07-28 00:00:00","2023-07-29 00:00:00"
"478","5","2864.00","2023-11-22 00:00:00","2023-12-01 00:00:00"
"479","5","6347.00","2023-05-03 00:00:00","2023-05-08 00:00:00"
"480","5","5755.00","2023-05-26 00:00:00","2023-06-08 00:00:00"
"481","5","4315.00","2023-03-20 00:00:00","2023-03-30 00:00:00"
"482","5","24445.00","2023-02-13 00:00:00","2023-02-24 00:00:00"
"483","5","205.00","2023-03-07 00:00:00","2023-03-19 00:00:00"
"484","5","1152.00","2023-02-03 00:00:00","2023-02-18 00:00:00"
"485","5","860.00","2023-10-14 00:00:00","2023-10-17 00:00:00"
"486","5","1981.00","2023-02-22 00:00:00","2023-03-16 00:00:00"
"487","5","1070.00","2023-09-05 00:00:00","2023-09-09 00:00:00"
"488","5","4898.00","2023-09-25 00:00:00","2023-10-14 00:00:00"
"489","5","19588.00","2023-12-06 00:00:00","2023-12-21 00:00:00"
"490","5","650.00","2023-05-20 00:00:00","2023-05-29 00:00:00"
"491","5","43014.00","2023-05-06 00:00:00","2023-05-31 00:00:00"
"492","5","4008.00","2023-03-24 00:00:00","2023-04-13 00:00:00"
"493","5","1335.00","2023-08-18 00:00:00","2023-09-14 00:00:00"
"494","5","25379.00","2023-08-06 00:00:00","2023-08-14 00:00:00"
"495","5","1757.00","2023-02-25 00:00:00","2023-03-15 00:00:00"
"496","5","6690.00","2023-12-04 00:00:00","2023-12-19 00:00:00"
"497","5","43008.00","2023-10-27 00:00:00","2023-11-20 00:00:00"
"498","5","1159.00","2023-04-10 00:00:00","2023-05-09 00:00:00"
"499","5","46687.00","2023-04-16 00:00:00","2023-05-13 00:00:00"
"500","5","30612.00","2023-07-02 00:00:00","2023-07-17 00:00:00"
"501","6","19381.00","2023-08-09 00:00:00","2023-08-10 00:00:00"
"502","6","16431.00","2023-01-24 00:00:00","2023-01-24 00:00:00"
"503","6","36161.00","2023-10-11 00:00:00","2023-11-05 00:00:00"
"504","6","19335.00","2023-02-08 00:00:00","2023-02-11 00:00:00"
"505","6","295.00","2023-12-19 00:00:00","2023-12-25 00:00:00"
"506","6","42790.00","2023-10-17 00:00:00","2023-11-04 00:00:00"
"507","6","38458.00","2023-06-24 00:00:00","2023-07-03 00:00:00"
"508","6","2681.00","2023-06-20 00:00:00","2023-07-19 00:00:00"
"509","6","22088.00","2023-09-17 00:00:00","2023-09-25 00:00:00"
"510","6","78689.00","2023-07-15 00:00:00","2023-08-11 00:00:00"
"511","6","376.00","2023-09-08 00:00:00","2023-09-25 00:00:00"
"512","6","725.00","2023-03-01 00:00:00","2023-03-20 00:00:00"
"513","6","300.00","2023-05-23 00:00:00","2023-06-19 00:00:00"
"514","6","6643.00","2023-05-11 00:00:00","2023-05-18 00:00:00"
"515","6","1018.00","2023-03-29 00:00:00","2023-04-22 00:00:00"
"516","6","2709.00","2023-08-05 00:00:00","2023-08-06 00:00:00"
"517","6","1332.00","2023-01-08 00:00:00","2023-01-25 00:00:00"
"518","6","369.00","2023-03-13 00:00:00","2023-04-08 00:00:00"
"519","6","36089.00","2023-01-16 00:00:00","2023-01-23 00:00:00"
"520","6","36784.00","2023-04-07 00:00:00","2023-04-15 00:00:00"
"521","6","11722.00","2023-01-23 00:00:00","2023-01-27 00:00:00"
"522","6","2892.00","2023-07-24 00:00:00","2023-08-20 00:00:00"
"523","6","53448.00","2023-11-13 00:00:00","2023-11-17 00:00:00"
"524","6","9710.00","2023-10-21 00:00:00","2023-10-22 00:00:00"
"525","6","69087.00","2023-01-07 00:00:00","2023-01-11 00:00:00"
"526","6","21473.00","2023-09-26 00:00:00","2023-09-30 00:00:00"
"527","6","20172.00","2023-09-26 00:00:00","2023-10-02 00:00:00"
"528","6","20056.00","2023-08-13 00:00:00","2023-08-17 00:00:00"
"529","6","2450.00","2023-05-19 00:00:00","2023-06-10 00:00:00"
"530","6","3897.00","2023-07-03 00:00:00","2023-07-11 00:00:00"
"531","6","13321.00","2023-03-27 00:00:00","2023-04-13 00:00:00"
"532","6","21679.00","2023-12-22 00:00:00","2024-01-20 00:00:00"
"533","6","5802.00","2023-04-01 00:00:00","2023-04-11 00:00:00"
"534","6","8323.00","2023-01-03 00:00:00","2023-01-18 00:00:00"
"535","6","63007.00","2023-11-09 00:00:00","2023-11-22 00:00:00"
"536","6","68140.00","2023-02-15 00:00:00","2023-03-12 00:00:00"
"537","6","46325.00","2023-05-13 00:00:00","2023-06-02 00:00:00"
"538","6","1770.00","2023-08-27 00:00:00","2023-09-24 00:00:00"
"539","6","1017.00","2023-12-03 00:00:00","2023-12-11 00:00:00"
"540","6","1577.00","2023-04-28 00:00:00","2023-04-30 00:00:00"
"541","6","15926.00","2023-04-22 00:00:00","2023-04-24 00:00:00"
"542","6","3959.00","2023-01-10 00:00:00","2023-02-01 00:00:00"
"543","6","37376.00","2023-01-08 00:00:00","2023-01-23 00:00:00"
"544","6","21369.00","2023-12-15 00:00:00","2024-01-09 00:00:00"
"545","6","333.00","2023-10-27 00:00:00","2023-10-31 00:00:00"
"546","6","588.00","2023-12-03 00:00:00","2023-12-11 00:00:00"
"547","6","3478.00","2023-08-22 00:00:00","2023-09-16 00:00:00"
"548","6","53837.00","2023-03-20 00:00:00","2023-04-07 00:00:00"
"549","6","32072.00","2023-12-17 00:00:00","2023-12-17 00:00:00"
"550","6","401.00","2023-05-23 00:00:00","2023-06-06 00:00:00"
"551","6","1441.00","2023-06-13 00:00:00","2023-06-26 00:00:00"
"552","6","20803.00","2023-02-23 00:00:00","2023-03-11 00:00:00"
"553","6","45113.00","2023-05-10 00:00:00","2023-05-10 00:00:00"
"554","6","39573.00","2023-05-31 00:00:00","2023-06-19 00:00:00"
"555","6","37500.00","2023-05-14 00:00:00","2023-05-24 00:00:00"
"556","6","61056.00","2023-08-10 00:00:00","2023-08-10 00:00:00"
"557","6","2076.00","2023-07-07 00:00:00","2023-07-23 00:00:00"
"558","6","52291.00","2023-06-11 00:00:00","2023-06-22 00:00:00"
"559","6","12291.00","2023-11-27 00:00:00","2023-12-13 00:00:00"
"560","6","4665.00","2023-08-12 00:00:00","2023-08-30 00:00:00"
"561","6","15233.00","2023-08-31 00:00:00","2023-09-24 00:00:00"
"562","6","20095.00","2023-08-31 00:00:00","2023-09-23 00:00:00"
"563","6","45297.00","2023-04-07 00:00:00","2023-04-07 00:00:00"
"564","6","858.00","2023-11-15 00:00:00","2023-12-14 00:00:00"
"565","6","3407.00","2023-05-16 00:00:00","2023-05-25 00:00:00"
"566","6","1918.00","2023-09-14 00:00:00","2023-09-29 00:00:00"
"567","6","28293.00","2023-04-05 00:00:00","2023-04-26 00:00:00"
"568","6","32708.00","2023-12-25 00:00:00","2024-01-03 00:00:00"
"569","6","4014.00","2023-09-15 00:00:00","2023-10-14 00:00:00"
"570","6","9903.00","2023-07-24 00:00:00","2023-07-31 00:00:00"
"571","6","2058.00","2023-01-30 00:00:00","2023-02-15 00:00:00"
"572","6","12283.00","2023-04-18 00:00:00","2023-04-23 00:00:00"
"573","6","18513.00","2023-10-18 00:00:00","2023-10-23 00:00:00"
"574","6","4310.00","2023-08-03 00:00:00","2023-08-16 00:00:00"
"575","6","9629.00","2023-10-31 00:00:00","2023-11-11 00:00:00"
"576","6","115384.00","2023-01-28 00:00:00","2023-02-17 00:00:00"
"577","6","309.00","2023-04-28 00:00:00","2023-05-20 00:00:00"
"578","6","154.00","2023-05-27 00:00:00","2023-06-06 00:00:00"
"579","6","179.00","2023-04-27 00:00:00","2023-04-30 00:00:00"
"580","6","70930.00","2023-09-12 00:00:00","2023-09-24 00:00:00"
"581","6","33898.00","2023-11-30 00:00:00","2023-12-10 00:00:00"
"582","6","12561.00","2023-02-19 00:00:00","2023-03-12 00:00:00"
"583","6","41217.00","2023-09-08 00:00:00","2023-09-18 00:00:00"
"584","6","6333.00","2023-05-05 00:00:00","2023-05-29 00:00:00"
"585","6","554.00","2023-12-31 00:00:00","2024-01-02 00:00:00"
"586","6","1491.00","2023-07-09 00:00:00","2023-07-30 00:00:00"
"587","6","50873.00","2023-06-05 00:00:00","2023-06-10 00:00:00"
"588","6","1794.00","2023-11-07 00:00:00","2023-11-10 00:00:00"
"589","6","765.00","2023-12-09 00:00:00","2023-12-19 00:00:00"
"590","6","1086.00","2023-05-23 00:00:00","2023-06-01 00:00:00"
"591","6","22537.00","2023-07-24 00:00:00","2023-07-28 00:00:00"
"592","6","5912.00","2023-08-01 00:00:00","2023-08-23 00:00:00"
"593","6","27095.00","2023-10-31 00:00:00","2023-11-19 00:00:00"
"594","6","114.00","2023-11-06 00:00:00","2023-11-27 00:00:00"
"595","6","9465.00","2023-11-18 00:00:00","2023-12-16 00:00:00"
"596","6","35030.00","2023-04-07 00:00:00","2023-05-03 00:00:00"
"597","6","63389.00","2023-07-19 00:00:00","2023-07-31 00:00:00"
"598","6","50233.00","2023-08-15 00:00:00","2023-08-26 00:00:00"
"599","6","847.00","2023-03-07 00:00:00","2023-04-01 00:00:00"
"600","6","854.00","2023-08-24 00:00:00","2023-08-31 00:00:00"
"601","7","72136.00","2023-09-15 00:00:00","2023-09-21 00:00:00"
"602","7","36737.00","2023-10-29 00:00:00","2023-11-12 00:00:00"
"603","7","19289.00","2023-05-27 00:00:00","2023-06-01 00:00:00"
"604","7","2693.00","2023-05-26 00:00:00","2023-06-13 00:00:00"
"605","7","12534.00","2023-08-25 00:00:00","2023-09-08 00:00:00"
"606","7","50647.00","2023-10-19 00:00:00","2023-10-19 00:00:00"
"607","7","20640.00","2023-01-19 00:00:00","2023-02-13 00:00:00"
"608","7","28859.00","2023-01-22 00:00:00","2023-01-30 00:00:00"
"609","7","37041.00","2023-09-01 00:00:00","2023-09-06 00:00:00"
"610","7","4140.00","2023-12-22 00:00:00","2023-12-23 00:00:00"
"611","7","3320.00","2023-07-03 00:00:00","2023-07-29 00:00:00"
"612","7","31425.00","2023-08-05 00:00:00","2023-08-16 00:00:00"
"613","7","1637.00","2023-02-15 00:00:00","2023-03-02 00:00:00"
"614","7","7480.00","2023-12-18 00:00:00","2023-12-28 00:00:00"
"615","7","14157.00","2023-07-29 00:00:00","2023-08-17 00:00:00"
"616","7","254.00","2023-05-03 00:00:00","2023-05-15 00:00:00"
"617","7","91046.00","2023-05-17 00:00:00","2023-06-06 00:00:00"
"618","7","28506.00","2023-03-16 00:00:00","2023-04-06 00:00:00"
"619","7","259.00","2023-04-20 00:00:00","2023-04-25 00:00:00"
"620","7","4088.00","2023-12-19 00:00:00","2023-12-27 00:00:00"
"621","7","1314.00","2023-07-31 00:00:00","2023-08-02 00:00:00"
"622","7","1063.00","2023-12-19 00:00:00","2023-12-24 00:00:00"
"623","7","31402.00","2023-09-11 00:00:00","2023-09-18 00:00:00"
"624","7","333.00","2023-11-12 00:00:00","2023-11-23 00:00:00"
"625","7","36030.00","2023-03-05 00:00:00","2023-03-19 00:00:00"
"626","7","38289.00","2023-05-17 00:00:00","2023-06-15 00:00:00"
"627","7","1088.00","2023-03-29 00:00:00","2023-04-08 00:00:00"
"628","7","2041.00","2023-09-12 00:00:00","2023-10-03 00:00:00"
"629","7","306.00","2023-07-11 00:00:00","2023-07-31 00:00:00"
"630","7","8102.00","2023-01-18 00:00:00","2023-02-16 00:00:00"
"631","7","2478.00","2023-01-07 00:00:00","2023-01-23 00:00:00"
"632","7","2332.00","2023-11-01 00:00:00","2023-11-08 00:00:00"
"633","7","8405.00","2023-01-13 00:00:00","2023-01-16 00:00:00"
"634","7","774.00","2023-09-08 00:00:00","2023-10-05 00:00:00"
"635","7","1544.00","2023-09-20 00:00:00","2023-10-11 00:00:00"
"636","7","940.00","2023-05-16 00:00:00","2023-06-13 00:00:00"
"637","7","756.00","2023-05-18 00:00:00","2023-06-09 00:00:00"
"638","7","696.00","2023-05-15 00:00:00","2023-05-31 00:00:00"
"639","7","8864.00","2023-10-01 00:00:00","2023-10-25 00:00:00"
"640","7","6972.00","2023-05-24 00:00:00","2023-05-28 00:00:00"
"641","7","932.00","2023-06-24 00:00:00","2023-07-20 00:00:00"
"642","7","2157.00","2023-12-02 00:00:00","2023-12-06 00:00:00"
"643","7","12457.00","2023-08-08 00:00:00","2023-08-25 00:00:00"
"644","7","8374.00","2023-04-26 00:00:00","2023-05-11 00:00:00"
"645","7","21195.00","2023-12-31 00:00:00","2024-01-10 00:00:00"
"646","7","37863.00","2023-09-19 00:00:00","2023-10-12 00:00:00"
"647","7","33935.00","2023-04-08 00:00:00","2023-05-04 00:00:00"
"648","7","1350.00","2023-03-28 00:00:00","2023-04-04 00:00:00"
"649","7","2489.00","2023-06-17 00:00:00","2023-06-19 00:00:00"
"650","7","20498.00","2023-12-14 00:00:00","2024-01-08 00:00:00"
"651","7","33836.00","2023-05-03 00:00:00","2023-05-04 00:00:00"
"652","7","13233.00","2023-07-22 00:00:00","2023-08-17 00:00:00"
"653","7","26851.00","2023-05-24 00:00:00","2023-05-25 00:00:00"
"654","7","15996.00","2023-08-21 00:00:00","2023-09-06 00:00:00"
"655","7","614.00","2023-03-31 00:00:00","2023-04-08 00:00:00"
"656","7","12007.00","2023-11-23 00:00:00","2023-11-24 00:00:00"
"657","7","27394.00","2023-03-23 00:00:00","2023-04-08 00:00:00"
"658","7","19491.00","2023-01-02 00:00:00","2023-01-08 00:00:00"
"659","7","1905.00","2023-10-17 00:00:00","2023-11-05 00:00:00"
"660","7","2736.00","2023-05-16 00:00:00","2023-05-25 00:00:00"
"661","7","345.00","2023-05-26 00:00:00","2023-05-27 00:00:00"
"662","7","8037.00","2023-04-25 00:00:00","2023-05-18 00:00:00"
"663","7","600.00","2023-10-07 00:00:00","2023-11-01 00:00:00"
"664","7","1714.00","2023-10-25 00:00:00","2023-11-06 00:00:00"
"665","7","982.00","2023-03-10 00:00:00","2023-03-19 00:00:00"
"666","7","30905.00","2023-10-17 00:00:00","2023-11-02 00:00:00"
"667","7","23994.00","2023-03-26 00:00:00","2023-03-27 00:00:00"
"668","7","39545.00","2023-10-06 00:00:00","2023-10-31 00:00:00"
"669","7","3792.00","2023-01-07 00:00:00","2023-01-21 00:00:00"
"670","7","2291.00","2023-10-24 00:00:00","2023-11-20 00:00:00"
"671","7","10969.00","2023-09-29 00:00:00","2023-10-23 00:00:00"
"672","7","7285.00","2023-11-19 00:00:00","2023-12-10 00:00:00"
"673","7","18684.00","2023-07-13 00:00:00","2023-07-27 00:00:00"
"674","7","833.00","2023-06-28 00:00:00","2023-07-19 00:00:00"
"675","7","20338.00","2023-01-29 00:00:00","2023-02-04 00:00:00"
"676","7","12526.00","2023-09-08 00:00:00","2023-09-28 00:00:00"
"677","7","24795.00","2023-12-07 00:00:00","2024-01-04 00:00:00"
"678","7","483.00","2023-09-19 00:00:00","2023-09-26 00:00:00"
"679","7","20391.00","2023-07-03 00:00:00","2023-07-24 00:00:00"
"680","7","25094.00","2023-01-29 00:00:00","2023-02-07 00:00:00"
"681","7","43993.00","2023-03-04 00:00:00","2023-04-01 00:00:00"
"682","7","2056.00","2023-01-30 00:00:00","2023-01-30 00:00:00"
"683","7","18550.00","2023-04-07 00:00:00","2023-05-05 00:00:00"
"684","7","694.00","2023-07-06 00:00:00","2023-07-26 00:00:00"
"685","7","26862.00","2023-11-03 00:00:00","2023-11-22 00:00:00"
"686","7","21393.00","2023-05-20 00:00:00","2023-06-16 00:00:00"
"687","7","32493.00","2023-08-20 00:00:00","2023-09-04 00:00:00"
"688","7","8144.00","2023-08-16 00:00:00","2023-08-22 00:00:00"
"689","7","2834.00","2023-05-21 00:00:00","2023-06-11 00:00:00"
"690","7","16190.00","2023-12-11 00:00:00","2023-12-25 00:00:00"
"691","7","28484.00","2023-05-18 00:00:00","2023-05-26 00:00:00"
"692","7","2230.00","2023-04-06 00:00:00","2023-04-10 00:00:00"
"693","7","113126.00","2023-07-16 00:00:00","2023-07-23 00:00:00"
"694","7","3718.00","2023-05-27 00:00:00","2023-06-08 00:00:00"
"695","7","13281.00","2023-10-17 00:00:00","2023-10-18 00:00:00"
"696","7","4075.00","2023-06-27 00:00:00","2023-07-07 00:00:00"
"697","7","38992.00","2023-03-15 00:00:00","2023-03-15 00:00:00"
"698","7","8356.00","2023-11-22 00:00:00","2023-11-26 00:00:00"
"699","7","21073.00","2023-02-07 00:00:00","2023-02-19 00:00:00"
"700","7","6860.00","2023-06-28 00:00:00","2023-07-03 00:00:00"
"701","8","15073.00","2023-06-08 00:00:00","2023-07-06 00:00:00"
"702","8","64507.00","2023-08-07 00:00:00","2023-09-01 00:00:00"
"703","8","8196.00","2023-06-21 00:00:00","2023-06-24 00:00:00"
"704","8","9056.00","2023-07-28 00:00:00","2023-08-06 00:00:00"
"705","8","16056.00","2023-11-03 00:00:00","2023-11-06 00:00:00"
"706","8","12231.00","2023-11-18 00:00:00","2023-11-19 00:00:00"
"707","8","814.00","2023-02-05 00:00:00","2023-02-11 00:00:00"
"708","8","507.00","2023-09-11 00:00:00","2023-09-15 00:00:00"
"709","8","3162.00","2023-05-02 00:00:00","2023-05-16 00:00:00"
"710","8","47713.00","2023-09-17 00:00:00","2023-10-05 00:00:00"
"711","8","4014.00","2023-11-21 00:00:00","2023-12-05 00:00:00"
"712","8","46071.00","2023-07-21 00:00:00","2023-07-21 00:00:00"
"713","8","2163.00","2023-06-24 00:00:00","2023-06-24 00:00:00"
"714","8","45578.00","2023-08-03 00:00:00","2023-08-08 00:00:00"
"715","8","27117.00","2023-08-12 00:00:00","2023-09-10 00:00:00"
"716","8","33808.00","2023-05-28 00:00:00","2023-06-13 00:00:00"
"717","8","17470.00","2023-06-16 00:00:00","2023-07-12 00:00:00"
"718","8","2883.00","2023-10-16 00:00:00","2023-11-14 00:00:00"
"719","8","12345.00","2023-03-16 00:00:00","2023-04-07 00:00:00"
"720","8","4526.00","2023-12-20 00:00:00","2024-01-09 00:00:00"
"721","8","2621.00","2023-02-16 00:00:00","2023-03-14 00:00:00"
"722","8","7293.00","2023-03-04 00:00:00","2023-03-05 00:00:00"
"723","8","69266.00","2023-12-31 00:00:00","2024-01-15 00:00:00"
"724","8","19720.00","2023-07-14 00:00:00","2023-07-21 00:00:00"
"725","8","4537.00","2023-02-10 00:00:00","2023-03-09 00:00:00"
"726","8","26233.00","2023-10-31 00:00:00","2023-11-12 00:00:00"
"727","8","27084.00","2023-06-18 00:00:00","2023-06-25 00:00:00"
"728","8","573.00","2023-06-07 00:00:00","2023-06-22 00:00:00"
"729","8","21150.00","2023-06-19 00:00:00","2023-06-20 00:00:00"
"730","8","4439.00","2023-08-16 00:00:00","2023-09-14 00:00:00"
"731","8","7195.00","2023-05-10 00:00:00","2023-06-02 00:00:00"
"732","8","2576.00","2023-03-15 00:00:00","2023-03-19 00:00:00"
"733","8","724.00","2023-12-15 00:00:00","2023-12-23 00:00:00"
"734","8","52312.00","2023-10-23 00:00:00","2023-11-13 00:00:00"
"735","8","16217.00","2023-02-25 00:00:00","2023-03-23 00:00:00"
"736","8","36450.00","2023-10-18 00:00:00","2023-11-06 00:00:00"
"737","8","23188.00","2023-11-12 00:00:00","2023-11-15 00:00:00"
"738","8","18346.00","2023-11-15 00:00:00","2023-11-30 00:00:00"
"739","8","337.00","2023-08-10 00:00:00","2023-08-23 00:00:00"
"740","8","28232.00","2023-11-16 00:00:00","2023-11-24 00:00:00"
"741","8","194.00","2023-02-01 00:00:00","2023-02-13 00:00:00"
"742","8","192.00","2023-07-24 00:00:00","2023-08-13 00:00:00"
"743","8","30924.00","2023-02-12 00:00:00","2023-03-07 00:00:00"
"744","8","1839.00","2023-01-23 00:00:00","2023-01-29 00:00:00"
"745","8","9214.00","2023-07-06 00:00:00","2023-07-20 00:00:00"
"746","8","73780.00","2023-06-04 00:00:00","2023-06-06 00:00:00"
"747","8","333.00","2023-02-25 00:00:00","2023-03-16 00:00:00"
"748","8","16563.00","2023-05-21 00:00:00","2023-05-29 00:00:00"
"749","8","32053.00","2023-05-06 00:00:00","2023-06-02 00:00:00"
"750","8","1437.00","2023-04-08 00:00:00","2023-04-29 00:00:00"
"751","8","1132.00","2023-08-31 00:00:00","2023-09-08 00:00:00"
"752","8","14814.00","2023-04-20 00:00:00","2023-04-20 00:00:00"
"753","8","2117.00","2023-03-01 00:00:00","2023-03-13 00:00:00"
"754","8","564.00","2023-06-06 00:00:00","2023-07-02 00:00:00"
"755","8","6927.00","2023-01-09 00:00:00","2023-01-18 00:00:00"
"756","8","7113.00","2023-06-10 00:00:00","2023-07-02 00:00:00"
"757","8","52106.00","2023-06-14 00:00:00","2023-06-16 00:00:00"
"758","8","18489.00","2023-11-17 00:00:00","2023-11-25 00:00:00"
"759","8","5031.00","2023-01-23 00:00:00","2023-02-08 00:00:00"
"760","8","20688.00","2023-08-21 00:00:00","2023-09-12 00:00:00"
"761","8","17139.00","2023-11-14 00:00:00","2023-11-29 00:00:00"
"762","8","1205.00","2023-05-23 00:00:00","2023-06-02 00:00:00"
"763","8","138.00","2023-08-05 00:00:00","2023-08-22 00:00:00"
"764","8","847.00","2023-09-23 00:00:00","2023-10-06 00:00:00"
"765","8","34764.00","2023-07-25 00:00:00","2023-08-05 00:00:00"
"766","8","1592.00","2023-10-17 00:00:00","2023-10-31 00:00:00"
"767","8","24053.00","2023-05-09 00:00:00","2023-06-02 00:00:00"
"768","8","52732.00","2023-11-19 00:00:00","2023-12-05 00:00:00"
"769","8","24364.00","2023-06-08 00:00:00","2023-06-26 00:00:00"
"770","8","46855.00","2023-05-16 00:00:00","2023-05-29 00:00:00"
"771","8","37867.00","2023-03-28 00:00:00","2023-04-12 00:00:00"
"772","8","24629.00","2023-05-25 00:00:00","2023-06-06 00:00:00"
"773","8","4140.00","2023-07-11 00:00:00","2023-08-02 00:00:00"
"774","8","774.00","2023-06-17 00:00:00","2023-07-06 00:00:00"
"775","8","10200.00","2023-10-09 00:00:00","2023-11-06 00:00:00"
"776","8","4019.00","2023-06-25 00:00:00","2023-07-15 00:00:00"
"777","8","14956.00","2023-04-02 00:00:00","2023-04-27 00:00:00"
"778","8","24993.00","2023-11-11 00:00:00","2023-11-16 00:00:00"
"779","8","24650.00","2023-12-06 00:00:00","2024-01-03 00:00:00"
"780","8","15991.00","2023-01-13 00:00:00","2023-01-13 00:00:00"
"781","8","321.00","2023-09-04 00:00:00","2023-09-23 00:00:00"
"782","8","1944.00","2023-10-14 00:00:00","2023-11-03 00:00:00"
"783","8","2306.00","2023-04-21 00:00:00","2023-05-01 00:00:00"
"784","8","1474.00","2023-07-14 00:00:00","2023-07-21 00:00:00"
"785","8","521.00","2023-12-22 00:00:00","2024-01-15 00:00:00"
"786","8","43042.00","2023-09-28 00:00:00","2023-10-07 00:00:00"
"787","8","27084.00","2023-12-27 00:00:00","2024-01-03 00:00:00"
"788","8","11252.00","2023-12-21 00:00:00","2023-12-24 00:00:00"
"789","8","240.00","2023-01-12 00:00:00","2023-01-21 00:00:00"
"790","8","704.00","2023-03-04 00:00:00","2023-03-17 00:00:00"
"791","8","15682.00","2023-07-26 00:00:00","2023-08-24 00:00:00"
"792","8","47866.00","2023-03-09 00:00:00","2023-04-05 00:00:00"
"793","8","27309.00","2023-12-31 00:00:00","2024-01-05 00:00:00"
"794","8","21247.00","2023-02-01 00:00:00","2023-03-01 00:00:00"
"795","8","31445.00","2023-11-25 00:00:00","2023-12-22 00:00:00"
"796","8","858.00","2023-04-22 00:00:00","2023-05-16 00:00:00"
"797","8","591.00","2023-10-09 00:00:00","2023-10-22 00:00:00"
"798","8","976.00","2023-10-06 00:00:00","2023-10-28 00:00:00"
"799","8","21982.00","2023-07-06 00:00:00","2023-08-02 00:00:00"
"800","8","20193.00","2023-12-12 00:00:00","2023-12-30 00:00:00"
"801","9","6312.00","2023-07-16 00:00:00","2023-07-23 00:00:00"
"802","9","20994.00","2023-10-13 00:00:00","2023-10-25 00:00:00"
"803","9","16045.00","2023-04-26 00:00:00","2023-05-06 00:00:00"
"804","9","24878.00","2023-09-16 00:00:00","2023-09-19 00:00:00"
"805","9","6425.00","2023-03-22 00:00:00","2023-03-30 00:00:00"
"806","9","14771.00","2023-05-04 00:00:00","2023-05-27 00:00:00"
"807","9","2955.00","2023-06-05 00:00:00","2023-06-10 00:00:00"
"808","9","1218.00","2023-01-03 00:00:00","2023-01-22 00:00:00"
"809","9","4754.00","2023-05-16 00:00:00","2023-05-26 00:00:00"
"810","9","1956.00","2023-08-07 00:00:00","2023-08-22 00:00:00"
"811","9","48282.00","2023-08-20 00:00:00","2023-08-24 00:00:00"
"812","9","545.00","2023-06-18 00:00:00","2023-06-18 00:00:00"
"813","9","2456.00","2023-09-01 00:00:00","2023-09-10 00:00:00"
"814","9","4862.00","2023-08-22 00:00:00","2023-09-20 00:00:00"
"815","9","41027.00","2023-02-12 00:00:00","2023-02-20 00:00:00"
"816","9","21415.00","2023-12-29 00:00:00","2024-01-04 00:00:00"
"817","9","992.00","2023-07-04 00:00:00","2023-07-19 00:00:00"
"818","9","6602.00","2023-01-14 00:00:00","2023-01-21 00:00:00"
"819","9","16677.00","2023-10-08 00:00:00","2023-10-31 00:00:00"
"820","9","1888.00","2023-12-25 00:00:00","2024-01-07 00:00:00"
"821","9","24995.00","2023-05-08 00:00:00","2023-05-22 00:00:00"
"822","9","9611.00","2023-09-06 00:00:00","2023-10-04 00:00:00"
"823","9","28346.00","2023-04-04 00:00:00","2023-04-12 00:00:00"
"824","9","2083.00","2023-02-18 00:00:00","2023-03-12 00:00:00"
"825","9","12024.00","2023-07-02 00:00:00","2023-07-17 00:00:00"
"826","9","12925.00","2023-05-06 00:00:00","2023-05-18 00:00:00"
"827","9","2851.00","2023-04-08 00:00:00","2023-04-16 00:00:00"
"828","9","51228.00","2023-08-13 00:00:00","2023-08-29 00:00:00"
"829","9","6409.00","2023-11-03 00:00:00","2023-11-17 00:00:00"
"830","9","15958.00","2023-08-05 00:00:00","2023-08-15 00:00:00"
"831","9","38013.00","2023-10-06 00:00:00","2023-10-27 00:00:00"
"832","9","18279.00","2023-10-13 00:00:00","2023-10-23 00:00:00"
"833","9","176.00","2023-12-04 00:00:00","2023-12-10 00:00:00"
"834","9","27269.00","2023-05-18 00:00:00","2023-05-30 00:00:00"
"835","9","5323.00","2023-02-22 00:00:00","2023-03-23 00:00:00"
"836","9","52845.00","2023-08-30 00:00:00","2023-09-14 00:00:00"
"837","9","13008.00","2023-09-10 00:00:00","2023-09-22 00:00:00"
"838","9","24688.00","2023-01-06 00:00:00","2023-01-09 00:00:00"
"839","9","879.00","2023-09-16 00:00:00","2023-09-17 00:00:00"
"840","9","43586.00","2023-02-24 00:00:00","2023-03-18 00:00:00"
"841","9","8953.00","2023-08-18 00:00:00","2023-08-18 00:00:00"
"842","9","2656.00","2023-12-03 00:00:00","2023-12-18 00:00:00"
"843","9","683.00","2023-03-21 00:00:00","2023-03-21 00:00:00"
"844","9","31396.00","2023-06-13 00:00:00","2023-06-17 00:00:00"
"845","9","44024.00","2023-01-28 00:00:00","2023-01-29 00:00:00"
"846","9","2263.00","2023-04-02 00:00:00","2023-04-28 00:00:00"
"847","9","18581.00","2023-02-21 00:00:00","2023-03-19 00:00:00"
"848","9","129.00","2023-04-06 00:00:00","2023-04-26 00:00:00"
"849","9","1428.00","2023-03-11 00:00:00","2023-03-19 00:00:00"
"850","9","219.00","2023-01-26 00:00:00","2023-01-31 00:00:00"
"851","9","31327.00","2023-03-16 00:00:00","2023-04-11 00:00:00"
"852","9","65422.00","2023-08-20 00:00:00","2023-08-27 00:00:00"
"853","9","40171.00","2023-11-06 00:00:00","2023-11-10 00:00:00"
"854","9","11044.00","2023-08-10 00:00:00","2023-08-10 00:00:00"
"855","9","15535.00","2023-12-04 00:00:00","2024-01-01 00:00:00"
"856","9","748.00","2023-11-09 00:00:00","2023-11-27 00:00:00"
"857","9","74608.00","2023-09-08 00:00:00","2023-10-01 00:00:00"
"858","9","5968.00","2023-03-07 00:00:00","2023-04-05 00:00:00"
"859","9","51732.00","2023-10-25 00:00:00","2023-11-21 00:00:00"
"860","9","25771.00","2023-04-10 00:00:00","2023-05-04 00:00:00"
"861","9","326.00","2023-02-27 00:00:00","2023-03-09 00:00:00"
"862","9","7825.00","2023-04-03 00:00:00","2023-04-09 00:00:00"
"863","9","463.00","2023-10-03 00:00:00","2023-10-31 00:00:00"
"864","9","8258.00","2023-03-18 00:00:00","2023-04-16 00:00:00"
"865","9","8397.00","2023-12-15 00:00:00","2024-01-09 00:00:00"
"866","9","35995.00","2023-04-21 00:00:00","2023-04-25 00:00:00"
"867","9","1970.00","2023-05-09 00:00:00","2023-05-12 00:00:00"
"868","9","28218.00","2023-01-10 00:00:00","2023-01-12 00:00:00"
"869","9","2813.00","2023-08-18 00:00:00","2023-08-19 00:00:00"
"870","9","857.00","2023-06-10 00:00:00","2023-06-12 00:00:00"
"871","9","28003.00","2023-02-27 00:00:00","2023-03-09 00:00:00"
"872","9","24381.00","2023-12-21 00:00:00","2024-01-07 00:00:00"
"873","9","53576.00","2023-03-03 00:00:00","2023-03-31 00:00:00"
"874","9","1608.00","2023-06-17 00:00:00","2023-06-25 00:00:00"
"875","9","23609.00","2023-11-19 00:00:00","2023-12-04 00:00:00"
"876","9","45019.00","2023-01-22 00:00:00","2023-02-18 00:00:00"
"877","9","22253.00","2023-06-30 00:00:00","2023-06-30 00:00:00"
"878","9","5390.00","2023-02-01 00:00:00","2023-02-05 00:00:00"
"879","9","27591.00","2023-02-25 00:00:00","2023-02-26 00:00:00"
"880","9","1306.00","2023-01-25 00:00:00","2023-02-08 00:00:00"
"881","9","15332.00","2023-01-23 00:00:00","2023-02-21 00:00:00"
"882","9","16217.00","2023-08-15 00:00:00","2023-08-26 00:00:00"
"883","9","4360.00","2023-02-25 00:00:00","2023-03-08 00:00:00"
"884","9","136.00","2023-09-25 00:00:00","2023-10-01 00:00:00"
"885","9","21193.00","2023-04-26 00:00:00","2023-05-16 00:00:00"
"886","9","21513.00","2023-07-24 00:00:00","2023-08-04 00:00:00"
"887","9","31442.00","2023-12-18 00:00:00","2024-01-03 00:00:00"
"888","9","61050.00","2023-09-03 00:00:00","2023-09-21 00:00:00"
"889","9","1771.00","2023-07-07 00:00:00","2023-07-29 00:00:00"
"890","9","16127.00","2023-12-22 00:00:00","2023-12-24 00:00:00"
"891","9","24793.00","2023-05-26 00:00:00","2023-06-15 00:00:00"
"892","9","608.00","2023-04-21 00:00:00","2023-05-01 00:00:00"
"893","9","288.00","2023-04-13 00:00:00","2023-04-29 00:00:00"
"894","9","978.00","2023-07-13 00:00:00","2023-07-13 00:00:00"
"895","9","3059.00","2023-11-12 00:00:00","2023-11-23 00:00:00"
"896","9","4295.00","2023-04-07 00:00:00","2023-04-20 00:00:00"
"897","9","18178.00","2023-02-25 00:00:00","2023-03-09 00:00:00"
"898","9","75000.00","2023-01-14 00:00:00","2023-01-21 00:00:00"
"899","9","12565.00","2023-09-23 00:00:00","2023-10-04 00:00:00"
"900","9","1718.00","2023-10-01 00:00:00","2023-10-01 00:00:00"
"901","10","46368.00","2023-01-01 00:00:00","2023-01-26 00:00:00"
"902","10","2717.00","2023-02-19 00:00:00","2023-03-06 00:00:00"
"903","10","4397.00","2023-06-13 00:00:00","2023-06-21 00:00:00"
"904","10","2349.00","2023-07-21 00:00:00","2023-08-08 00:00:00"
"905","10","6343.00","2023-05-24 00:00:00","2023-06-16 00:00:00"
"906","10","2876.00","2023-05-17 00:00:00","2023-05-24 00:00:00"
"907","10","24200.00","2023-10-29 00:00:00","2023-11-07 00:00:00"
"908","10","30182.00","2023-06-30 00:00:00","2023-06-30 00:00:00"
"909","10","23292.00","2023-03-09 00:00:00","2023-03-21 00:00:00"
"910","10","1922.00","2023-01-05 00:00:00","2023-01-15 00:00:00"
"911","10","508.00","2023-04-08 00:00:00","2023-04-18 00:00:00"
"912","10","1613.00","2023-10-23 00:00:00","2023-11-10 00:00:00"
"913","10","1164.00","2023-06-08 00:00:00","2023-06-28 00:00:00"
"914","10","35054.00","2023-02-07 00:00:00","2023-02-17 00:00:00"
"915","10","13565.00","2023-10-06 00:00:00","2023-10-30 00:00:00"
"916","10","28673.00","2023-12-30 00:00:00","2024-01-24 00:00:00"
"917","10","2399.00","2023-06-17 00:00:00","2023-06-20 00:00:00"
"918","10","54950.00","2023-06-26 00:00:00","2023-07-23 00:00:00"
"919","10","4340.00","2023-02-07 00:00:00","2023-02-23 00:00:00"
"920","10","6691.00","2023-09-01 00:00:00","2023-09-09 00:00:00"
"921","10","1263.00","2023-08-15 00:00:00","2023-08-26 00:00:00"
"922","10","21590.00","2023-12-22 00:00:00","2023-12-25 00:00:00"
"923","10","9466.00","2023-03-17 00:00:00","2023-03-24 00:00:00"
"924","10","758.00","2023-03-12 00:00:00","2023-04-05 00:00:00"
"925","10","274.00","2023-10-30 00:00:00","2023-11-06 00:00:00"
"926","10","4236.00","2023-10-13 00:00:00","2023-10-18 00:00:00"
"927","10","2235.00","2023-02-11 00:00:00","2023-03-06 00:00:00"
"928","10","645.00","2023-11-17 00:00:00","2023-12-06 00:00:00"
"929","10","17206.00","2023-09-24 00:00:00","2023-09-24 00:00:00"
"930","10","20753.00","2023-03-03 00:00:00","2023-03-14 00:00:00"
"931","10","833.00","2023-01-21 00:00:00","2023-01-31 00:00:00"
"932","10","21092.00","2023-11-09 00:00:00","2023-11-21 00:00:00"
"933","10","968.00","2023-09-20 00:00:00","2023-10-08 00:00:00"
"934","10","4491.00","2023-06-14 00:00:00","2023-07-01 00:00:00"
"935","10","452.00","2023-05-01 00:00:00","2023-05-05 00:00:00"
"936","10","37596.00","2023-04-10 00:00:00","2023-05-01 00:00:00"
"937","10","10608.00","2023-11-12 00:00:00","2023-11-30 00:00:00"
"938","10","680.00","2023-05-16 00:00:00","2023-06-09 00:00:00"
"939","10","402.00","2023-08-31 00:00:00","2023-09-27 00:00:00"
"940","10","3911.00","2023-02-24 00:00:00","2023-02-28 00:00:00"
"941","10","6338.00","2023-08-04 00:00:00","2023-08-20 00:00:00"
"942","10","10443.00","2023-09-27 00:00:00","2023-10-13 00:00:00"
"943","10","4838.00","2023-01-03 00:00:00","2023-01-07 00:00:00"
"944","10","31057.00","2023-06-13 00:00:00","2023-06-26 00:00:00"
"945","10","61689.00","2023-02-10 00:00:00","2023-03-10 00:00:00"
"946","10","20793.00","2023-07-18 00:00:00","2023-07-28 00:00:00"
"947","10","2404.00","2023-11-08 00:00:00","2023-11-16 00:00:00"
"948","10","38476.00","2023-07-09 00:00:00","2023-07-24 00:00:00"
"949","10","47807.00","2023-03-16 00:00:00","2023-03-26 00:00:00"
"950","10","20472.00","2023-04-08 00:00:00","2023-04-15 00:00:00"
"951","10","57178.00","2023-01-21 00:00:00","2023-01-22 00:00:00"
"952","10","294.00","2023-11-07 00:00:00","2023-11-23 00:00:00"
"953","10","217.00","2023-12-22 00:00:00","2024-01-07 00:00:00"
"954","10","6286.00","2023-08-02 00:00:00","2023-08-16 00:00:00"
"955","10","34948.00","2023-12-26 00:00:00","2024-01-15 00:00:00"
"956","10","799.00","2023-09-13 00:00:00","2023-09-17 00:00:00"
"957","10","44589.00","2023-06-13 00:00:00","2023-06-21 00:00:00"
"958","10","1315.00","2023-10-25 00:00:00","2023-10-25 00:00:00"
"959","10","240.00","2023-05-27 00:00:00","2023-05-28 00:00:00"
"960","10","9835.00","2023-09-22 00:00:00","2023-09-29 00:00:00"
"961","10","10032.00","2023-01-23 00:00:00","2023-02-05 00:00:00"
"962","10","1172.00","2023-09-06 00:00:00","2023-09-21 00:00:00"
"963","10","33260.00","2023-02-23 00:00:00","2023-02-27 00:00:00"
"964","10","383.00","2023-08-01 00:00:00","2023-08-11 00:00:00"
"965","10","1243.00","2023-11-24 00:00:00","2023-12-23 00:00:00"
"966","10","58337.00","2023-07-27 00:00:00","2023-08-14 00:00:00"
"967","10","1201.00","2023-03-25 00:00:00","2023-03-26 00:00:00"
"968","10","61460.00","2023-07-23 00:00:00","2023-08-09 00:00:00"
"969","10","52733.00","2023-05-20 00:00:00","2023-06-08 00:00:00"
"970","10","71539.00","2023-07-02 00:00:00","2023-07-04 00:00:00"
"971","10","8730.00","2023-09-22 00:00:00","2023-09-22 00:00:00"
"972","10","36528.00","2023-07-24 00:00:00","2023-08-12 00:00:00"
"973","10","228.00","2023-02-24 00:00:00","2023-03-12 00:00:00"
"974","10","1985.00","2023-11-12 00:00:00","2023-12-06 00:00:00"
"975","10","81773.00","2023-01-08 00:00:00","2023-01-09 00:00:00"
"976","10","434.00","2023-02-05 00:00:00","2023-02-14 00:00:00"
"977","10","30692.00","2023-09-17 00:00:00","2023-09-25 00:00:00"
"978","10","58052.00","2023-11-08 00:00:00","2023-11-14 00:00:00"
"979","10","32049.00","2023-09-26 00:00:00","2023-10-19 00:00:00"
"980","10","3212.00","2023-02-15 00:00:00","2023-03-09 00:00:00"
"981","10","1431.00","2023-03-02 00:00:00","2023-03-22 00:00:00"
"982","10","16139.00","2023-09-15 00:00:00","2023-10-02 00:00:00"
"983","10","88184.00","2023-02-08 00:00:00","2023-03-01 00:00:00"
"984","10","39081.00","2023-04-17 00:00:00","2023-05-07 00:00:00"
"985","10","594.00","2023-10-21 00:00:00","2023-11-05 00:00:00"
"986","10","12989.00","2023-10-14 00:00:00","2023-11-09 00:00:00"
"987","10","40044.00","2023-09-09 00:00:00","2023-09-25 00:00:00"
"988","10","318.00","2023-10-17 00:00:00","2023-10-29 00:00:00"
"989","10","1596.00","2023-08-08 00:00:00","2023-08-12 00:00:00"
"990","10","53407.00","2023-06-10 00:00:00","2023-06-23 00:00:00"
"991","10","3316.00","2023-09-17 00:00:00","2023-10-11 00:00:00"
"992","10","58210.00","2023-08-31 00:00:00","2023-09-19 00:00:00"
"993","10","4151.00","2023-05-12 00:00:00","2023-05-31 00:00:00"
"994","10","65107.00","2023-03-05 00:00:00","2023-03-08 00:00:00"
"995","10","8475.00","2023-10-21 00:00:00","2023-11-12 00:00:00"
"996","10","3731.00","2023-05-17 00:00:00","2023-05-24 00:00:00"
"997","10","6239.00","2023-05-06 00:00:00","2023-05-28 00:00:00"
"998","10","15409.00","2023-10-01 00:00:00","2023-10-30 00:00:00"
"999","10","30111.00","2023-04-21 00:00:00","2023-04-30 00:00:00"
"1000","10","17475.00","2023-05-28 00:00:00","2023-06-14 00:00:00"
"1001","11","32053.00","2023-12-11 00:00:00","2023-12-15 00:00:00"
"1002","11","12387.00","2023-09-25 00:00:00","2023-09-29 00:00:00"
"1003","11","1570.00","2023-04-20 00:00:00","2023-05-15 00:00:00"
"1004","11","1261.00","2023-12-28 00:00:00","2024-01-17 00:00:00"
"1005","11","1666.00","2023-02-18 00:00:00","2023-03-01 00:00:00"
"1006","11","11793.00","2023-10-18 00:00:00","2023-11-16 00:00:00"
"1007","11","40290.00","2023-01-20 00:00:00","2023-01-26 00:00:00"
"1008","11","18596.00","2023-03-02 00:00:00","2023-03-06 00:00:00"
"1009","11","3382.00","2023-09-07 00:00:00","2023-09-14 00:00:00"
"1010","11","342.00","2023-12-02 00:00:00","2023-12-24 00:00:00"
"1011","11","3193.00","2023-01-23 00:00:00","2023-02-09 00:00:00"
"1012","11","38179.00","2023-12-05 00:00:00","2024-01-01 00:00:00"
"1013","11","14166.00","2023-11-22 00:00:00","2023-11-29 00:00:00"
"1014","11","57023.00","2023-10-13 00:00:00","2023-11-11 00:00:00"
"1015","11","9505.00","2023-10-01 00:00:00","2023-10-01 00:00:00"
"1016","11","15930.00","2023-10-01 00:00:00","2023-10-27 00:00:00"
"1017","11","22749.00","2023-03-18 00:00:00","2023-04-09 00:00:00"
"1018","11","862.00","2023-06-24 00:00:00","2023-07-18 00:00:00"
"1019","11","60226.00","2023-10-04 00:00:00","2023-10-27 00:00:00"
"1020","11","4294.00","2023-09-23 00:00:00","2023-10-15 00:00:00"
"1021","11","2466.00","2023-01-11 00:00:00","2023-02-04 00:00:00"
"1022","11","16489.00","2023-03-18 00:00:00","2023-04-13 00:00:00"
"1023","11","1840.00","2023-09-04 00:00:00","2023-09-17 00:00:00"
"1024","11","1283.00","2023-09-11 00:00:00","2023-09-27 00:00:00"
"1025","11","504.00","2023-09-03 00:00:00","2023-09-10 00:00:00"
"1026","11","46235.00","2023-11-04 00:00:00","2023-11-15 00:00:00"
"1027","11","12512.00","2023-09-01 00:00:00","2023-09-08 00:00:00"
"1028","11","1830.00","2023-07-23 00:00:00","2023-08-15 00:00:00"
"1029","11","190.00","2023-10-25 00:00:00","2023-11-16 00:00:00"
"1030","11","1644.00","2023-12-28 00:00:00","2023-12-28 00:00:00"
"1031","11","15998.00","2023-03-16 00:00:00","2023-03-26 00:00:00"
"1032","11","3295.00","2023-04-04 00:00:00","2023-04-08 00:00:00"
"1033","11","42171.00","2023-07-10 00:00:00","2023-07-14 00:00:00"
"1034","11","409.00","2023-12-09 00:00:00","2023-12-10 00:00:00"
"1035","11","45315.00","2023-10-24 00:00:00","2023-11-02 00:00:00"
"1036","11","1245.00","2023-12-08 00:00:00","2024-01-06 00:00:00"
"1037","11","16173.00","2023-01-10 00:00:00","2023-01-19 00:00:00"
"1038","11","12443.00","2023-03-01 00:00:00","2023-03-02 00:00:00"
"1039","11","59503.00","2023-03-20 00:00:00","2023-03-31 00:00:00"
"1040","11","21710.00","2023-08-25 00:00:00","2023-09-16 00:00:00"
"1041","11","3487.00","2023-04-28 00:00:00","2023-05-15 00:00:00"
"1042","11","20530.00","2023-02-10 00:00:00","2023-02-14 00:00:00"
"1043","11","294.00","2023-02-24 00:00:00","2023-03-10 00:00:00"
"1044","11","26571.00","2023-09-16 00:00:00","2023-10-09 00:00:00"
"1045","11","25232.00","2023-08-06 00:00:00","2023-08-13 00:00:00"
"1046","11","4006.00","2023-10-21 00:00:00","2023-11-17 00:00:00"
"1047","11","7524.00","2023-02-03 00:00:00","2023-02-25 00:00:00"
"1048","11","20669.00","2023-07-25 00:00:00","2023-08-16 00:00:00"
"1049","11","23088.00","2023-04-27 00:00:00","2023-05-06 00:00:00"
"1050","11","20894.00","2023-09-16 00:00:00","2023-10-07 00:00:00"
"1051","11","6980.00","2023-03-03 00:00:00","2023-03-09 00:00:00"
"1052","11","33548.00","2023-05-03 00:00:00","2023-05-11 00:00:00"
"1053","11","20633.00","2023-01-19 00:00:00","2023-01-27 00:00:00"
"1054","11","4392.00","2023-01-26 00:00:00","2023-02-03 00:00:00"
"1055","11","1437.00","2023-04-29 00:00:00","2023-05-14 00:00:00"
"1056","11","384.00","2023-06-10 00:00:00","2023-06-19 00:00:00"
"1057","11","32737.00","2023-07-02 00:00:00","2023-07-30 00:00:00"
"1058","11","1786.00","2023-03-06 00:00:00","2023-03-25 00:00:00"
"1059","11","50004.00","2023-02-21 00:00:00","2023-03-01 00:00:00"
"1060","11","26745.00","2023-02-27 00:00:00","2023-03-09 00:00:00"
"1061","11","514.00","2023-10-02 00:00:00","2023-10-07 00:00:00"
"1062","11","553.00","2023-02-23 00:00:00","2023-03-16 00:00:00"
"1063","11","941.00","2023-03-12 00:00:00","2023-03-17 00:00:00"
"1064","11","17216.00","2023-07-28 00:00:00","2023-08-02 00:00:00"
"1065","11","147.00","2023-03-08 00:00:00","2023-03-26 00:00:00"
"1066","11","54127.00","2023-04-20 00:00:00","2023-04-29 00:00:00"
"1067","11","832.00","2023-04-11 00:00:00","2023-04-19 00:00:00"
"1068","11","5053.00","2023-10-26 00:00:00","2023-11-23 00:00:00"
"1069","11","2436.00","2023-11-26 00:00:00","2023-11-28 00:00:00"
"1070","11","19396.00","2023-10-20 00:00:00","2023-10-29 00:00:00"
"1071","11","37857.00","2023-04-21 00:00:00","2023-04-29 00:00:00"
"1072","11","29191.00","2023-12-31 00:00:00","2024-01-20 00:00:00"
"1073","11","6098.00","2023-01-14 00:00:00","2023-02-06 00:00:00"
"1074","11","21616.00","2023-02-20 00:00:00","2023-03-13 00:00:00"
"1075","11","1243.00","2023-12-11 00:00:00","2024-01-02 00:00:00"
"1076","11","11028.00","2023-08-25 00:00:00","2023-08-28 00:00:00"
"1077","11","75339.00","2023-06-03 00:00:00","2023-06-16 00:00:00"
"1078","11","21234.00","2023-05-06 00:00:00","2023-05-14 00:00:00"
"1079","11","12277.00","2023-10-28 00:00:00","2023-11-21 00:00:00"
"1080","11","2891.00","2023-10-26 00:00:00","2023-11-14 00:00:00"
"1081","11","206.00","2023-11-12 00:00:00","2023-12-04 00:00:00"
"1082","11","45754.00","2023-08-29 00:00:00","2023-09-24 00:00:00"
"1083","11","3900.00","2023-08-13 00:00:00","2023-09-06 00:00:00"
"1084","11","30095.00","2023-01-17 00:00:00","2023-02-11 00:00:00"
"1085","11","36083.00","2023-10-22 00:00:00","2023-11-13 00:00:00"
"1086","11","535.00","2023-08-02 00:00:00","2023-08-19 00:00:00"
"1087","11","10752.00","2023-06-05 00:00:00","2023-06-13 00:00:00"
"1088","11","16310.00","2023-05-05 00:00:00","2023-05-27 00:00:00"
"1089","11","5393.00","2023-05-01 00:00:00","2023-05-19 00:00:00"
"1090","11","18424.00","2023-11-21 00:00:00","2023-11-24 00:00:00"
"1091","11","6402.00","2023-09-03 00:00:00","2023-09-11 00:00:00"
"1092","11","1514.00","2023-06-01 00:00:00","2023-06-28 00:00:00"
"1093","11","2917.00","2023-03-19 00:00:00","2023-04-10 00:00:00"
"1094","11","4395.00","2023-01-03 00:00:00","2023-01-05 00:00:00"
"1095","11","18589.00","2023-02-25 00:00:00","2023-03-19 00:00:00"
"1096","11","21096.00","2023-11-16 00:00:00","2023-12-10 00:00:00"
"1097","11","411.00","2023-07-21 00:00:00","2023-07-30 00:00:00"
"1098","11","1926.00","2023-10-22 00:00:00","2023-11-19 00:00:00"
"1099","11","138.00","2023-04-04 00:00:00","2023-04-26 00:00:00"
"1100","11","32462.00","2023-06-02 00:00:00","2023-06-18 00:00:00"
"1101","12","293.00","2023-03-11 00:00:00","2023-03-19 00:00:00"
"1102","12","9037.00","2023-02-04 00:00:00","2023-02-16 00:00:00"
"1103","12","30695.00","2023-09-06 00:00:00","2023-09-28 00:00:00"
"1104","12","45709.00","2023-12-03 00:00:00","2023-12-20 00:00:00"
"1105","12","557.00","2023-01-29 00:00:00","2023-02-14 00:00:00"
"1106","12","8011.00","2023-09-08 00:00:00","2023-09-30 00:00:00"
"1107","12","695.00","2023-03-19 00:00:00","2023-04-01 00:00:00"
"1108","12","12046.00","2023-11-17 00:00:00","2023-11-23 00:00:00"
"1109","12","600.00","2023-02-18 00:00:00","2023-03-18 00:00:00"
"1110","12","39192.00","2023-08-22 00:00:00","2023-08-27 00:00:00"
"1111","12","5688.00","2023-03-02 00:00:00","2023-03-22 00:00:00"
"1112","12","20987.00","2023-12-10 00:00:00","2023-12-11 00:00:00"
"1113","12","18093.00","2023-05-04 00:00:00","2023-05-15 00:00:00"
"1114","12","57586.00","2023-02-13 00:00:00","2023-02-23 00:00:00"
"1115","12","1815.00","2023-09-27 00:00:00","2023-09-28 00:00:00"
"1116","12","28468.00","2023-08-21 00:00:00","2023-09-10 00:00:00"
"1117","12","1786.00","2023-08-13 00:00:00","2023-08-17 00:00:00"
"1118","12","642.00","2023-06-17 00:00:00","2023-07-05 00:00:00"
"1119","12","28178.00","2023-04-23 00:00:00","2023-04-23 00:00:00"
"1120","12","10065.00","2023-03-10 00:00:00","2023-03-18 00:00:00"
"1121","12","3866.00","2023-08-05 00:00:00","2023-08-24 00:00:00"
"1122","12","85489.00","2023-04-18 00:00:00","2023-05-17 00:00:00"
"1123","12","12330.00","2023-10-18 00:00:00","2023-10-29 00:00:00"
"1124","12","33566.00","2023-02-20 00:00:00","2023-03-20 00:00:00"
"1125","12","33129.00","2023-05-07 00:00:00","2023-06-04 00:00:00"
"1126","12","3144.00","2023-11-29 00:00:00","2023-12-24 00:00:00"
"1127","12","25457.00","2023-10-20 00:00:00","2023-11-01 00:00:00"
"1128","12","14525.00","2023-10-01 00:00:00","2023-10-06 00:00:00"
"1129","12","641.00","2023-07-06 00:00:00","2023-07-06 00:00:00"
"1130","12","282.00","2023-05-02 00:00:00","2023-05-04 00:00:00"
"1131","12","22233.00","2023-02-06 00:00:00","2023-03-05 00:00:00"
"1132","12","2159.00","2023-11-29 00:00:00","2023-12-19 00:00:00"
"1133","12","34940.00","2023-10-19 00:00:00","2023-10-29 00:00:00"
"1134","12","7559.00","2023-01-02 00:00:00","2023-01-24 00:00:00"
"1135","12","8676.00","2023-06-10 00:00:00","2023-06-30 00:00:00"
"1136","12","73965.00","2023-08-12 00:00:00","2023-08-14 00:00:00"
"1137","12","30811.00","2023-11-05 00:00:00","2023-12-04 00:00:00"
"1138","12","353.00","2023-06-08 00:00:00","2023-07-05 00:00:00"
"1139","12","3726.00","2023-07-17 00:00:00","2023-08-14 00:00:00"
"1140","12","10081.00","2023-11-26 00:00:00","2023-12-01 00:00:00"
"1141","12","787.00","2023-07-21 00:00:00","2023-08-15 00:00:00"
"1142","12","36170.00","2023-07-19 00:00:00","2023-08-09 00:00:00"
"1143","12","14264.00","2023-01-03 00:00:00","2023-01-12 00:00:00"
"1144","12","28312.00","2023-03-19 00:00:00","2023-03-30 00:00:00"
"1145","12","143.00","2023-01-18 00:00:00","2023-01-25 00:00:00"
"1146","12","1741.00","2023-07-06 00:00:00","2023-08-03 00:00:00"
"1147","12","3368.00","2023-09-04 00:00:00","2023-09-06 00:00:00"
"1148","12","1808.00","2023-11-06 00:00:00","2023-12-02 00:00:00"
"1149","12","1881.00","2023-10-01 00:00:00","2023-10-21 00:00:00"
"1150","12","19290.00","2023-10-20 00:00:00","2023-10-30 00:00:00"
"1151","12","42487.00","2023-12-24 00:00:00","2024-01-21 00:00:00"
"1152","12","28231.00","2023-04-11 00:00:00","2023-05-02 00:00:00"
"1153","12","15158.00","2023-08-08 00:00:00","2023-09-06 00:00:00"
"1154","12","4605.00","2023-03-25 00:00:00","2023-04-22 00:00:00"
"1155","12","985.00","2023-05-18 00:00:00","2023-05-31 00:00:00"
"1156","12","78313.00","2023-01-07 00:00:00","2023-01-21 00:00:00"
"1157","12","27988.00","2023-12-30 00:00:00","2024-01-02 00:00:00"
"1158","12","845.00","2023-09-20 00:00:00","2023-10-09 00:00:00"
"1159","12","381.00","2023-01-04 00:00:00","2023-01-23 00:00:00"
"1160","12","24419.00","2023-04-28 00:00:00","2023-05-18 00:00:00"
"1161","12","21957.00","2023-04-17 00:00:00","2023-04-20 00:00:00"
"1162","12","5940.00","2023-02-12 00:00:00","2023-02-22 00:00:00"
"1163","12","18883.00","2023-12-17 00:00:00","2024-01-07 00:00:00"
"1164","12","54156.00","2023-07-21 00:00:00","2023-08-09 00:00:00"
"1165","12","47149.00","2023-08-25 00:00:00","2023-09-23 00:00:00"
"1166","12","1561.00","2023-08-18 00:00:00","2023-08-21 00:00:00"
"1167","12","28747.00","2023-02-02 00:00:00","2023-02-21 00:00:00"
"1168","12","3385.00","2023-02-26 00:00:00","2023-03-18 00:00:00"
"1169","12","28078.00","2023-06-20 00:00:00","2023-07-04 00:00:00"
"1170","12","937.00","2023-06-29 00:00:00","2023-07-13 00:00:00"
"1171","12","67143.00","2023-08-12 00:00:00","2023-08-16 00:00:00"
"1172","12","13365.00","2023-01-27 00:00:00","2023-02-18 00:00:00"
"1173","12","43883.00","2023-08-18 00:00:00","2023-09-10 00:00:00"
"1174","12","12997.00","2023-02-13 00:00:00","2023-03-02 00:00:00"
"1175","12","863.00","2023-05-09 00:00:00","2023-06-02 00:00:00"
"1176","12","492.00","2023-02-06 00:00:00","2023-02-18 00:00:00"
"1177","12","3323.00","2023-02-07 00:00:00","2023-02-12 00:00:00"
"1178","12","6119.00","2023-11-17 00:00:00","2023-11-22 00:00:00"
"1179","12","64389.00","2023-03-07 00:00:00","2023-03-31 00:00:00"
"1180","12","52505.00","2023-05-03 00:00:00","2023-05-16 00:00:00"
"1181","12","1622.00","2023-06-05 00:00:00","2023-07-01 00:00:00"
"1182","12","29764.00","2023-07-11 00:00:00","2023-07-12 00:00:00"
"1183","12","5323.00","2023-07-29 00:00:00","2023-08-18 00:00:00"
"1184","12","40355.00","2023-05-19 00:00:00","2023-06-02 00:00:00"
"1185","12","3170.00","2023-09-29 00:00:00","2023-10-03 00:00:00"
"1186","12","3411.00","2023-04-16 00:00:00","2023-05-02 00:00:00"
"1187","12","3753.00","2023-06-19 00:00:00","2023-06-23 00:00:00"
"1188","12","7296.00","2023-08-08 00:00:00","2023-08-09 00:00:00"
"1189","12","12517.00","2023-02-26 00:00:00","2023-03-07 00:00:00"
"1190","12","15601.00","2023-02-12 00:00:00","2023-02-21 00:00:00"
"1191","12","30343.00","2023-06-23 00:00:00","2023-06-28 00:00:00"
"1192","12","13239.00","2023-09-15 00:00:00","2023-10-08 00:00:00"
"1193","12","72987.00","2023-10-09 00:00:00","2023-10-09 00:00:00"
"1194","12","1344.00","2023-08-21 00:00:00","2023-08-28 00:00:00"
"1195","12","4340.00","2023-11-12 00:00:00","2023-11-12 00:00:00"
"1196","12","14980.00","2023-11-30 00:00:00","2023-12-19 00:00:00"
"1197","12","256.00","2023-10-09 00:00:00","2023-11-03 00:00:00"
"1198","12","731.00","2023-06-29 00:00:00","2023-07-24 00:00:00"
"1199","12","2810.00","2023-03-29 00:00:00","2023-04-03 00:00:00"
"1200","12","447.00","2023-08-01 00:00:00","2023-08-25 00:00:00"
"1201","13","2640.00","2023-02-27 00:00:00","2023-03-20 00:00:00"
"1202","13","15492.00","2023-05-14 00:00:00","2023-05-22 00:00:00"
"1203","13","28054.00","2023-06-03 00:00:00","2023-06-20 00:00:00"
"1204","13","883.00","2023-06-08 00:00:00","2023-06-15 00:00:00"
"1205","13","7451.00","2023-12-18 00:00:00","2024-01-02 00:00:00"
"1206","13","4601.00","2023-05-18 00:00:00","2023-06-05 00:00:00"
"1207","13","48007.00","2023-07-13 00:00:00","2023-07-22 00:00:00"
"1208","13","1113.00","2023-09-18 00:00:00","2023-09-28 00:00:00"
"1209","13","3953.00","2023-11-03 00:00:00","2023-11-10 00:00:00"
"1210","13","2585.00","2023-05-16 00:00:00","2023-05-23 00:00:00"
"1211","13","264.00","2023-12-27 00:00:00","2023-12-29 00:00:00"
"1212","13","44730.00","2023-11-24 00:00:00","2023-12-13 00:00:00"
"1213","13","516.00","2023-08-14 00:00:00","2023-09-12 00:00:00"
"1214","13","24244.00","2023-03-26 00:00:00","2023-04-16 00:00:00"
"1215","13","60225.00","2023-04-06 00:00:00","2023-04-08 00:00:00"
"1216","13","48557.00","2023-01-19 00:00:00","2023-02-03 00:00:00"
"1217","13","1771.00","2023-09-16 00:00:00","2023-10-09 00:00:00"
"1218","13","9993.00","2023-05-02 00:00:00","2023-05-03 00:00:00"
"1219","13","19495.00","2023-03-07 00:00:00","2023-04-02 00:00:00"
"1220","13","5598.00","2023-09-21 00:00:00","2023-10-14 00:00:00"
"1221","13","18856.00","2023-10-25 00:00:00","2023-11-14 00:00:00"
"1222","13","2642.00","2023-08-22 00:00:00","2023-08-31 00:00:00"
"1223","13","1175.00","2023-03-29 00:00:00","2023-04-05 00:00:00"
"1224","13","45133.00","2023-07-23 00:00:00","2023-08-10 00:00:00"
"1225","13","10111.00","2023-10-27 00:00:00","2023-11-08 00:00:00"
"1226","13","24548.00","2023-05-02 00:00:00","2023-05-22 00:00:00"
"1227","13","32392.00","2023-09-10 00:00:00","2023-09-23 00:00:00"
"1228","13","37667.00","2023-04-22 00:00:00","2023-05-09 00:00:00"
"1229","13","472.00","2023-09-20 00:00:00","2023-10-09 00:00:00"
"1230","13","41372.00","2023-06-18 00:00:00","2023-06-20 00:00:00"
"1231","13","5451.00","2023-06-11 00:00:00","2023-07-09 00:00:00"
"1232","13","59990.00","2023-09-06 00:00:00","2023-09-25 00:00:00"
"1233","13","3593.00","2023-07-02 00:00:00","2023-07-08 00:00:00"
"1234","13","12015.00","2023-07-25 00:00:00","2023-08-11 00:00:00"
"1235","13","1535.00","2023-12-25 00:00:00","2023-12-27 00:00:00"
"1236","13","795.00","2023-03-28 00:00:00","2023-04-03 00:00:00"
"1237","13","2026.00","2023-09-04 00:00:00","2023-09-24 00:00:00"
"1238","13","2234.00","2023-02-13 00:00:00","2023-03-03 00:00:00"
"1239","13","8036.00","2023-04-05 00:00:00","2023-04-05 00:00:00"
"1240","13","2486.00","2023-01-26 00:00:00","2023-02-04 00:00:00"
"1241","13","2960.00","2023-06-21 00:00:00","2023-07-12 00:00:00"
"1242","13","16426.00","2023-04-19 00:00:00","2023-04-19 00:00:00"
"1243","13","693.00","2023-06-26 00:00:00","2023-07-20 00:00:00"
"1244","13","10214.00","2023-02-07 00:00:00","2023-03-06 00:00:00"
"1245","13","8934.00","2023-08-18 00:00:00","2023-08-18 00:00:00"
"1246","13","41927.00","2023-12-04 00:00:00","2023-12-23 00:00:00"
"1247","13","490.00","2023-08-02 00:00:00","2023-08-07 00:00:00"
"1248","13","1404.00","2023-05-12 00:00:00","2023-06-09 00:00:00"
"1249","13","76991.00","2023-11-18 00:00:00","2023-12-16 00:00:00"
"1250","13","612.00","2023-11-13 00:00:00","2023-11-25 00:00:00"
"1251","13","1210.00","2023-02-16 00:00:00","2023-02-24 00:00:00"
"1252","13","14241.00","2023-01-07 00:00:00","2023-02-04 00:00:00"
"1253","13","1880.00","2023-08-17 00:00:00","2023-09-04 00:00:00"
"1254","13","10723.00","2023-08-11 00:00:00","2023-09-01 00:00:00"
"1255","13","1078.00","2023-10-06 00:00:00","2023-10-08 00:00:00"
"1256","13","38669.00","2023-05-16 00:00:00","2023-06-13 00:00:00"
"1257","13","1422.00","2023-01-12 00:00:00","2023-01-25 00:00:00"
"1258","13","2858.00","2023-06-24 00:00:00","2023-07-15 00:00:00"
"1259","13","282.00","2023-05-11 00:00:00","2023-06-02 00:00:00"
"1260","13","996.00","2023-05-16 00:00:00","2023-05-23 00:00:00"
"1261","13","31872.00","2023-03-28 00:00:00","2023-04-12 00:00:00"
"1262","13","61986.00","2023-02-19 00:00:00","2023-03-17 00:00:00"
"1263","13","67137.00","2023-02-24 00:00:00","2023-03-24 00:00:00"
"1264","13","3890.00","2023-12-05 00:00:00","2023-12-07 00:00:00"
"1265","13","1452.00","2023-02-20 00:00:00","2023-03-16 00:00:00"
"1266","13","16494.00","2023-01-16 00:00:00","2023-01-24 00:00:00"
"1267","13","45449.00","2023-02-22 00:00:00","2023-03-08 00:00:00"
"1268","13","1436.00","2023-03-22 00:00:00","2023-03-23 00:00:00"
"1269","13","4200.00","2023-12-21 00:00:00","2023-12-24 00:00:00"
"1270","13","21199.00","2023-04-17 00:00:00","2023-05-08 00:00:00"
"1271","13","3431.00","2023-11-09 00:00:00","2023-12-03 00:00:00"
"1272","13","9276.00","2023-03-09 00:00:00","2023-03-22 00:00:00"
"1273","13","1983.00","2023-09-25 00:00:00","2023-09-27 00:00:00"
"1274","13","11825.00","2023-09-12 00:00:00","2023-10-11 00:00:00"
"1275","13","1067.00","2023-04-13 00:00:00","2023-05-09 00:00:00"
"1276","13","15728.00","2023-03-29 00:00:00","2023-03-29 00:00:00"
"1277","13","27482.00","2023-11-14 00:00:00","2023-12-07 00:00:00"
"1278","13","59052.00","2023-12-04 00:00:00","2023-12-18 00:00:00"
"1279","13","1584.00","2023-10-04 00:00:00","2023-10-15 00:00:00"
"1280","13","37412.00","2023-09-10 00:00:00","2023-09-16 00:00:00"
"1281","13","45494.00","2023-11-16 00:00:00","2023-12-05 00:00:00"
"1282","13","1413.00","2023-10-14 00:00:00","2023-10-26 00:00:00"
"1283","13","434.00","2023-08-26 00:00:00","2023-09-09 00:00:00"
"1284","13","16789.00","2023-01-15 00:00:00","2023-02-10 00:00:00"
"1285","13","48039.00","2023-07-21 00:00:00","2023-08-03 00:00:00"
"1286","13","26594.00","2023-11-15 00:00:00","2023-11-24 00:00:00"
"1287","13","8725.00","2023-01-28 00:00:00","2023-02-20 00:00:00"
"1288","13","9476.00","2023-08-21 00:00:00","2023-08-29 00:00:00"
"1289","13","2166.00","2023-03-09 00:00:00","2023-03-11 00:00:00"
"1290","13","33765.00","2023-10-16 00:00:00","2023-11-09 00:00:00"
"1291","13","3542.00","2023-10-22 00:00:00","2023-10-24 00:00:00"
"1292","13","3457.00","2023-09-02 00:00:00","2023-09-27 00:00:00"
"1293","13","1092.00","2023-02-27 00:00:00","2023-03-24 00:00:00"
"1294","13","1990.00","2023-02-18 00:00:00","2023-03-05 00:00:00"
"1295","13","40712.00","2023-06-22 00:00:00","2023-07-09 00:00:00"
"1296","13","20294.00","2023-03-28 00:00:00","2023-04-23 00:00:00"
"1297","13","62056.00","2023-11-21 00:00:00","2023-11-28 00:00:00"
"1298","13","43286.00","2023-12-22 00:00:00","2024-01-08 00:00:00"
"1299","13","989.00","2023-09-02 00:00:00","2023-09-09 00:00:00"
"1300","13","71542.00","2023-02-12 00:00:00","2023-03-11 00:00:00"
"1301","14","1617.00","2023-04-21 00:00:00","2023-05-04 00:00:00"
"1302","14","712.00","2023-09-10 00:00:00","2023-10-08 00:00:00"
"1303","14","44487.00","2023-01-24 00:00:00","2023-01-27 00:00:00"
"1304","14","30587.00","2023-05-27 00:00:00","2023-06-09 00:00:00"
"1305","14","3341.00","2023-11-27 00:00:00","2023-12-11 00:00:00"
"1306","14","36320.00","2023-01-15 00:00:00","2023-02-10 00:00:00"
"1307","14","7057.00","2023-07-11 00:00:00","2023-07-12 00:00:00"
"1308","14","6256.00","2023-11-22 00:00:00","2023-12-19 00:00:00"
"1309","14","38648.00","2023-12-02 00:00:00","2023-12-15 00:00:00"
"1310","14","19802.00","2023-02-05 00:00:00","2023-03-05 00:00:00"
"1311","14","15172.00","2023-10-20 00:00:00","2023-11-11 00:00:00"
"1312","14","3046.00","2023-12-02 00:00:00","2023-12-26 00:00:00"
"1313","14","19067.00","2023-03-18 00:00:00","2023-04-15 00:00:00"
"1314","14","3895.00","2023-11-20 00:00:00","2023-11-28 00:00:00"
"1315","14","371.00","2023-10-08 00:00:00","2023-10-21 00:00:00"
"1316","14","14574.00","2023-05-09 00:00:00","2023-05-19 00:00:00"
"1317","14","137.00","2023-11-26 00:00:00","2023-12-24 00:00:00"
"1318","14","3493.00","2023-05-24 00:00:00","2023-06-05 00:00:00"
"1319","14","1458.00","2023-12-24 00:00:00","2024-01-16 00:00:00"
"1320","14","17609.00","2023-02-21 00:00:00","2023-03-13 00:00:00"
"1321","14","18497.00","2023-09-20 00:00:00","2023-10-06 00:00:00"
"1322","14","38055.00","2023-12-20 00:00:00","2024-01-06 00:00:00"
"1323","14","8593.00","2023-11-12 00:00:00","2023-11-28 00:00:00"
"1324","14","9167.00","2023-12-21 00:00:00","2024-01-01 00:00:00"
"1325","14","58126.00","2023-08-08 00:00:00","2023-09-01 00:00:00"
"1326","14","28162.00","2023-11-05 00:00:00","2023-11-20 00:00:00"
"1327","14","4134.00","2023-11-29 00:00:00","2023-12-12 00:00:00"
"1328","14","23694.00","2023-12-27 00:00:00","2024-01-17 00:00:00"
"1329","14","3425.00","2023-02-25 00:00:00","2023-03-24 00:00:00"
"1330","14","30125.00","2023-11-27 00:00:00","2023-12-21 00:00:00"
"1331","14","3051.00","2023-03-02 00:00:00","2023-03-25 00:00:00"
"1332","14","1533.00","2023-08-25 00:00:00","2023-09-11 00:00:00"
"1333","14","42855.00","2023-04-10 00:00:00","2023-04-11 00:00:00"
"1334","14","1998.00","2023-08-27 00:00:00","2023-09-24 00:00:00"
"1335","14","324.00","2023-04-03 00:00:00","2023-05-02 00:00:00"
"1336","14","14293.00","2023-03-03 00:00:00","2023-03-12 00:00:00"
"1337","14","759.00","2023-11-14 00:00:00","2023-11-21 00:00:00"
"1338","14","51068.00","2023-03-26 00:00:00","2023-04-23 00:00:00"
"1339","14","329.00","2023-11-19 00:00:00","2023-11-27 00:00:00"
"1340","14","33208.00","2023-08-20 00:00:00","2023-08-30 00:00:00"
"1341","14","13669.00","2023-10-11 00:00:00","2023-10-11 00:00:00"
"1342","14","663.00","2023-05-14 00:00:00","2023-06-07 00:00:00"
"1343","14","12658.00","2023-07-18 00:00:00","2023-08-05 00:00:00"
"1344","14","18235.00","2023-03-22 00:00:00","2023-03-27 00:00:00"
"1345","14","732.00","2023-05-24 00:00:00","2023-06-05 00:00:00"
"1346","14","67557.00","2023-03-01 00:00:00","2023-03-22 00:00:00"
"1347","14","45691.00","2023-10-04 00:00:00","2023-10-21 00:00:00"
"1348","14","6680.00","2023-01-20 00:00:00","2023-02-10 00:00:00"
"1349","14","295.00","2023-07-25 00:00:00","2023-08-09 00:00:00"
"1350","14","194.00","2023-06-12 00:00:00","2023-06-21 00:00:00"
"1351","14","757.00","2023-12-08 00:00:00","2023-12-27 00:00:00"
"1352","14","27321.00","2023-07-16 00:00:00","2023-08-08 00:00:00"
"1353","14","3970.00","2023-02-14 00:00:00","2023-03-11 00:00:00"
"1354","14","197.00","2023-04-20 00:00:00","2023-04-29 00:00:00"
"1355","14","33028.00","2023-03-20 00:00:00","2023-04-04 00:00:00"
"1356","14","294.00","2023-03-30 00:00:00","2023-04-19 00:00:00"
"1357","14","50289.00","2023-12-03 00:00:00","2023-12-14 00:00:00"
"1358","14","85681.00","2023-07-01 00:00:00","2023-07-11 00:00:00"
"1359","14","1794.00","2023-05-03 00:00:00","2023-05-29 00:00:00"
"1360","14","175.00","2023-12-12 00:00:00","2023-12-12 00:00:00"
"1361","14","6709.00","2023-07-29 00:00:00","2023-08-11 00:00:00"
"1362","14","27201.00","2023-03-03 00:00:00","2023-03-08 00:00:00"
"1363","14","727.00","2023-09-07 00:00:00","2023-10-06 00:00:00"
"1364","14","48993.00","2023-04-28 00:00:00","2023-05-05 00:00:00"
"1365","14","3988.00","2023-04-14 00:00:00","2023-04-14 00:00:00"
"1366","14","365.00","2023-12-03 00:00:00","2023-12-12 00:00:00"
"1367","14","55705.00","2023-08-04 00:00:00","2023-08-25 00:00:00"
"1368","14","6785.00","2023-01-03 00:00:00","2023-01-31 00:00:00"
"1369","14","27213.00","2023-09-23 00:00:00","2023-10-12 00:00:00"
"1370","14","29002.00","2023-05-27 00:00:00","2023-06-19 00:00:00"
"1371","14","6815.00","2023-11-28 00:00:00","2023-12-02 00:00:00"
"1372","14","41732.00","2023-06-25 00:00:00","2023-07-09 00:00:00"
"1373","14","28248.00","2023-11-23 00:00:00","2023-12-04 00:00:00"
"1374","14","3463.00","2023-06-17 00:00:00","2023-06-20 00:00:00"
"1375","14","1851.00","2023-06-01 00:00:00","2023-06-21 00:00:00"
"1376","14","4202.00","2023-01-01 00:00:00","2023-01-14 00:00:00"
"1377","14","16015.00","2023-09-23 00:00:00","2023-10-13 00:00:00"
"1378","14","36321.00","2023-01-14 00:00:00","2023-01-24 00:00:00"
"1379","14","8528.00","2023-10-10 00:00:00","2023-10-17 00:00:00"
"1380","14","119.00","2023-11-24 00:00:00","2023-12-08 00:00:00"
"1381","14","30488.00","2023-10-26 00:00:00","2023-11-08 00:00:00"
"1382","14","20882.00","2023-08-09 00:00:00","2023-08-30 00:00:00"
"1383","14","31232.00","2023-05-04 00:00:00","2023-05-04 00:00:00"
"1384","14","31708.00","2023-08-18 00:00:00","2023-09-11 00:00:00"
"1385","14","28339.00","2023-11-25 00:00:00","2023-12-14 00:00:00"
"1386","14","7058.00","2023-09-03 00:00:00","2023-09-06 00:00:00"
"1387","14","34281.00","2023-12-18 00:00:00","2023-12-23 00:00:00"
"1388","14","55366.00","2023-02-24 00:00:00","2023-03-07 00:00:00"
"1389","14","5387.00","2023-08-13 00:00:00","2023-08-21 00:00:00"
"1390","14","1138.00","2023-10-08 00:00:00","2023-10-14 00:00:00"
"1391","14","4122.00","2023-06-29 00:00:00","2023-07-19 00:00:00"
"1392","14","527.00","2023-05-07 00:00:00","2023-05-16 00:00:00"
"1393","14","2733.00","2023-10-31 00:00:00","2023-11-23 00:00:00"
"1394","14","38277.00","2023-09-10 00:00:00","2023-10-03 00:00:00"
"1395","14","34116.00","2023-04-27 00:00:00","2023-05-06 00:00:00"
"1396","14","689.00","2023-01-05 00:00:00","2023-01-11 00:00:00"
"1397","14","12403.00","2023-10-21 00:00:00","2023-11-14 00:00:00"
"1398","14","45076.00","2023-04-07 00:00:00","2023-04-12 00:00:00"
"1399","14","1726.00","2023-04-04 00:00:00","2023-04-23 00:00:00"
"1400","14","14094.00","2023-04-20 00:00:00","2023-05-19 00:00:00"
"1401","15","25071.00","2023-09-15 00:00:00","2023-09-23 00:00:00"
"1402","15","22576.00","2023-04-09 00:00:00","2023-04-23 00:00:00"
"1403","15","28325.00","2023-06-05 00:00:00","2023-06-17 00:00:00"
"1404","15","2166.00","2023-01-13 00:00:00","2023-02-06 00:00:00"
"1405","15","16482.00","2023-11-16 00:00:00","2023-11-30 00:00:00"
"1406","15","2764.00","2023-04-24 00:00:00","2023-05-08 00:00:00"
"1407","15","2024.00","2023-03-09 00:00:00","2023-04-07 00:00:00"
"1408","15","9289.00","2023-11-28 00:00:00","2023-12-04 00:00:00"
"1409","15","3693.00","2023-10-15 00:00:00","2023-11-10 00:00:00"
"1410","15","486.00","2023-08-26 00:00:00","2023-09-08 00:00:00"
"1411","15","1457.00","2023-06-08 00:00:00","2023-07-06 00:00:00"
"1412","15","28739.00","2023-12-09 00:00:00","2024-01-04 00:00:00"
"1413","15","3778.00","2023-06-14 00:00:00","2023-07-03 00:00:00"
"1414","15","14687.00","2023-06-20 00:00:00","2023-07-12 00:00:00"
"1415","15","36545.00","2023-08-26 00:00:00","2023-09-02 00:00:00"
"1416","15","15273.00","2023-08-11 00:00:00","2023-08-12 00:00:00"
"1417","15","13016.00","2023-02-15 00:00:00","2023-02-25 00:00:00"
"1418","15","39085.00","2023-10-18 00:00:00","2023-10-27 00:00:00"
"1419","15","30792.00","2023-04-21 00:00:00","2023-04-26 00:00:00"
"1420","15","3131.00","2023-02-17 00:00:00","2023-03-04 00:00:00"
"1421","15","3790.00","2023-10-03 00:00:00","2023-10-22 00:00:00"
"1422","15","20289.00","2023-10-24 00:00:00","2023-10-28 00:00:00"
"1423","15","4413.00","2023-09-19 00:00:00","2023-10-06 00:00:00"
"1424","15","16072.00","2023-08-31 00:00:00","2023-09-07 00:00:00"
"1425","15","9993.00","2023-01-13 00:00:00","2023-01-26 00:00:00"
"1426","15","3565.00","2023-01-07 00:00:00","2023-01-22 00:00:00"
"1427","15","36056.00","2023-12-16 00:00:00","2023-12-26 00:00:00"
"1428","15","72933.00","2023-10-30 00:00:00","2023-11-26 00:00:00"
"1429","15","4850.00","2023-08-16 00:00:00","2023-09-08 00:00:00"
"1430","15","2286.00","2023-07-12 00:00:00","2023-07-13 00:00:00"
"1431","15","920.00","2023-11-28 00:00:00","2023-12-04 00:00:00"
"1432","15","9612.00","2023-01-07 00:00:00","2023-01-08 00:00:00"
"1433","15","3875.00","2023-05-16 00:00:00","2023-05-30 00:00:00"
"1434","15","4092.00","2023-04-12 00:00:00","2023-05-03 00:00:00"
"1435","15","4640.00","2023-12-27 00:00:00","2023-12-31 00:00:00"
"1436","15","2192.00","2023-03-20 00:00:00","2023-04-12 00:00:00"
"1437","15","1693.00","2023-06-11 00:00:00","2023-06-21 00:00:00"
"1438","15","1313.00","2023-05-30 00:00:00","2023-06-24 00:00:00"
"1439","15","1675.00","2023-02-20 00:00:00","2023-02-21 00:00:00"
"1440","15","57687.00","2023-02-11 00:00:00","2023-03-06 00:00:00"
"1441","15","40091.00","2023-11-17 00:00:00","2023-12-07 00:00:00"
"1442","15","36201.00","2023-12-25 00:00:00","2024-01-21 00:00:00"
"1443","15","31735.00","2023-08-25 00:00:00","2023-09-23 00:00:00"
"1444","15","864.00","2023-12-29 00:00:00","2024-01-02 00:00:00"
"1445","15","18972.00","2023-11-29 00:00:00","2023-12-02 00:00:00"
"1446","15","3697.00","2023-02-27 00:00:00","2023-03-11 00:00:00"
"1447","15","64766.00","2023-12-26 00:00:00","2024-01-19 00:00:00"
"1448","15","18780.00","2023-12-28 00:00:00","2024-01-15 00:00:00"
"1449","15","752.00","2023-12-18 00:00:00","2024-01-02 00:00:00"
"1450","15","1683.00","2023-10-27 00:00:00","2023-11-01 00:00:00"
"1451","15","4895.00","2023-03-06 00:00:00","2023-03-31 00:00:00"
"1452","15","61463.00","2023-04-21 00:00:00","2023-04-27 00:00:00"
"1453","15","446.00","2023-08-13 00:00:00","2023-08-29 00:00:00"
"1454","15","16299.00","2023-01-15 00:00:00","2023-01-18 00:00:00"
"1455","15","25154.00","2023-07-01 00:00:00","2023-07-27 00:00:00"
"1456","15","141.00","2023-11-16 00:00:00","2023-12-05 00:00:00"
"1457","15","13511.00","2023-11-17 00:00:00","2023-12-06 00:00:00"
"1458","15","3941.00","2023-08-08 00:00:00","2023-09-02 00:00:00"
"1459","15","5002.00","2023-04-06 00:00:00","2023-04-19 00:00:00"
"1460","15","28991.00","2023-09-07 00:00:00","2023-09-07 00:00:00"
"1461","15","1186.00","2023-05-27 00:00:00","2023-06-20 00:00:00"
"1462","15","32173.00","2023-03-30 00:00:00","2023-04-06 00:00:00"
"1463","15","18422.00","2023-07-16 00:00:00","2023-08-08 00:00:00"
"1464","15","535.00","2023-08-15 00:00:00","2023-08-30 00:00:00"
"1465","15","77589.00","2023-01-31 00:00:00","2023-02-07 00:00:00"
"1466","15","45230.00","2023-03-26 00:00:00","2023-03-31 00:00:00"
"1467","15","18292.00","2023-08-16 00:00:00","2023-09-05 00:00:00"
"1468","15","1617.00","2023-01-19 00:00:00","2023-02-06 00:00:00"
"1469","15","27792.00","2023-03-26 00:00:00","2023-04-18 00:00:00"
"1470","15","36314.00","2023-11-14 00:00:00","2023-11-30 00:00:00"
"1471","15","756.00","2023-07-25 00:00:00","2023-08-21 00:00:00"
"1472","15","1090.00","2023-08-11 00:00:00","2023-08-29 00:00:00"
"1473","15","20672.00","2023-10-11 00:00:00","2023-10-25 00:00:00"
"1474","15","58417.00","2023-03-26 00:00:00","2023-04-19 00:00:00"
"1475","15","36641.00","2023-01-11 00:00:00","2023-01-31 00:00:00"
"1476","15","2201.00","2023-06-23 00:00:00","2023-06-26 00:00:00"
"1477","15","6798.00","2023-09-12 00:00:00","2023-10-10 00:00:00"
"1478","15","2599.00","2023-09-28 00:00:00","2023-10-09 00:00:00"
"1479","15","2630.00","2023-01-18 00:00:00","2023-01-23 00:00:00"
"1480","15","1191.00","2023-05-16 00:00:00","2023-06-06 00:00:00"
"1481","15","721.00","2023-12-19 00:00:00","2024-01-09 00:00:00"
"1482","15","2206.00","2023-06-02 00:00:00","2023-06-26 00:00:00"
"1483","15","18232.00","2023-11-06 00:00:00","2023-11-21 00:00:00"
"1484","15","419.00","2023-06-11 00:00:00","2023-06-11 00:00:00"
"1485","15","47223.00","2023-04-30 00:00:00","2023-05-23 00:00:00"
"1486","15","52386.00","2023-04-06 00:00:00","2023-04-30 00:00:00"
"1487","15","44344.00","2023-09-23 00:00:00","2023-09-28 00:00:00"
"1488","15","7912.00","2023-08-24 00:00:00","2023-09-14 00:00:00"
"1489","15","1116.00","2023-03-04 00:00:00","2023-04-02 00:00:00"
"1490","15","3712.00","2023-04-24 00:00:00","2023-04-25 00:00:00"
"1491","15","50327.00","2023-07-25 00:00:00","2023-07-30 00:00:00"
"1492","15","24255.00","2023-03-23 00:00:00","2023-04-16 00:00:00"
"1493","15","16237.00","2023-01-28 00:00:00","2023-02-22 00:00:00"
"1494","15","447.00","2023-12-05 00:00:00","2023-12-12 00:00:00"
"1495","15","29675.00","2023-07-21 00:00:00","2023-08-01 00:00:00"
"1496","15","4050.00","2023-09-16 00:00:00","2023-10-02 00:00:00"
"1497","15","28053.00","2023-04-28 00:00:00","2023-05-19 00:00:00"
"1498","15","47993.00","2023-02-21 00:00:00","2023-03-20 00:00:00"
"1499","15","137.00","2023-04-12 00:00:00","2023-04-12 00:00:00"
"1500","15","257.00","2023-06-30 00:00:00","2023-07-24 00:00:00"
"1501","16","45469.00","2023-06-21 00:00:00","2023-07-11 00:00:00"
"1502","16","105.00","2023-02-23 00:00:00","2023-03-21 00:00:00"
"1503","16","8152.00","2023-04-23 00:00:00","2023-05-14 00:00:00"
"1504","16","1578.00","2023-01-05 00:00:00","2023-01-14 00:00:00"
"1505","16","3143.00","2023-10-03 00:00:00","2023-10-24 00:00:00"
"1506","16","3291.00","2023-02-16 00:00:00","2023-03-04 00:00:00"
"1507","16","13404.00","2023-05-23 00:00:00","2023-06-16 00:00:00"
"1508","16","704.00","2023-01-27 00:00:00","2023-01-28 00:00:00"
"1509","16","22536.00","2023-12-25 00:00:00","2024-01-14 00:00:00"
"1510","16","822.00","2023-12-10 00:00:00","2023-12-20 00:00:00"
"1511","16","8386.00","2023-09-29 00:00:00","2023-10-07 00:00:00"
"1512","16","395.00","2023-06-29 00:00:00","2023-07-10 00:00:00"
"1513","16","10433.00","2023-12-27 00:00:00","2024-01-19 00:00:00"
"1514","16","55889.00","2023-02-25 00:00:00","2023-03-16 00:00:00"
"1515","16","6798.00","2023-06-05 00:00:00","2023-06-05 00:00:00"
"1516","16","1054.00","2023-04-04 00:00:00","2023-04-11 00:00:00"
"1517","16","6235.00","2023-11-04 00:00:00","2023-12-02 00:00:00"
"1518","16","28091.00","2023-05-29 00:00:00","2023-06-04 00:00:00"
"1519","16","10513.00","2023-12-26 00:00:00","2024-01-13 00:00:00"
"1520","16","1053.00","2023-03-31 00:00:00","2023-04-26 00:00:00"
"1521","16","655.00","2023-08-07 00:00:00","2023-08-14 00:00:00"
"1522","16","2555.00","2023-11-09 00:00:00","2023-11-25 00:00:00"
"1523","16","4591.00","2023-03-06 00:00:00","2023-04-01 00:00:00"
"1524","16","47852.00","2023-05-16 00:00:00","2023-05-23 00:00:00"
"1525","16","1245.00","2023-07-23 00:00:00","2023-07-26 00:00:00"
"1526","16","205.00","2023-05-03 00:00:00","2023-05-05 00:00:00"
"1527","16","44107.00","2023-01-09 00:00:00","2023-02-07 00:00:00"
"1528","16","196.00","2023-02-05 00:00:00","2023-02-10 00:00:00"
"1529","16","28982.00","2023-12-12 00:00:00","2024-01-10 00:00:00"
"1530","16","2361.00","2023-05-19 00:00:00","2023-05-19 00:00:00"
"1531","16","3590.00","2023-10-25 00:00:00","2023-11-15 00:00:00"
"1532","16","6029.00","2023-01-19 00:00:00","2023-01-25 00:00:00"
"1533","16","16114.00","2023-03-07 00:00:00","2023-03-13 00:00:00"
"1534","16","21792.00","2023-09-15 00:00:00","2023-10-08 00:00:00"
"1535","16","4026.00","2023-09-01 00:00:00","2023-09-06 00:00:00"
"1536","16","4030.00","2023-09-18 00:00:00","2023-10-10 00:00:00"
"1537","16","35240.00","2023-01-15 00:00:00","2023-01-20 00:00:00"
"1538","16","4471.00","2023-10-18 00:00:00","2023-10-22 00:00:00"
"1539","16","5496.00","2023-03-01 00:00:00","2023-03-13 00:00:00"
"1540","16","37796.00","2023-05-23 00:00:00","2023-06-13 00:00:00"
"1541","16","2360.00","2023-07-28 00:00:00","2023-08-07 00:00:00"
"1542","16","50782.00","2023-09-05 00:00:00","2023-09-26 00:00:00"
"1543","16","669.00","2023-02-21 00:00:00","2023-02-23 00:00:00"
"1544","16","9687.00","2023-11-14 00:00:00","2023-11-15 00:00:00"
"1545","16","90630.00","2023-01-16 00:00:00","2023-02-07 00:00:00"
"1546","16","10301.00","2023-09-11 00:00:00","2023-09-18 00:00:00"
"1547","16","1243.00","2023-01-04 00:00:00","2023-01-12 00:00:00"
"1548","16","3675.00","2023-07-19 00:00:00","2023-08-06 00:00:00"
"1549","16","32053.00","2023-01-11 00:00:00","2023-01-22 00:00:00"
"1550","16","37440.00","2023-01-05 00:00:00","2023-01-31 00:00:00"
"1551","16","890.00","2023-07-28 00:00:00","2023-08-08 00:00:00"
"1552","16","69090.00","2023-08-05 00:00:00","2023-08-31 00:00:00"
"1553","16","13111.00","2023-06-11 00:00:00","2023-06-17 00:00:00"
"1554","16","17848.00","2023-11-17 00:00:00","2023-12-10 00:00:00"
"1555","16","1085.00","2023-11-19 00:00:00","2023-12-17 00:00:00"
"1556","16","14596.00","2023-09-10 00:00:00","2023-09-24 00:00:00"
"1557","16","4284.00","2023-07-28 00:00:00","2023-08-26 00:00:00"
"1558","16","2210.00","2023-05-12 00:00:00","2023-06-06 00:00:00"
"1559","16","69336.00","2023-01-24 00:00:00","2023-02-16 00:00:00"
"1560","16","1684.00","2023-08-31 00:00:00","2023-08-31 00:00:00"
"1561","16","24364.00","2023-08-09 00:00:00","2023-08-10 00:00:00"
"1562","16","8097.00","2023-07-14 00:00:00","2023-07-29 00:00:00"
"1563","16","32088.00","2023-06-29 00:00:00","2023-07-01 00:00:00"
"1564","16","634.00","2023-04-18 00:00:00","2023-05-10 00:00:00"
"1565","16","763.00","2023-10-30 00:00:00","2023-11-28 00:00:00"
"1566","16","2148.00","2023-05-19 00:00:00","2023-05-21 00:00:00"
"1567","16","26412.00","2023-11-29 00:00:00","2023-12-21 00:00:00"
"1568","16","7220.00","2023-03-19 00:00:00","2023-04-07 00:00:00"
"1569","16","26610.00","2023-01-18 00:00:00","2023-01-27 00:00:00"
"1570","16","21937.00","2023-03-25 00:00:00","2023-04-22 00:00:00"
"1571","16","165.00","2023-04-27 00:00:00","2023-05-21 00:00:00"
"1572","16","38.00","2023-09-13 00:00:00","2023-09-20 00:00:00"
"1573","16","957.00","2023-11-30 00:00:00","2023-12-21 00:00:00"
"1574","16","42317.00","2023-01-02 00:00:00","2023-01-12 00:00:00"
"1575","16","30931.00","2023-02-04 00:00:00","2023-02-27 00:00:00"
"1576","16","25826.00","2023-04-30 00:00:00","2023-05-18 00:00:00"
"1577","16","3201.00","2023-08-02 00:00:00","2023-08-18 00:00:00"
"1578","16","625.00","2023-06-25 00:00:00","2023-07-07 00:00:00"
"1579","16","19640.00","2023-06-18 00:00:00","2023-07-05 00:00:00"
"1580","16","28496.00","2023-08-31 00:00:00","2023-09-24 00:00:00"
"1581","16","966.00","2023-09-26 00:00:00","2023-09-30 00:00:00"
"1582","16","507.00","2023-02-02 00:00:00","2023-02-09 00:00:00"
"1583","16","32624.00","2023-12-04 00:00:00","2023-12-29 00:00:00"
"1584","16","1802.00","2023-01-26 00:00:00","2023-02-05 00:00:00"
"1585","16","28433.00","2023-03-10 00:00:00","2023-03-24 00:00:00"
"1586","16","2868.00","2023-09-05 00:00:00","2023-09-09 00:00:00"
"1587","16","255.00","2023-07-27 00:00:00","2023-08-15 00:00:00"
"1588","16","4635.00","2023-06-15 00:00:00","2023-07-13 00:00:00"
"1589","16","16273.00","2023-05-03 00:00:00","2023-05-27 00:00:00"
"1590","16","10585.00","2023-08-23 00:00:00","2023-09-07 00:00:00"
"1591","16","19337.00","2023-11-08 00:00:00","2023-11-26 00:00:00"
"1592","16","54536.00","2023-12-30 00:00:00","2024-01-23 00:00:00"
"1593","16","6436.00","2023-10-21 00:00:00","2023-11-14 00:00:00"
"1594","16","364.00","2023-05-22 00:00:00","2023-05-27 00:00:00"
"1595","16","3468.00","2023-07-09 00:00:00","2023-08-07 00:00:00"
"1596","16","38668.00","2023-02-24 00:00:00","2023-03-17 00:00:00"
"1597","16","9894.00","2023-02-24 00:00:00","2023-02-28 00:00:00"
"1598","16","9068.00","2023-09-07 00:00:00","2023-09-27 00:00:00"
"1599","16","875.00","2023-05-22 00:00:00","2023-06-14 00:00:00"
"1600","16","14305.00","2023-10-23 00:00:00","2023-11-19 00:00:00"
"1601","17","32617.00","2023-11-09 00:00:00","2023-11-27 00:00:00"
"1602","17","390.00","2023-05-18 00:00:00","2023-06-12 00:00:00"
"1603","17","45094.00","2023-01-18 00:00:00","2023-02-10 00:00:00"
"1604","17","3722.00","2023-08-05 00:00:00","2023-08-23 00:00:00"
"1605","17","12870.00","2023-01-24 00:00:00","2023-02-06 00:00:00"
"1606","17","44642.00","2023-04-19 00:00:00","2023-05-10 00:00:00"
"1607","17","296.00","2023-01-06 00:00:00","2023-01-23 00:00:00"
"1608","17","1215.00","2023-01-01 00:00:00","2023-01-12 00:00:00"
"1609","17","35588.00","2023-06-22 00:00:00","2023-07-07 00:00:00"
"1610","17","2535.00","2023-03-04 00:00:00","2023-03-07 00:00:00"
"1611","17","29492.00","2023-11-16 00:00:00","2023-11-18 00:00:00"
"1612","17","32426.00","2023-09-19 00:00:00","2023-09-24 00:00:00"
"1613","17","361.00","2023-07-10 00:00:00","2023-07-11 00:00:00"
"1614","17","2692.00","2023-06-09 00:00:00","2023-06-17 00:00:00"
"1615","17","3056.00","2023-06-14 00:00:00","2023-07-11 00:00:00"
"1616","17","2370.00","2023-06-12 00:00:00","2023-06-23 00:00:00"
"1617","17","44189.00","2023-10-05 00:00:00","2023-10-11 00:00:00"
"1618","17","1033.00","2023-07-28 00:00:00","2023-08-21 00:00:00"
"1619","17","2390.00","2023-01-03 00:00:00","2023-01-23 00:00:00"
"1620","17","10385.00","2023-04-23 00:00:00","2023-05-20 00:00:00"
"1621","17","557.00","2023-08-31 00:00:00","2023-09-09 00:00:00"
"1622","17","18331.00","2023-02-06 00:00:00","2023-02-08 00:00:00"
"1623","17","1238.00","2023-10-23 00:00:00","2023-11-09 00:00:00"
"1624","17","12325.00","2023-09-03 00:00:00","2023-09-27 00:00:00"
"1625","17","11285.00","2023-09-26 00:00:00","2023-10-04 00:00:00"
"1626","17","3688.00","2023-04-15 00:00:00","2023-04-19 00:00:00"
"1627","17","20725.00","2023-05-23 00:00:00","2023-06-10 00:00:00"
"1628","17","21393.00","2023-02-10 00:00:00","2023-02-14 00:00:00"
"1629","17","77290.00","2023-04-13 00:00:00","2023-05-02 00:00:00"
"1630","17","4839.00","2023-02-05 00:00:00","2023-02-18 00:00:00"
"1631","17","338.00","2023-07-05 00:00:00","2023-07-22 00:00:00"
"1632","17","128.00","2023-08-18 00:00:00","2023-09-16 00:00:00"
"1633","17","20266.00","2023-03-28 00:00:00","2023-04-01 00:00:00"
"1634","17","20617.00","2023-11-27 00:00:00","2023-12-09 00:00:00"
"1635","17","46309.00","2023-05-07 00:00:00","2023-05-20 00:00:00"
"1636","17","16813.00","2023-05-13 00:00:00","2023-06-01 00:00:00"
"1637","17","35816.00","2023-03-29 00:00:00","2023-04-25 00:00:00"
"1638","17","20571.00","2023-06-30 00:00:00","2023-07-15 00:00:00"
"1639","17","16323.00","2023-10-06 00:00:00","2023-10-19 00:00:00"
"1640","17","22079.00","2023-03-11 00:00:00","2023-03-19 00:00:00"
"1641","17","815.00","2023-08-03 00:00:00","2023-08-24 00:00:00"
"1642","17","49542.00","2023-07-27 00:00:00","2023-08-05 00:00:00"
"1643","17","1238.00","2023-04-28 00:00:00","2023-05-27 00:00:00"
"1644","17","2112.00","2023-06-11 00:00:00","2023-06-22 00:00:00"
"1645","17","1445.00","2023-01-10 00:00:00","2023-01-24 00:00:00"
"1646","17","62275.00","2023-08-24 00:00:00","2023-09-05 00:00:00"
"1647","17","2493.00","2023-09-07 00:00:00","2023-09-14 00:00:00"
"1648","17","48105.00","2023-05-21 00:00:00","2023-06-13 00:00:00"
"1649","17","9201.00","2023-05-12 00:00:00","2023-05-26 00:00:00"
"1650","17","2544.00","2023-07-29 00:00:00","2023-08-23 00:00:00"
"1651","17","26915.00","2023-04-13 00:00:00","2023-04-19 00:00:00"
"1652","17","1111.00","2023-05-20 00:00:00","2023-06-09 00:00:00"
"1653","17","445.00","2023-01-20 00:00:00","2023-02-06 00:00:00"
"1654","17","21489.00","2023-05-27 00:00:00","2023-05-30 00:00:00"
"1655","17","37696.00","2023-04-13 00:00:00","2023-04-30 00:00:00"
"1656","17","31196.00","2023-05-18 00:00:00","2023-05-31 00:00:00"
"1657","17","6303.00","2023-09-19 00:00:00","2023-10-13 00:00:00"
"1658","17","2516.00","2023-02-17 00:00:00","2023-03-12 00:00:00"
"1659","17","12343.00","2023-08-15 00:00:00","2023-08-25 00:00:00"
"1660","17","7299.00","2023-05-08 00:00:00","2023-06-01 00:00:00"
"1661","17","19026.00","2023-12-26 00:00:00","2024-01-03 00:00:00"
"1662","17","18166.00","2023-01-31 00:00:00","2023-02-23 00:00:00"
"1663","17","1554.00","2023-03-13 00:00:00","2023-03-15 00:00:00"
"1664","17","37317.00","2023-07-01 00:00:00","2023-07-13 00:00:00"
"1665","17","569.00","2023-05-05 00:00:00","2023-05-17 00:00:00"
"1666","17","12027.00","2023-06-18 00:00:00","2023-07-14 00:00:00"
"1667","17","3425.00","2023-12-08 00:00:00","2023-12-20 00:00:00"
"1668","17","35547.00","2023-05-09 00:00:00","2023-06-06 00:00:00"
"1669","17","53527.00","2023-09-17 00:00:00","2023-09-17 00:00:00"
"1670","17","16548.00","2023-11-07 00:00:00","2023-11-07 00:00:00"
"1671","17","5081.00","2023-06-26 00:00:00","2023-07-02 00:00:00"
"1672","17","856.00","2023-06-06 00:00:00","2023-06-28 00:00:00"
"1673","17","1232.00","2023-01-19 00:00:00","2023-01-30 00:00:00"
"1674","17","35820.00","2023-08-07 00:00:00","2023-08-31 00:00:00"
"1675","17","36015.00","2023-06-24 00:00:00","2023-07-09 00:00:00"
"1676","17","12175.00","2023-04-22 00:00:00","2023-05-01 00:00:00"
"1677","17","10578.00","2023-02-11 00:00:00","2023-02-17 00:00:00"
"1678","17","28596.00","2023-10-01 00:00:00","2023-10-09 00:00:00"
"1679","17","11892.00","2023-02-02 00:00:00","2023-02-04 00:00:00"
"1680","17","23054.00","2023-01-03 00:00:00","2023-02-01 00:00:00"
"1681","17","14079.00","2023-10-02 00:00:00","2023-10-13 00:00:00"
"1682","17","68397.00","2023-08-29 00:00:00","2023-09-04 00:00:00"
"1683","17","45202.00","2023-04-29 00:00:00","2023-05-05 00:00:00"
"1684","17","2296.00","2023-06-10 00:00:00","2023-06-21 00:00:00"
"1685","17","18740.00","2023-11-05 00:00:00","2023-11-14 00:00:00"
"1686","17","4480.00","2023-10-13 00:00:00","2023-10-13 00:00:00"
"1687","17","58628.00","2023-07-06 00:00:00","2023-08-03 00:00:00"
"1688","17","85614.00","2023-08-21 00:00:00","2023-09-03 00:00:00"
"1689","17","7720.00","2023-08-25 00:00:00","2023-09-05 00:00:00"
"1690","17","27146.00","2023-12-11 00:00:00","2023-12-20 00:00:00"
"1691","17","26994.00","2023-01-26 00:00:00","2023-01-27 00:00:00"
"1692","17","9494.00","2023-12-19 00:00:00","2024-01-09 00:00:00"
"1693","17","21678.00","2023-11-21 00:00:00","2023-12-12 00:00:00"
"1694","17","644.00","2023-12-02 00:00:00","2023-12-29 00:00:00"
"1695","17","40850.00","2023-08-23 00:00:00","2023-08-25 00:00:00"
"1696","17","47090.00","2023-10-11 00:00:00","2023-11-05 00:00:00"
"1697","17","2476.00","2023-03-28 00:00:00","2023-04-05 00:00:00"
"1698","17","28044.00","2023-07-05 00:00:00","2023-07-24 00:00:00"
"1699","17","16402.00","2023-10-06 00:00:00","2023-10-11 00:00:00"
"1700","17","40507.00","2023-06-07 00:00:00","2023-06-29 00:00:00"
"1701","18","27717.00","2023-05-30 00:00:00","2023-06-16 00:00:00"
"1702","18","11198.00","2023-01-05 00:00:00","2023-01-11 00:00:00"
"1703","18","12136.00","2023-03-17 00:00:00","2023-03-18 00:00:00"
"1704","18","14837.00","2023-09-22 00:00:00","2023-10-15 00:00:00"
"1705","18","31140.00","2023-03-25 00:00:00","2023-03-29 00:00:00"
"1706","18","24137.00","2023-01-08 00:00:00","2023-01-29 00:00:00"
"1707","18","14178.00","2023-10-30 00:00:00","2023-11-07 00:00:00"
"1708","18","5240.00","2023-04-02 00:00:00","2023-04-28 00:00:00"
"1709","18","27602.00","2023-01-17 00:00:00","2023-02-05 00:00:00"
"1710","18","37062.00","2023-06-22 00:00:00","2023-07-13 00:00:00"
"1711","18","7855.00","2023-03-29 00:00:00","2023-04-15 00:00:00"
"1712","18","1289.00","2023-08-19 00:00:00","2023-08-24 00:00:00"
"1713","18","43181.00","2023-03-14 00:00:00","2023-03-16 00:00:00"
"1714","18","783.00","2023-08-28 00:00:00","2023-09-24 00:00:00"
"1715","18","25394.00","2023-08-23 00:00:00","2023-09-04 00:00:00"
"1716","18","46140.00","2023-06-12 00:00:00","2023-07-07 00:00:00"
"1717","18","413.00","2023-10-02 00:00:00","2023-10-27 00:00:00"
"1718","18","11072.00","2023-09-07 00:00:00","2023-09-29 00:00:00"
"1719","18","5096.00","2023-05-08 00:00:00","2023-05-27 00:00:00"
"1720","18","531.00","2023-02-09 00:00:00","2023-02-22 00:00:00"
"1721","18","9156.00","2023-07-16 00:00:00","2023-07-21 00:00:00"
"1722","18","42121.00","2023-07-21 00:00:00","2023-08-02 00:00:00"
"1723","18","2553.00","2023-04-17 00:00:00","2023-05-08 00:00:00"
"1724","18","62176.00","2023-08-20 00:00:00","2023-08-21 00:00:00"
"1725","18","3956.00","2023-06-05 00:00:00","2023-06-24 00:00:00"
"1726","18","30377.00","2023-02-14 00:00:00","2023-02-14 00:00:00"
"1727","18","70646.00","2023-06-14 00:00:00","2023-07-12 00:00:00"
"1728","18","44603.00","2023-04-05 00:00:00","2023-04-15 00:00:00"
"1729","18","31766.00","2023-11-24 00:00:00","2023-11-29 00:00:00"
"1730","18","33086.00","2023-07-09 00:00:00","2023-07-24 00:00:00"
"1731","18","36444.00","2023-06-17 00:00:00","2023-06-23 00:00:00"
"1732","18","834.00","2023-10-30 00:00:00","2023-11-25 00:00:00"
"1733","18","1997.00","2023-05-12 00:00:00","2023-05-28 00:00:00"
"1734","18","27026.00","2023-07-19 00:00:00","2023-07-24 00:00:00"
"1735","18","36440.00","2023-12-02 00:00:00","2023-12-09 00:00:00"
"1736","18","117.00","2023-02-15 00:00:00","2023-03-07 00:00:00"
"1737","18","11503.00","2023-10-22 00:00:00","2023-11-19 00:00:00"
"1738","18","25848.00","2023-10-17 00:00:00","2023-11-09 00:00:00"
"1739","18","234.00","2023-05-25 00:00:00","2023-05-27 00:00:00"
"1740","18","2219.00","2023-06-14 00:00:00","2023-06-28 00:00:00"
"1741","18","2894.00","2023-09-25 00:00:00","2023-10-06 00:00:00"
"1742","18","22489.00","2023-04-28 00:00:00","2023-05-23 00:00:00"
"1743","18","14490.00","2023-05-05 00:00:00","2023-05-17 00:00:00"
"1744","18","24193.00","2023-06-23 00:00:00","2023-07-22 00:00:00"
"1745","18","15683.00","2023-03-29 00:00:00","2023-04-19 00:00:00"
"1746","18","814.00","2023-12-16 00:00:00","2024-01-10 00:00:00"
"1747","18","2938.00","2023-07-28 00:00:00","2023-08-21 00:00:00"
"1748","18","3270.00","2023-01-27 00:00:00","2023-02-05 00:00:00"
"1749","18","35335.00","2023-10-30 00:00:00","2023-11-20 00:00:00"
"1750","18","24134.00","2023-12-11 00:00:00","2023-12-29 00:00:00"
"1751","18","24618.00","2023-11-22 00:00:00","2023-11-28 00:00:00"
"1752","18","6391.00","2023-01-01 00:00:00","2023-01-04 00:00:00"
"1753","18","2838.00","2023-01-08 00:00:00","2023-01-10 00:00:00"
"1754","18","749.00","2023-11-08 00:00:00","2023-12-03 00:00:00"
"1755","18","93822.00","2023-07-13 00:00:00","2023-07-21 00:00:00"
"1756","18","24126.00","2023-08-12 00:00:00","2023-08-22 00:00:00"
"1757","18","24393.00","2023-09-16 00:00:00","2023-09-24 00:00:00"
"1758","18","848.00","2023-01-12 00:00:00","2023-02-10 00:00:00"
"1759","18","5185.00","2023-06-08 00:00:00","2023-06-15 00:00:00"
"1760","18","1144.00","2023-12-21 00:00:00","2024-01-16 00:00:00"
"1761","18","661.00","2023-03-11 00:00:00","2023-03-22 00:00:00"
"1762","18","4032.00","2023-02-06 00:00:00","2023-03-04 00:00:00"
"1763","18","3563.00","2023-05-23 00:00:00","2023-06-21 00:00:00"
"1764","18","1794.00","2023-02-12 00:00:00","2023-02-16 00:00:00"
"1765","18","4620.00","2023-02-01 00:00:00","2023-02-17 00:00:00"
"1766","18","71630.00","2023-06-17 00:00:00","2023-07-09 00:00:00"
"1767","18","4075.00","2023-02-03 00:00:00","2023-02-13 00:00:00"
"1768","18","21559.00","2023-02-20 00:00:00","2023-03-15 00:00:00"
"1769","18","18322.00","2023-04-14 00:00:00","2023-05-10 00:00:00"
"1770","18","53188.00","2023-08-11 00:00:00","2023-09-02 00:00:00"
"1771","18","75051.00","2023-06-17 00:00:00","2023-06-30 00:00:00"
"1772","18","12015.00","2023-12-27 00:00:00","2024-01-21 00:00:00"
"1773","18","32203.00","2023-05-24 00:00:00","2023-05-26 00:00:00"
"1774","18","28074.00","2023-05-13 00:00:00","2023-05-16 00:00:00"
"1775","18","21035.00","2023-12-15 00:00:00","2023-12-28 00:00:00"
"1776","18","993.00","2023-03-22 00:00:00","2023-03-22 00:00:00"
"1777","18","2554.00","2023-01-26 00:00:00","2023-02-04 00:00:00"
"1778","18","37552.00","2023-04-11 00:00:00","2023-04-26 00:00:00"
"1779","18","22510.00","2023-09-24 00:00:00","2023-10-07 00:00:00"
"1780","18","1274.00","2023-06-23 00:00:00","2023-06-24 00:00:00"
"1781","18","5538.00","2023-07-08 00:00:00","2023-07-31 00:00:00"
"1782","18","759.00","2023-12-26 00:00:00","2024-01-06 00:00:00"
"1783","18","27519.00","2023-10-26 00:00:00","2023-11-04 00:00:00"
"1784","18","4378.00","2023-11-09 00:00:00","2023-12-01 00:00:00"
"1785","18","8682.00","2023-10-04 00:00:00","2023-10-15 00:00:00"
"1786","18","27066.00","2023-10-27 00:00:00","2023-10-28 00:00:00"
"1787","18","31565.00","2023-08-28 00:00:00","2023-09-11 00:00:00"
"1788","18","17283.00","2023-06-09 00:00:00","2023-07-05 00:00:00"
"1789","18","8386.00","2023-03-28 00:00:00","2023-04-06 00:00:00"
"1790","18","4016.00","2023-12-27 00:00:00","2024-01-17 00:00:00"
"1791","18","38168.00","2023-10-14 00:00:00","2023-11-06 00:00:00"
"1792","18","43512.00","2023-02-06 00:00:00","2023-02-11 00:00:00"
"1793","18","10034.00","2023-12-13 00:00:00","2024-01-09 00:00:00"
"1794","18","117.00","2023-06-29 00:00:00","2023-07-13 00:00:00"
"1795","18","876.00","2023-08-02 00:00:00","2023-08-09 00:00:00"
"1796","18","158.00","2023-07-25 00:00:00","2023-08-16 00:00:00"
"1797","18","30123.00","2023-06-06 00:00:00","2023-06-25 00:00:00"
"1798","18","2426.00","2023-04-19 00:00:00","2023-05-11 00:00:00"
"1799","18","40189.00","2023-06-20 00:00:00","2023-06-29 00:00:00"
"1800","18","5592.00","2023-05-24 00:00:00","2023-06-17 00:00:00"
"1801","19","35593.00","2023-10-13 00:00:00","2023-11-11 00:00:00"
"1802","19","27115.00","2023-03-16 00:00:00","2023-03-29 00:00:00"
"1803","19","387.00","2023-12-29 00:00:00","2023-12-31 00:00:00"
"1804","19","41193.00","2023-11-23 00:00:00","2023-12-10 00:00:00"
"1805","19","387.00","2023-12-22 00:00:00","2023-12-30 00:00:00"
"1806","19","1078.00","2023-01-02 00:00:00","2023-01-13 00:00:00"
"1807","19","14157.00","2023-04-05 00:00:00","2023-04-25 00:00:00"
"1808","19","1551.00","2023-07-22 00:00:00","2023-08-19 00:00:00"
"1809","19","1679.00","2023-03-25 00:00:00","2023-03-26 00:00:00"
"1810","19","14548.00","2023-04-17 00:00:00","2023-04-25 00:00:00"
"1811","19","816.00","2023-06-26 00:00:00","2023-07-01 00:00:00"
"1812","19","27174.00","2023-04-05 00:00:00","2023-04-23 00:00:00"
"1813","19","35391.00","2023-03-08 00:00:00","2023-03-18 00:00:00"
"1814","19","15948.00","2023-01-26 00:00:00","2023-01-26 00:00:00"
"1815","19","48994.00","2023-07-15 00:00:00","2023-07-28 00:00:00"
"1816","19","49994.00","2023-02-18 00:00:00","2023-03-12 00:00:00"
"1817","19","3602.00","2023-03-18 00:00:00","2023-04-07 00:00:00"
"1818","19","70233.00","2023-10-15 00:00:00","2023-11-09 00:00:00"
"1819","19","14797.00","2023-08-21 00:00:00","2023-09-07 00:00:00"
"1820","19","21233.00","2023-04-21 00:00:00","2023-05-05 00:00:00"
"1821","19","984.00","2023-04-12 00:00:00","2023-05-06 00:00:00"
"1822","19","28133.00","2023-07-24 00:00:00","2023-08-20 00:00:00"
"1823","19","27633.00","2023-10-22 00:00:00","2023-10-25 00:00:00"
"1824","19","1507.00","2023-06-25 00:00:00","2023-07-04 00:00:00"
"1825","19","4541.00","2023-07-11 00:00:00","2023-07-20 00:00:00"
"1826","19","4326.00","2023-07-26 00:00:00","2023-08-20 00:00:00"
"1827","19","3293.00","2023-11-25 00:00:00","2023-12-21 00:00:00"
"1828","19","28492.00","2023-10-23 00:00:00","2023-11-18 00:00:00"
"1829","19","731.00","2023-09-25 00:00:00","2023-10-20 00:00:00"
"1830","19","177.00","2023-07-26 00:00:00","2023-08-19 00:00:00"
"1831","19","16997.00","2023-03-18 00:00:00","2023-04-02 00:00:00"
"1832","19","24369.00","2023-03-11 00:00:00","2023-04-07 00:00:00"
"1833","19","3762.00","2023-05-04 00:00:00","2023-05-09 00:00:00"
"1834","19","28683.00","2023-04-27 00:00:00","2023-05-25 00:00:00"
"1835","19","65066.00","2023-02-19 00:00:00","2023-03-06 00:00:00"
"1836","19","5163.00","2023-09-01 00:00:00","2023-09-05 00:00:00"
"1837","19","4710.00","2023-07-11 00:00:00","2023-07-31 00:00:00"
"1838","19","18227.00","2023-10-11 00:00:00","2023-10-16 00:00:00"
"1839","19","4417.00","2023-06-09 00:00:00","2023-06-26 00:00:00"
"1840","19","700.00","2023-04-25 00:00:00","2023-05-03 00:00:00"
"1841","19","45215.00","2023-10-22 00:00:00","2023-11-03 00:00:00"
"1842","19","28641.00","2023-02-16 00:00:00","2023-02-24 00:00:00"
"1843","19","3476.00","2023-04-03 00:00:00","2023-04-15 00:00:00"
"1844","19","537.00","2023-03-23 00:00:00","2023-04-01 00:00:00"
"1845","19","1221.00","2023-03-15 00:00:00","2023-03-26 00:00:00"
"1846","19","804.00","2023-09-26 00:00:00","2023-10-11 00:00:00"
"1847","19","2795.00","2023-01-23 00:00:00","2023-02-18 00:00:00"
"1848","19","16206.00","2023-04-05 00:00:00","2023-05-02 00:00:00"
"1849","19","49787.00","2023-11-11 00:00:00","2023-11-29 00:00:00"
"1850","19","13232.00","2023-10-21 00:00:00","2023-10-28 00:00:00"
"1851","19","2650.00","2023-01-11 00:00:00","2023-01-14 00:00:00"
"1852","19","2472.00","2023-09-21 00:00:00","2023-10-14 00:00:00"
"1853","19","16776.00","2023-12-19 00:00:00","2024-01-16 00:00:00"
"1854","19","53519.00","2023-04-24 00:00:00","2023-05-19 00:00:00"
"1855","19","29376.00","2023-08-13 00:00:00","2023-09-06 00:00:00"
"1856","19","36225.00","2023-08-11 00:00:00","2023-08-23 00:00:00"
"1857","19","16232.00","2023-03-18 00:00:00","2023-03-22 00:00:00"
"1858","19","30707.00","2023-05-01 00:00:00","2023-05-24 00:00:00"
"1859","19","135.00","2023-11-09 00:00:00","2023-12-02 00:00:00"
"1860","19","46354.00","2023-06-23 00:00:00","2023-06-28 00:00:00"
"1861","19","2644.00","2023-12-29 00:00:00","2024-01-10 00:00:00"
"1862","19","11054.00","2023-06-15 00:00:00","2023-06-26 00:00:00"
"1863","19","20436.00","2023-11-06 00:00:00","2023-11-09 00:00:00"
"1864","19","17660.00","2023-06-04 00:00:00","2023-06-23 00:00:00"
"1865","19","1536.00","2023-11-29 00:00:00","2023-12-06 00:00:00"
"1866","19","15014.00","2023-05-04 00:00:00","2023-05-28 00:00:00"
"1867","19","19706.00","2023-09-07 00:00:00","2023-09-23 00:00:00"
"1868","19","31846.00","2023-02-23 00:00:00","2023-03-11 00:00:00"
"1869","19","42609.00","2023-10-21 00:00:00","2023-11-04 00:00:00"
"1870","19","24261.00","2023-11-25 00:00:00","2023-12-05 00:00:00"
"1871","19","22909.00","2023-05-29 00:00:00","2023-06-07 00:00:00"
"1872","19","1198.00","2023-09-20 00:00:00","2023-10-16 00:00:00"
"1873","19","26869.00","2023-04-04 00:00:00","2023-04-04 00:00:00"
"1874","19","4007.00","2023-05-07 00:00:00","2023-05-14 00:00:00"
"1875","19","5490.00","2023-06-13 00:00:00","2023-06-22 00:00:00"
"1876","19","13990.00","2023-04-27 00:00:00","2023-05-07 00:00:00"
"1877","19","1209.00","2023-04-06 00:00:00","2023-04-14 00:00:00"
"1878","19","1521.00","2023-11-24 00:00:00","2023-12-09 00:00:00"
"1879","19","32272.00","2023-04-29 00:00:00","2023-05-08 00:00:00"
"1880","19","17684.00","2023-10-09 00:00:00","2023-10-09 00:00:00"
"1881","19","3465.00","2023-01-23 00:00:00","2023-02-03 00:00:00"
"1882","19","530.00","2023-02-05 00:00:00","2023-02-12 00:00:00"
"1883","19","18509.00","2023-02-09 00:00:00","2023-02-11 00:00:00"
"1884","19","3684.00","2023-05-15 00:00:00","2023-05-16 00:00:00"
"1885","19","40622.00","2023-03-18 00:00:00","2023-03-19 00:00:00"
"1886","19","13141.00","2023-07-30 00:00:00","2023-08-23 00:00:00"
"1887","19","21856.00","2023-10-24 00:00:00","2023-11-10 00:00:00"
"1888","19","924.00","2023-01-03 00:00:00","2023-02-01 00:00:00"
"1889","19","20782.00","2023-08-10 00:00:00","2023-08-12 00:00:00"
"1890","19","9257.00","2023-08-24 00:00:00","2023-09-19 00:00:00"
"1891","19","3524.00","2023-05-18 00:00:00","2023-06-13 00:00:00"
"1892","19","21304.00","2023-10-24 00:00:00","2023-11-14 00:00:00"
"1893","19","36270.00","2023-08-26 00:00:00","2023-08-27 00:00:00"
"1894","19","18637.00","2023-01-27 00:00:00","2023-02-24 00:00:00"
"1895","19","1411.00","2023-11-15 00:00:00","2023-12-10 00:00:00"
"1896","19","61129.00","2023-05-09 00:00:00","2023-05-11 00:00:00"
"1897","19","70046.00","2023-11-03 00:00:00","2023-11-09 00:00:00"
"1898","19","14277.00","2023-10-25 00:00:00","2023-11-09 00:00:00"
"1899","19","7494.00","2023-06-06 00:00:00","2023-06-20 00:00:00"
"1900","19","18856.00","2023-10-17 00:00:00","2023-11-02 00:00:00"
"1901","20","1093.00","2023-08-03 00:00:00","2023-08-04 00:00:00"
"1902","20","4760.00","2023-02-05 00:00:00","2023-02-25 00:00:00"
"1903","20","2456.00","2023-05-28 00:00:00","2023-05-31 00:00:00"
"1904","20","3570.00","2023-06-23 00:00:00","2023-07-18 00:00:00"
"1905","20","4293.00","2023-03-28 00:00:00","2023-04-09 00:00:00"
"1906","20","22953.00","2023-06-30 00:00:00","2023-07-25 00:00:00"
"1907","20","18889.00","2023-08-24 00:00:00","2023-09-22 00:00:00"
"1908","20","12570.00","2023-03-23 00:00:00","2023-03-23 00:00:00"
"1909","20","763.00","2023-12-21 00:00:00","2023-12-31 00:00:00"
"1910","20","2532.00","2023-11-01 00:00:00","2023-11-23 00:00:00"
"1911","20","3838.00","2023-07-21 00:00:00","2023-08-18 00:00:00"
"1912","20","27114.00","2023-08-08 00:00:00","2023-09-05 00:00:00"
"1913","20","16362.00","2023-02-24 00:00:00","2023-02-27 00:00:00"
"1914","20","2382.00","2023-09-10 00:00:00","2023-09-17 00:00:00"
"1915","20","5188.00","2023-01-30 00:00:00","2023-02-22 00:00:00"
"1916","20","822.00","2023-10-24 00:00:00","2023-11-15 00:00:00"
"1917","20","1036.00","2023-06-10 00:00:00","2023-06-27 00:00:00"
"1918","20","1222.00","2023-09-29 00:00:00","2023-10-26 00:00:00"
"1919","20","256.00","2023-02-06 00:00:00","2023-02-19 00:00:00"
"1920","20","1140.00","2023-04-08 00:00:00","2023-04-10 00:00:00"
"1921","20","21819.00","2023-12-25 00:00:00","2024-01-20 00:00:00"
"1922","20","78046.00","2023-05-04 00:00:00","2023-05-09 00:00:00"
"1923","20","9386.00","2023-01-09 00:00:00","2023-01-27 00:00:00"
"1924","20","364.00","2023-12-01 00:00:00","2023-12-08 00:00:00"
"1925","20","47555.00","2023-10-04 00:00:00","2023-10-17 00:00:00"
"1926","20","21200.00","2023-10-11 00:00:00","2023-10-15 00:00:00"
"1927","20","26783.00","2023-07-22 00:00:00","2023-07-22 00:00:00"
"1928","20","478.00","2023-11-14 00:00:00","2023-11-30 00:00:00"
"1929","20","438.00","2023-05-19 00:00:00","2023-05-21 00:00:00"
"1930","20","1088.00","2023-03-19 00:00:00","2023-04-09 00:00:00"
"1931","20","12757.00","2023-02-16 00:00:00","2023-02-18 00:00:00"
"1932","20","4759.00","2023-04-17 00:00:00","2023-05-02 00:00:00"
"1933","20","158.00","2023-09-18 00:00:00","2023-09-25 00:00:00"
"1934","20","52089.00","2023-08-06 00:00:00","2023-08-19 00:00:00"
"1935","20","1622.00","2023-02-25 00:00:00","2023-03-12 00:00:00"
"1936","20","1654.00","2023-07-04 00:00:00","2023-07-13 00:00:00"
"1937","20","9156.00","2023-04-18 00:00:00","2023-04-22 00:00:00"
"1938","20","1641.00","2023-06-29 00:00:00","2023-07-05 00:00:00"
"1939","20","32348.00","2023-06-01 00:00:00","2023-06-22 00:00:00"
"1940","20","27258.00","2023-11-19 00:00:00","2023-11-22 00:00:00"
"1941","20","27069.00","2023-12-29 00:00:00","2024-01-13 00:00:00"
"1942","20","36521.00","2023-02-13 00:00:00","2023-03-03 00:00:00"
"1943","20","4115.00","2023-11-05 00:00:00","2023-11-19 00:00:00"
"1944","20","19045.00","2023-07-31 00:00:00","2023-08-02 00:00:00"
"1945","20","22051.00","2023-10-22 00:00:00","2023-10-26 00:00:00"
"1946","20","392.00","2023-05-20 00:00:00","2023-06-04 00:00:00"
"1947","20","17995.00","2023-05-20 00:00:00","2023-06-07 00:00:00"
"1948","20","494.00","2023-01-10 00:00:00","2023-02-03 00:00:00"
"1949","20","636.00","2023-09-10 00:00:00","2023-10-02 00:00:00"
"1950","20","345.00","2023-08-22 00:00:00","2023-09-09 00:00:00"
"1951","20","62346.00","2023-02-26 00:00:00","2023-02-26 00:00:00"
"1952","20","4462.00","2023-11-06 00:00:00","2023-11-10 00:00:00"
"1953","20","30094.00","2023-08-05 00:00:00","2023-08-06 00:00:00"
"1954","20","63599.00","2023-08-06 00:00:00","2023-08-11 00:00:00"
"1955","20","215.00","2023-09-28 00:00:00","2023-10-13 00:00:00"
"1956","20","1502.00","2023-08-25 00:00:00","2023-09-22 00:00:00"
"1957","20","37740.00","2023-07-24 00:00:00","2023-08-19 00:00:00"
"1958","20","11330.00","2023-01-23 00:00:00","2023-01-27 00:00:00"
"1959","20","34024.00","2023-05-17 00:00:00","2023-06-04 00:00:00"
"1960","20","10513.00","2023-03-17 00:00:00","2023-04-10 00:00:00"
"1961","20","4922.00","2023-04-24 00:00:00","2023-05-12 00:00:00"
"1962","20","10504.00","2023-09-20 00:00:00","2023-10-08 00:00:00"
"1963","20","1570.00","2023-04-06 00:00:00","2023-05-04 00:00:00"
"1964","20","45154.00","2023-07-21 00:00:00","2023-08-13 00:00:00"
"1965","20","4616.00","2023-05-20 00:00:00","2023-05-21 00:00:00"
"1966","20","1670.00","2023-11-01 00:00:00","2023-11-26 00:00:00"
"1967","20","1465.00","2023-05-16 00:00:00","2023-06-03 00:00:00"
"1968","20","4691.00","2023-01-27 00:00:00","2023-02-25 00:00:00"
"1969","20","2038.00","2023-12-31 00:00:00","2024-01-21 00:00:00"
"1970","20","7119.00","2023-06-20 00:00:00","2023-06-25 00:00:00"
"1971","20","717.00","2023-02-04 00:00:00","2023-03-04 00:00:00"
"1972","20","10292.00","2023-07-14 00:00:00","2023-07-24 00:00:00"
"1973","20","105.00","2023-01-08 00:00:00","2023-01-10 00:00:00"
"1974","20","39089.00","2023-08-27 00:00:00","2023-09-02 00:00:00"
"1975","20","24677.00","2023-07-25 00:00:00","2023-08-01 00:00:00"
"1976","20","24748.00","2023-02-22 00:00:00","2023-03-13 00:00:00"
"1977","20","40052.00","2023-10-16 00:00:00","2023-11-11 00:00:00"
"1978","20","954.00","2023-07-26 00:00:00","2023-08-14 00:00:00"
"1979","20","4194.00","2023-11-08 00:00:00","2023-11-30 00:00:00"
"1980","20","14413.00","2023-01-27 00:00:00","2023-02-10 00:00:00"
"1981","20","16419.00","2023-06-23 00:00:00","2023-07-02 00:00:00"
"1982","20","80197.00","2023-05-07 00:00:00","2023-05-20 00:00:00"
"1983","20","2420.00","2023-07-26 00:00:00","2023-08-19 00:00:00"
"1984","20","8594.00","2023-03-28 00:00:00","2023-04-22 00:00:00"
"1985","20","69520.00","2023-11-19 00:00:00","2023-11-30 00:00:00"
"1986","20","735.00","2023-05-06 00:00:00","2023-05-16 00:00:00"
"1987","20","44788.00","2023-02-15 00:00:00","2023-02-27 00:00:00"
"1988","20","28098.00","2023-11-13 00:00:00","2023-11-16 00:00:00"
"1989","20","37084.00","2023-08-28 00:00:00","2023-09-13 00:00:00"
"1990","20","3552.00","2023-09-19 00:00:00","2023-09-23 00:00:00"
"1991","20","1914.00","2023-12-26 00:00:00","2024-01-12 00:00:00"
"1992","20","17167.00","2023-07-27 00:00:00","2023-08-06 00:00:00"
"1993","20","3242.00","2023-11-18 00:00:00","2023-12-06 00:00:00"
"1994","20","4292.00","2023-09-23 00:00:00","2023-10-18 00:00:00"
"1995","20","56495.00","2023-10-18 00:00:00","2023-11-14 00:00:00"
"1996","20","27496.00","2023-03-12 00:00:00","2023-03-22 00:00:00"
"1997","20","1688.00","2023-05-12 00:00:00","2023-05-19 00:00:00"
"1998","20","5031.00","2023-08-20 00:00:00","2023-09-18 00:00:00"
"1999","20","50247.00","2023-03-22 00:00:00","2023-03-28 00:00:00"
"2000","20","3969.00","2023-06-23 00:00:00","2023-07-17 00:00:00"
"2001","21","12709.00","2023-05-09 00:00:00","2023-05-19 00:00:00"
"2002","21","32911.00","2023-11-11 00:00:00","2023-11-24 00:00:00"
"2003","21","3212.00","2023-10-31 00:00:00","2023-11-21 00:00:00"
"2004","21","8510.00","2023-11-03 00:00:00","2023-11-07 00:00:00"
"2005","21","29487.00","2023-06-16 00:00:00","2023-07-10 00:00:00"
"2006","21","1182.00","2023-06-02 00:00:00","2023-06-23 00:00:00"
"2007","21","32175.00","2023-07-10 00:00:00","2023-07-18 00:00:00"
"2008","21","6738.00","2023-02-21 00:00:00","2023-03-10 00:00:00"
"2009","21","3394.00","2023-07-05 00:00:00","2023-07-12 00:00:00"
"2010","21","704.00","2023-12-11 00:00:00","2023-12-23 00:00:00"
"2011","21","4799.00","2023-02-22 00:00:00","2023-03-14 00:00:00"
"2012","21","27185.00","2023-04-18 00:00:00","2023-04-29 00:00:00"
"2013","21","16229.00","2023-04-11 00:00:00","2023-05-03 00:00:00"
"2014","21","516.00","2023-11-28 00:00:00","2023-12-02 00:00:00"
"2015","21","944.00","2023-11-15 00:00:00","2023-12-12 00:00:00"
"2016","21","1724.00","2023-08-31 00:00:00","2023-09-20 00:00:00"
"2017","21","746.00","2023-01-29 00:00:00","2023-02-02 00:00:00"
"2018","21","23796.00","2023-10-19 00:00:00","2023-11-11 00:00:00"
"2019","21","253.00","2023-07-04 00:00:00","2023-07-23 00:00:00"
"2020","21","35909.00","2023-08-24 00:00:00","2023-09-12 00:00:00"
"2021","21","30647.00","2023-03-14 00:00:00","2023-03-25 00:00:00"
"2022","21","358.00","2023-12-03 00:00:00","2023-12-03 00:00:00"
"2023","21","28817.00","2023-02-19 00:00:00","2023-02-28 00:00:00"
"2024","21","60131.00","2023-09-20 00:00:00","2023-09-21 00:00:00"
"2025","21","47495.00","2023-03-22 00:00:00","2023-04-01 00:00:00"
"2026","21","18196.00","2023-02-12 00:00:00","2023-03-08 00:00:00"
"2027","21","9359.00","2023-02-15 00:00:00","2023-03-05 00:00:00"
"2028","21","75990.00","2023-11-09 00:00:00","2023-11-28 00:00:00"
"2029","21","1842.00","2023-08-06 00:00:00","2023-08-16 00:00:00"
"2030","21","239.00","2023-12-19 00:00:00","2024-01-06 00:00:00"
"2031","21","46168.00","2023-01-08 00:00:00","2023-01-24 00:00:00"
"2032","21","44592.00","2023-09-28 00:00:00","2023-10-06 00:00:00"
"2033","21","15743.00","2023-05-06 00:00:00","2023-05-12 00:00:00"
"2034","21","36199.00","2023-10-23 00:00:00","2023-11-15 00:00:00"
"2035","21","1102.00","2023-04-30 00:00:00","2023-05-15 00:00:00"
"2036","21","27117.00","2023-10-18 00:00:00","2023-11-05 00:00:00"
"2037","21","28314.00","2023-10-16 00:00:00","2023-10-25 00:00:00"
"2038","21","12087.00","2023-12-29 00:00:00","2024-01-22 00:00:00"
"2039","21","3221.00","2023-02-26 00:00:00","2023-03-26 00:00:00"
"2040","21","1455.00","2023-05-03 00:00:00","2023-05-21 00:00:00"
"2041","21","13130.00","2023-11-01 00:00:00","2023-11-22 00:00:00"
"2042","21","22942.00","2023-12-04 00:00:00","2023-12-31 00:00:00"
"2043","21","2121.00","2023-07-05 00:00:00","2023-07-24 00:00:00"
"2044","21","609.00","2023-09-05 00:00:00","2023-09-26 00:00:00"
"2045","21","38969.00","2023-06-24 00:00:00","2023-06-30 00:00:00"
"2046","21","14255.00","2023-03-30 00:00:00","2023-04-19 00:00:00"
"2047","21","1390.00","2023-05-11 00:00:00","2023-06-02 00:00:00"
"2048","21","925.00","2023-08-09 00:00:00","2023-08-24 00:00:00"
"2049","21","37084.00","2023-11-17 00:00:00","2023-12-01 00:00:00"
"2050","21","777.00","2023-08-22 00:00:00","2023-09-13 00:00:00"
"2051","21","40304.00","2023-04-15 00:00:00","2023-05-04 00:00:00"
"2052","21","3721.00","2023-02-19 00:00:00","2023-02-19 00:00:00"
"2053","21","84259.00","2023-07-05 00:00:00","2023-07-28 00:00:00"
"2054","21","558.00","2023-05-12 00:00:00","2023-06-06 00:00:00"
"2055","21","15440.00","2023-09-20 00:00:00","2023-10-01 00:00:00"
"2056","21","364.00","2023-09-09 00:00:00","2023-10-05 00:00:00"
"2057","21","3058.00","2023-12-13 00:00:00","2023-12-30 00:00:00"
"2058","21","16569.00","2023-02-11 00:00:00","2023-02-19 00:00:00"
"2059","21","3533.00","2023-06-02 00:00:00","2023-06-04 00:00:00"
"2060","21","505.00","2023-10-04 00:00:00","2023-10-30 00:00:00"
"2061","21","36790.00","2023-01-21 00:00:00","2023-02-07 00:00:00"
"2062","21","20017.00","2023-08-03 00:00:00","2023-08-17 00:00:00"
"2063","21","5401.00","2023-04-14 00:00:00","2023-04-15 00:00:00"
"2064","21","51320.00","2023-12-09 00:00:00","2023-12-09 00:00:00"
"2065","21","1750.00","2023-09-22 00:00:00","2023-09-22 00:00:00"
"2066","21","47748.00","2023-08-31 00:00:00","2023-09-06 00:00:00"
"2067","21","18193.00","2023-02-05 00:00:00","2023-02-23 00:00:00"
"2068","21","46888.00","2023-09-20 00:00:00","2023-10-13 00:00:00"
"2069","21","718.00","2023-07-17 00:00:00","2023-07-31 00:00:00"
"2070","21","6279.00","2023-12-17 00:00:00","2024-01-12 00:00:00"
"2071","21","38336.00","2023-08-19 00:00:00","2023-09-04 00:00:00"
"2072","21","13690.00","2023-06-12 00:00:00","2023-06-16 00:00:00"
"2073","21","1253.00","2023-05-17 00:00:00","2023-06-11 00:00:00"
"2074","21","9874.00","2023-12-21 00:00:00","2024-01-06 00:00:00"
"2075","21","381.00","2023-07-25 00:00:00","2023-08-03 00:00:00"
"2076","21","4818.00","2023-07-19 00:00:00","2023-07-26 00:00:00"
"2077","21","3613.00","2023-11-22 00:00:00","2023-11-26 00:00:00"
"2078","21","19047.00","2023-04-23 00:00:00","2023-04-27 00:00:00"
"2079","21","22827.00","2023-03-29 00:00:00","2023-03-29 00:00:00"
"2080","21","36055.00","2023-01-19 00:00:00","2023-02-16 00:00:00"
"2081","21","14208.00","2023-01-10 00:00:00","2023-02-08 00:00:00"
"2082","21","44105.00","2023-07-30 00:00:00","2023-08-02 00:00:00"
"2083","21","4379.00","2023-02-16 00:00:00","2023-03-11 00:00:00"
"2084","21","22820.00","2023-05-31 00:00:00","2023-06-02 00:00:00"
"2085","21","9719.00","2023-11-26 00:00:00","2023-12-25 00:00:00"
"2086","21","3830.00","2023-08-04 00:00:00","2023-08-27 00:00:00"
"2087","21","2862.00","2023-11-13 00:00:00","2023-12-02 00:00:00"
"2088","21","7786.00","2023-01-17 00:00:00","2023-01-30 00:00:00"
"2089","21","188.00","2023-09-15 00:00:00","2023-09-26 00:00:00"
"2090","21","960.00","2023-06-26 00:00:00","2023-07-01 00:00:00"
"2091","21","5103.00","2023-08-09 00:00:00","2023-08-29 00:00:00"
"2092","21","32364.00","2023-11-10 00:00:00","2023-11-20 00:00:00"
"2093","21","47029.00","2023-04-29 00:00:00","2023-05-10 00:00:00"
"2094","21","6056.00","2023-04-08 00:00:00","2023-04-10 00:00:00"
"2095","21","1526.00","2023-07-10 00:00:00","2023-07-13 00:00:00"
"2096","21","2418.00","2023-07-01 00:00:00","2023-07-30 00:00:00"
"2097","21","1662.00","2023-02-03 00:00:00","2023-02-27 00:00:00"
"2098","21","1843.00","2023-05-09 00:00:00","2023-05-14 00:00:00"
"2099","21","13158.00","2023-12-30 00:00:00","2024-01-23 00:00:00"
"2100","21","15265.00","2023-07-10 00:00:00","2023-07-20 00:00:00"
"2101","22","12384.00","2023-04-02 00:00:00","2023-04-15 00:00:00"
"2102","22","10091.00","2023-11-09 00:00:00","2023-12-04 00:00:00"
"2103","22","24840.00","2023-11-08 00:00:00","2023-11-08 00:00:00"
"2104","22","19009.00","2023-06-17 00:00:00","2023-06-22 00:00:00"
"2105","22","576.00","2023-10-08 00:00:00","2023-11-06 00:00:00"
"2106","22","298.00","2023-11-22 00:00:00","2023-12-19 00:00:00"
"2107","22","40090.00","2023-06-14 00:00:00","2023-06-21 00:00:00"
"2108","22","462.00","2023-11-03 00:00:00","2023-11-05 00:00:00"
"2109","22","595.00","2023-02-05 00:00:00","2023-02-25 00:00:00"
"2110","22","664.00","2023-01-06 00:00:00","2023-02-01 00:00:00"
"2111","22","5584.00","2023-12-11 00:00:00","2023-12-25 00:00:00"
"2112","22","188.00","2023-04-01 00:00:00","2023-04-15 00:00:00"
"2113","22","15291.00","2023-05-07 00:00:00","2023-05-25 00:00:00"
"2114","22","7388.00","2023-08-24 00:00:00","2023-08-25 00:00:00"
"2115","22","18674.00","2023-09-07 00:00:00","2023-10-01 00:00:00"
"2116","22","13339.00","2023-04-07 00:00:00","2023-04-19 00:00:00"
"2117","22","4515.00","2023-01-10 00:00:00","2023-01-29 00:00:00"
"2118","22","1326.00","2023-10-24 00:00:00","2023-11-13 00:00:00"
"2119","22","13582.00","2023-04-23 00:00:00","2023-05-02 00:00:00"
"2120","22","81207.00","2023-06-03 00:00:00","2023-06-30 00:00:00"
"2121","22","18379.00","2023-02-22 00:00:00","2023-03-02 00:00:00"
"2122","22","20349.00","2023-04-30 00:00:00","2023-05-17 00:00:00"
"2123","22","45295.00","2023-09-15 00:00:00","2023-10-13 00:00:00"
"2124","22","16889.00","2023-07-24 00:00:00","2023-08-01 00:00:00"
"2125","22","25072.00","2023-08-02 00:00:00","2023-08-13 00:00:00"
"2126","22","284.00","2023-02-14 00:00:00","2023-02-19 00:00:00"
"2127","22","9345.00","2023-09-07 00:00:00","2023-09-12 00:00:00"
"2128","22","10027.00","2023-05-07 00:00:00","2023-05-21 00:00:00"
"2129","22","8629.00","2023-01-07 00:00:00","2023-01-23 00:00:00"
"2130","22","18993.00","2023-12-05 00:00:00","2023-12-06 00:00:00"
"2131","22","3862.00","2023-08-02 00:00:00","2023-08-19 00:00:00"
"2132","22","2579.00","2023-07-07 00:00:00","2023-08-02 00:00:00"
"2133","22","1240.00","2023-12-22 00:00:00","2024-01-05 00:00:00"
"2134","22","812.00","2023-03-11 00:00:00","2023-03-21 00:00:00"
"2135","22","24346.00","2023-09-20 00:00:00","2023-10-17 00:00:00"
"2136","22","551.00","2023-05-08 00:00:00","2023-05-17 00:00:00"
"2137","22","28629.00","2023-01-19 00:00:00","2023-01-27 00:00:00"
"2138","22","28694.00","2023-04-22 00:00:00","2023-05-06 00:00:00"
"2139","22","1513.00","2023-04-01 00:00:00","2023-04-23 00:00:00"
"2140","22","932.00","2023-10-28 00:00:00","2023-11-14 00:00:00"
"2141","22","31288.00","2023-09-06 00:00:00","2023-09-09 00:00:00"
"2142","22","641.00","2023-03-25 00:00:00","2023-04-16 00:00:00"
"2143","22","41344.00","2023-01-24 00:00:00","2023-01-27 00:00:00"
"2144","22","12638.00","2023-12-06 00:00:00","2023-12-19 00:00:00"
"2145","22","11494.00","2023-04-28 00:00:00","2023-05-22 00:00:00"
"2146","22","17019.00","2023-03-18 00:00:00","2023-03-28 00:00:00"
"2147","22","36323.00","2023-11-09 00:00:00","2023-11-12 00:00:00"
"2148","22","6645.00","2023-12-12 00:00:00","2023-12-22 00:00:00"
"2149","22","14794.00","2023-12-02 00:00:00","2023-12-20 00:00:00"
"2150","22","4032.00","2023-02-17 00:00:00","2023-03-12 00:00:00"
"2151","22","204.00","2023-01-08 00:00:00","2023-01-11 00:00:00"
"2152","22","52132.00","2023-06-06 00:00:00","2023-06-07 00:00:00"
"2153","22","29931.00","2023-06-28 00:00:00","2023-07-21 00:00:00"
"2154","22","6892.00","2023-03-21 00:00:00","2023-04-13 00:00:00"
"2155","22","32044.00","2023-04-23 00:00:00","2023-05-05 00:00:00"
"2156","22","15747.00","2023-06-22 00:00:00","2023-07-03 00:00:00"
"2157","22","2941.00","2023-05-28 00:00:00","2023-06-26 00:00:00"
"2158","22","34091.00","2023-10-24 00:00:00","2023-10-28 00:00:00"
"2159","22","25818.00","2023-08-31 00:00:00","2023-09-23 00:00:00"
"2160","22","25377.00","2023-10-20 00:00:00","2023-10-21 00:00:00"
"2161","22","1150.00","2023-03-09 00:00:00","2023-03-16 00:00:00"
"2162","22","3968.00","2023-06-02 00:00:00","2023-06-29 00:00:00"
"2163","22","4145.00","2023-02-23 00:00:00","2023-03-13 00:00:00"
"2164","22","21412.00","2023-05-06 00:00:00","2023-05-13 00:00:00"
"2165","22","664.00","2023-01-08 00:00:00","2023-01-17 00:00:00"
"2166","22","52623.00","2023-12-03 00:00:00","2023-12-03 00:00:00"
"2167","22","39293.00","2023-08-23 00:00:00","2023-09-06 00:00:00"
"2168","22","52383.00","2023-09-15 00:00:00","2023-09-21 00:00:00"
"2169","22","14519.00","2023-08-08 00:00:00","2023-08-25 00:00:00"
"2170","22","15397.00","2023-07-21 00:00:00","2023-07-22 00:00:00"
"2171","22","136.00","2023-11-09 00:00:00","2023-11-26 00:00:00"
"2172","22","27850.00","2023-01-22 00:00:00","2023-02-06 00:00:00"
"2173","22","47895.00","2023-02-28 00:00:00","2023-03-26 00:00:00"
"2174","22","31491.00","2023-10-01 00:00:00","2023-10-08 00:00:00"
"2175","22","22006.00","2023-04-15 00:00:00","2023-05-13 00:00:00"
"2176","22","2041.00","2023-09-11 00:00:00","2023-09-20 00:00:00"
"2177","22","33435.00","2023-08-30 00:00:00","2023-09-03 00:00:00"
"2178","22","30794.00","2023-06-19 00:00:00","2023-06-27 00:00:00"
"2179","22","2387.00","2023-07-17 00:00:00","2023-08-15 00:00:00"
"2180","22","12971.00","2023-04-23 00:00:00","2023-05-01 00:00:00"
"2181","22","40794.00","2023-08-01 00:00:00","2023-08-23 00:00:00"
"2182","22","46070.00","2023-05-26 00:00:00","2023-06-03 00:00:00"
"2183","22","48024.00","2023-08-16 00:00:00","2023-08-19 00:00:00"
"2184","22","53994.00","2023-02-04 00:00:00","2023-02-19 00:00:00"
"2185","22","16274.00","2023-12-21 00:00:00","2024-01-10 00:00:00"
"2186","22","9420.00","2023-04-05 00:00:00","2023-04-08 00:00:00"
"2187","22","9540.00","2023-06-17 00:00:00","2023-06-23 00:00:00"
"2188","22","15347.00","2023-04-13 00:00:00","2023-04-13 00:00:00"
"2189","22","18292.00","2023-08-22 00:00:00","2023-09-14 00:00:00"
"2190","22","774.00","2023-05-26 00:00:00","2023-05-27 00:00:00"
"2191","22","56112.00","2023-10-01 00:00:00","2023-10-23 00:00:00"
"2192","22","50109.00","2023-07-15 00:00:00","2023-08-05 00:00:00"
"2193","22","117.00","2023-11-23 00:00:00","2023-11-24 00:00:00"
"2194","22","21296.00","2023-10-26 00:00:00","2023-11-11 00:00:00"
"2195","22","1297.00","2023-03-12 00:00:00","2023-03-17 00:00:00"
"2196","22","57967.00","2023-06-29 00:00:00","2023-07-16 00:00:00"
"2197","22","12589.00","2023-11-07 00:00:00","2023-11-12 00:00:00"
"2198","22","9960.00","2023-02-02 00:00:00","2023-02-14 00:00:00"
"2199","22","28893.00","2023-12-13 00:00:00","2024-01-04 00:00:00"
"2200","22","503.00","2023-07-20 00:00:00","2023-08-09 00:00:00"
"2201","23","4570.00","2023-07-04 00:00:00","2023-07-30 00:00:00"
"2202","23","16490.00","2023-07-09 00:00:00","2023-07-21 00:00:00"
"2203","23","535.00","2023-02-18 00:00:00","2023-03-17 00:00:00"
"2204","23","38958.00","2023-02-17 00:00:00","2023-02-20 00:00:00"
"2205","23","8048.00","2023-01-12 00:00:00","2023-01-25 00:00:00"
"2206","23","1617.00","2023-07-16 00:00:00","2023-08-10 00:00:00"
"2207","23","45993.00","2023-02-05 00:00:00","2023-02-23 00:00:00"
"2208","23","8420.00","2023-05-22 00:00:00","2023-05-25 00:00:00"
"2209","23","45101.00","2023-01-09 00:00:00","2023-01-18 00:00:00"
"2210","23","11237.00","2023-10-28 00:00:00","2023-11-18 00:00:00"
"2211","23","57001.00","2023-10-05 00:00:00","2023-10-27 00:00:00"
"2212","23","953.00","2023-05-22 00:00:00","2023-05-26 00:00:00"
"2213","23","551.00","2023-07-15 00:00:00","2023-07-24 00:00:00"
"2214","23","12349.00","2023-03-31 00:00:00","2023-04-27 00:00:00"
"2215","23","27195.00","2023-09-07 00:00:00","2023-09-07 00:00:00"
"2216","23","4698.00","2023-04-17 00:00:00","2023-05-06 00:00:00"
"2217","23","4893.00","2023-12-23 00:00:00","2024-01-01 00:00:00"
"2218","23","27590.00","2023-10-20 00:00:00","2023-10-31 00:00:00"
"2219","23","24054.00","2023-07-30 00:00:00","2023-08-10 00:00:00"
"2220","23","62292.00","2023-06-23 00:00:00","2023-07-16 00:00:00"
"2221","23","36112.00","2023-04-05 00:00:00","2023-05-02 00:00:00"
"2222","23","24671.00","2023-03-28 00:00:00","2023-04-23 00:00:00"
"2223","23","37125.00","2023-08-14 00:00:00","2023-08-19 00:00:00"
"2224","23","3005.00","2023-05-11 00:00:00","2023-05-14 00:00:00"
"2225","23","10412.00","2023-09-20 00:00:00","2023-10-07 00:00:00"
"2226","23","1363.00","2023-09-07 00:00:00","2023-09-09 00:00:00"
"2227","23","7774.00","2023-08-05 00:00:00","2023-08-16 00:00:00"
"2228","23","590.00","2023-11-16 00:00:00","2023-11-28 00:00:00"
"2229","23","6487.00","2023-08-20 00:00:00","2023-09-02 00:00:00"
"2230","23","440.00","2023-10-19 00:00:00","2023-11-17 00:00:00"
"2231","23","52569.00","2023-01-10 00:00:00","2023-01-19 00:00:00"
"2232","23","13348.00","2023-04-22 00:00:00","2023-05-11 00:00:00"
"2233","23","178.00","2023-10-28 00:00:00","2023-11-16 00:00:00"
"2234","23","30056.00","2023-10-24 00:00:00","2023-10-29 00:00:00"
"2235","23","54535.00","2023-07-04 00:00:00","2023-07-15 00:00:00"
"2236","23","48227.00","2023-09-24 00:00:00","2023-10-14 00:00:00"
"2237","23","16860.00","2023-03-12 00:00:00","2023-03-20 00:00:00"
"2238","23","71196.00","2023-06-22 00:00:00","2023-06-22 00:00:00"
"2239","23","5512.00","2023-01-30 00:00:00","2023-02-28 00:00:00"
"2240","23","1344.00","2023-06-26 00:00:00","2023-06-27 00:00:00"
"2241","23","45112.00","2023-09-19 00:00:00","2023-10-10 00:00:00"
"2242","23","7164.00","2023-01-26 00:00:00","2023-02-04 00:00:00"
"2243","23","22514.00","2023-04-22 00:00:00","2023-05-13 00:00:00"
"2244","23","27273.00","2023-07-18 00:00:00","2023-08-14 00:00:00"
"2245","23","19299.00","2023-10-19 00:00:00","2023-10-24 00:00:00"
"2246","23","632.00","2023-06-20 00:00:00","2023-07-18 00:00:00"
"2247","23","38337.00","2023-02-09 00:00:00","2023-03-07 00:00:00"
"2248","23","75123.00","2023-06-13 00:00:00","2023-06-22 00:00:00"
"2249","23","86283.00","2023-08-29 00:00:00","2023-09-01 00:00:00"
"2250","23","45697.00","2023-10-13 00:00:00","2023-11-05 00:00:00"
"2251","23","4575.00","2023-10-03 00:00:00","2023-10-13 00:00:00"
"2252","23","36445.00","2023-10-30 00:00:00","2023-10-30 00:00:00"
"2253","23","19170.00","2023-06-22 00:00:00","2023-07-02 00:00:00"
"2254","23","147.00","2023-03-01 00:00:00","2023-03-02 00:00:00"
"2255","23","32816.00","2023-10-13 00:00:00","2023-10-26 00:00:00"
"2256","23","6663.00","2023-07-20 00:00:00","2023-07-29 00:00:00"
"2257","23","47997.00","2023-05-10 00:00:00","2023-05-28 00:00:00"
"2258","23","39507.00","2023-03-17 00:00:00","2023-03-19 00:00:00"
"2259","23","2600.00","2023-08-21 00:00:00","2023-09-13 00:00:00"
"2260","23","1272.00","2023-05-27 00:00:00","2023-06-18 00:00:00"
"2261","23","702.00","2023-01-18 00:00:00","2023-02-11 00:00:00"
"2262","23","47994.00","2023-02-12 00:00:00","2023-02-13 00:00:00"
"2263","23","26210.00","2023-09-28 00:00:00","2023-10-16 00:00:00"
"2264","23","21493.00","2023-05-12 00:00:00","2023-06-06 00:00:00"
"2265","23","29567.00","2023-03-30 00:00:00","2023-04-09 00:00:00"
"2266","23","36593.00","2023-04-19 00:00:00","2023-04-19 00:00:00"
"2267","23","30778.00","2023-06-26 00:00:00","2023-07-21 00:00:00"
"2268","23","1142.00","2023-05-08 00:00:00","2023-05-26 00:00:00"
"2269","23","67479.00","2023-12-10 00:00:00","2023-12-15 00:00:00"
"2270","23","21492.00","2023-01-19 00:00:00","2023-02-15 00:00:00"
"2271","23","371.00","2023-01-10 00:00:00","2023-01-11 00:00:00"
"2272","23","28023.00","2023-03-13 00:00:00","2023-04-06 00:00:00"
"2273","23","30959.00","2023-07-29 00:00:00","2023-08-04 00:00:00"
"2274","23","18132.00","2023-02-20 00:00:00","2023-03-11 00:00:00"
"2275","23","2779.00","2023-01-25 00:00:00","2023-02-03 00:00:00"
"2276","23","21572.00","2023-10-23 00:00:00","2023-10-26 00:00:00"
"2277","23","2479.00","2023-09-24 00:00:00","2023-10-04 00:00:00"
"2278","23","1012.00","2023-04-13 00:00:00","2023-04-26 00:00:00"
"2279","23","4681.00","2023-09-28 00:00:00","2023-10-21 00:00:00"
"2280","23","2848.00","2023-10-03 00:00:00","2023-11-01 00:00:00"
"2281","23","1907.00","2023-11-26 00:00:00","2023-12-04 00:00:00"
"2282","23","32870.00","2023-08-13 00:00:00","2023-09-04 00:00:00"
"2283","23","18996.00","2023-08-23 00:00:00","2023-09-11 00:00:00"
"2284","23","10093.00","2023-01-14 00:00:00","2023-02-10 00:00:00"
"2285","23","14110.00","2023-07-11 00:00:00","2023-07-31 00:00:00"
"2286","23","9239.00","2023-02-09 00:00:00","2023-02-19 00:00:00"
"2287","23","10970.00","2023-10-28 00:00:00","2023-11-03 00:00:00"
"2288","23","20660.00","2023-07-30 00:00:00","2023-08-27 00:00:00"
"2289","23","8744.00","2023-09-28 00:00:00","2023-10-15 00:00:00"
"2290","23","1866.00","2023-08-10 00:00:00","2023-08-30 00:00:00"
"2291","23","14928.00","2023-09-25 00:00:00","2023-09-30 00:00:00"
"2292","23","1991.00","2023-04-02 00:00:00","2023-04-30 00:00:00"
"2293","23","72690.00","2023-02-28 00:00:00","2023-03-04 00:00:00"
"2294","23","20465.00","2023-02-25 00:00:00","2023-03-25 00:00:00"
"2295","23","846.00","2023-12-23 00:00:00","2024-01-20 00:00:00"
"2296","23","74990.00","2023-07-02 00:00:00","2023-07-28 00:00:00"
"2297","23","481.00","2023-01-14 00:00:00","2023-02-08 00:00:00"
"2298","23","29788.00","2023-10-19 00:00:00","2023-10-31 00:00:00"
"2299","23","33277.00","2023-11-04 00:00:00","2023-11-15 00:00:00"
"2300","23","27319.00","2023-08-12 00:00:00","2023-08-25 00:00:00"
"2301","24","3147.00","2023-05-08 00:00:00","2023-05-29 00:00:00"
"2302","24","7273.00","2023-04-24 00:00:00","2023-05-06 00:00:00"
"2303","24","12242.00","2023-01-08 00:00:00","2023-01-24 00:00:00"
"2304","24","43994.00","2023-01-28 00:00:00","2023-02-09 00:00:00"
"2305","24","12692.00","2023-01-23 00:00:00","2023-02-15 00:00:00"
"2306","24","17443.00","2023-12-09 00:00:00","2024-01-07 00:00:00"
"2307","24","42138.00","2023-04-13 00:00:00","2023-04-22 00:00:00"
"2308","24","38465.00","2023-03-16 00:00:00","2023-04-06 00:00:00"
"2309","24","42592.00","2023-06-02 00:00:00","2023-06-02 00:00:00"
"2310","24","87831.00","2023-11-19 00:00:00","2023-12-04 00:00:00"
"2311","24","32092.00","2023-01-17 00:00:00","2023-02-01 00:00:00"
"2312","24","25158.00","2023-11-01 00:00:00","2023-11-26 00:00:00"
"2313","24","774.00","2023-09-26 00:00:00","2023-10-16 00:00:00"
"2314","24","74702.00","2023-01-08 00:00:00","2023-01-21 00:00:00"
"2315","24","2016.00","2023-01-16 00:00:00","2023-02-08 00:00:00"
"2316","24","355.00","2023-06-01 00:00:00","2023-06-05 00:00:00"
"2317","24","1643.00","2023-03-06 00:00:00","2023-03-06 00:00:00"
"2318","24","21057.00","2023-05-05 00:00:00","2023-05-22 00:00:00"
"2319","24","3967.00","2023-05-29 00:00:00","2023-06-17 00:00:00"
"2320","24","110987.00","2023-01-29 00:00:00","2023-02-18 00:00:00"
"2321","24","41360.00","2023-09-20 00:00:00","2023-09-28 00:00:00"
"2322","24","18449.00","2023-01-26 00:00:00","2023-02-21 00:00:00"
"2323","24","7854.00","2023-08-15 00:00:00","2023-09-10 00:00:00"
"2324","24","21255.00","2023-02-01 00:00:00","2023-02-17 00:00:00"
"2325","24","21340.00","2023-04-12 00:00:00","2023-04-14 00:00:00"
"2326","24","33474.00","2023-12-25 00:00:00","2024-01-12 00:00:00"
"2327","24","1495.00","2023-09-18 00:00:00","2023-10-06 00:00:00"
"2328","24","34695.00","2023-01-09 00:00:00","2023-02-03 00:00:00"
"2329","24","63653.00","2023-05-25 00:00:00","2023-06-22 00:00:00"
"2330","24","1355.00","2023-06-18 00:00:00","2023-07-10 00:00:00"
"2331","24","2911.00","2023-10-03 00:00:00","2023-10-13 00:00:00"
"2332","24","56317.00","2023-01-28 00:00:00","2023-02-21 00:00:00"
"2333","24","1238.00","2023-02-06 00:00:00","2023-02-25 00:00:00"
"2334","24","28178.00","2023-11-08 00:00:00","2023-11-15 00:00:00"
"2335","24","894.00","2023-06-18 00:00:00","2023-07-15 00:00:00"
"2336","24","933.00","2023-11-16 00:00:00","2023-11-22 00:00:00"
"2337","24","1748.00","2023-10-11 00:00:00","2023-10-28 00:00:00"
"2338","24","59312.00","2023-11-26 00:00:00","2023-12-05 00:00:00"
"2339","24","2350.00","2023-03-06 00:00:00","2023-03-16 00:00:00"
"2340","24","3363.00","2023-03-26 00:00:00","2023-04-21 00:00:00"
"2341","24","338.00","2023-09-01 00:00:00","2023-09-15 00:00:00"
"2342","24","3978.00","2023-12-09 00:00:00","2023-12-14 00:00:00"
"2343","24","8243.00","2023-05-16 00:00:00","2023-06-04 00:00:00"
"2344","24","56193.00","2023-07-27 00:00:00","2023-08-11 00:00:00"
"2345","24","5117.00","2023-06-20 00:00:00","2023-07-11 00:00:00"
"2346","24","44167.00","2023-10-13 00:00:00","2023-10-13 00:00:00"
"2347","24","2387.00","2023-10-28 00:00:00","2023-11-02 00:00:00"
"2348","24","10071.00","2023-12-01 00:00:00","2023-12-27 00:00:00"
"2349","24","1453.00","2023-01-13 00:00:00","2023-02-10 00:00:00"
"2350","24","1402.00","2023-01-06 00:00:00","2023-01-19 00:00:00"
"2351","24","2262.00","2023-10-26 00:00:00","2023-11-16 00:00:00"
"2352","24","30539.00","2023-11-17 00:00:00","2023-12-11 00:00:00"
"2353","24","117.00","2023-11-27 00:00:00","2023-12-15 00:00:00"
"2354","24","19142.00","2023-06-07 00:00:00","2023-06-20 00:00:00"
"2355","24","50248.00","2023-08-18 00:00:00","2023-08-27 00:00:00"
"2356","24","1576.00","2023-05-10 00:00:00","2023-05-16 00:00:00"
"2357","24","41518.00","2023-10-27 00:00:00","2023-10-30 00:00:00"
"2358","24","9619.00","2023-02-16 00:00:00","2023-02-21 00:00:00"
"2359","24","935.00","2023-09-04 00:00:00","2023-09-20 00:00:00"
"2360","24","3132.00","2023-10-11 00:00:00","2023-10-12 00:00:00"
"2361","24","13785.00","2023-10-08 00:00:00","2023-10-13 00:00:00"
"2362","24","1742.00","2023-05-19 00:00:00","2023-05-21 00:00:00"
"2363","24","45381.00","2023-03-27 00:00:00","2023-04-12 00:00:00"
"2364","24","29601.00","2023-05-21 00:00:00","2023-05-23 00:00:00"
"2365","24","2731.00","2023-12-14 00:00:00","2023-12-30 00:00:00"
"2366","24","25349.00","2023-02-07 00:00:00","2023-02-18 00:00:00"
"2367","24","1528.00","2023-07-17 00:00:00","2023-08-05 00:00:00"
"2368","24","2593.00","2023-12-16 00:00:00","2023-12-28 00:00:00"
"2369","24","9512.00","2023-04-09 00:00:00","2023-04-28 00:00:00"
"2370","24","15400.00","2023-06-03 00:00:00","2023-06-21 00:00:00"
"2371","24","55691.00","2023-02-19 00:00:00","2023-03-03 00:00:00"
"2372","24","41041.00","2023-06-23 00:00:00","2023-06-28 00:00:00"
"2373","24","21777.00","2023-04-01 00:00:00","2023-04-03 00:00:00"
"2374","24","2097.00","2023-02-22 00:00:00","2023-03-02 00:00:00"
"2375","24","21237.00","2023-09-04 00:00:00","2023-09-06 00:00:00"
"2376","24","256.00","2023-01-22 00:00:00","2023-02-17 00:00:00"
"2377","24","33489.00","2023-05-09 00:00:00","2023-05-24 00:00:00"
"2378","24","27142.00","2023-09-06 00:00:00","2023-10-02 00:00:00"
"2379","24","4573.00","2023-08-13 00:00:00","2023-08-25 00:00:00"
"2380","24","1543.00","2023-06-01 00:00:00","2023-06-03 00:00:00"
"2381","24","46869.00","2023-01-31 00:00:00","2023-02-13 00:00:00"
"2382","24","1578.00","2023-02-23 00:00:00","2023-03-12 00:00:00"
"2383","24","12126.00","2023-05-01 00:00:00","2023-05-04 00:00:00"
"2384","24","58992.00","2023-08-26 00:00:00","2023-09-20 00:00:00"
"2385","24","40993.00","2023-08-14 00:00:00","2023-08-21 00:00:00"
"2386","24","819.00","2023-06-28 00:00:00","2023-06-28 00:00:00"
"2387","24","12885.00","2023-05-19 00:00:00","2023-06-03 00:00:00"
"2388","24","37761.00","2023-12-21 00:00:00","2024-01-04 00:00:00"
"2389","24","10788.00","2023-02-06 00:00:00","2023-02-10 00:00:00"
"2390","24","32795.00","2023-09-07 00:00:00","2023-09-13 00:00:00"
"2391","24","34464.00","2023-06-10 00:00:00","2023-06-22 00:00:00"
"2392","24","5593.00","2023-11-14 00:00:00","2023-11-15 00:00:00"
"2393","24","27535.00","2023-01-09 00:00:00","2023-01-31 00:00:00"
"2394","24","147.00","2023-07-20 00:00:00","2023-08-15 00:00:00"
"2395","24","35625.00","2023-06-05 00:00:00","2023-06-23 00:00:00"
"2396","24","2462.00","2023-04-17 00:00:00","2023-04-27 00:00:00"
"2397","24","472.00","2023-06-25 00:00:00","2023-06-28 00:00:00"
"2398","24","12355.00","2023-06-15 00:00:00","2023-06-15 00:00:00"
"2399","24","210.00","2023-07-14 00:00:00","2023-07-14 00:00:00"
"2400","24","9401.00","2023-11-05 00:00:00","2023-11-16 00:00:00"
"2401","25","28046.00","2023-08-17 00:00:00","2023-08-25 00:00:00"
"2402","25","64607.00","2023-05-05 00:00:00","2023-05-12 00:00:00"
"2403","25","1138.00","2023-12-09 00:00:00","2024-01-07 00:00:00"
"2404","25","527.00","2023-06-15 00:00:00","2023-07-02 00:00:00"
"2405","25","2090.00","2023-02-22 00:00:00","2023-03-15 00:00:00"
"2406","25","164.00","2023-04-08 00:00:00","2023-04-19 00:00:00"
"2407","25","32315.00","2023-12-26 00:00:00","2024-01-15 00:00:00"
"2408","25","717.00","2023-07-06 00:00:00","2023-07-25 00:00:00"
"2409","25","41277.00","2023-09-20 00:00:00","2023-09-20 00:00:00"
"2410","25","52693.00","2023-10-02 00:00:00","2023-10-15 00:00:00"
"2411","25","2246.00","2023-09-17 00:00:00","2023-10-14 00:00:00"
"2412","25","834.00","2023-07-31 00:00:00","2023-08-28 00:00:00"
"2413","25","30856.00","2023-03-22 00:00:00","2023-04-03 00:00:00"
"2414","25","16044.00","2023-05-10 00:00:00","2023-05-31 00:00:00"
"2415","25","6987.00","2023-08-12 00:00:00","2023-08-15 00:00:00"
"2416","25","1882.00","2023-09-13 00:00:00","2023-09-19 00:00:00"
"2417","25","1295.00","2023-01-10 00:00:00","2023-01-14 00:00:00"
"2418","25","15397.00","2023-04-25 00:00:00","2023-05-09 00:00:00"
"2419","25","6057.00","2023-10-01 00:00:00","2023-10-22 00:00:00"
"2420","25","474.00","2023-04-22 00:00:00","2023-04-24 00:00:00"
"2421","25","47992.00","2023-07-02 00:00:00","2023-07-07 00:00:00"
"2422","25","36286.00","2023-02-24 00:00:00","2023-03-03 00:00:00"
"2423","25","1412.00","2023-07-21 00:00:00","2023-07-28 00:00:00"
"2424","25","67872.00","2023-03-04 00:00:00","2023-03-24 00:00:00"
"2425","25","4823.00","2023-03-12 00:00:00","2023-04-03 00:00:00"
"2426","25","885.00","2023-07-17 00:00:00","2023-08-11 00:00:00"
"2427","25","1636.00","2023-06-25 00:00:00","2023-06-26 00:00:00"
"2428","25","9518.00","2023-04-13 00:00:00","2023-05-03 00:00:00"
"2429","25","4905.00","2023-11-17 00:00:00","2023-11-18 00:00:00"
"2430","25","1093.00","2023-08-22 00:00:00","2023-09-10 00:00:00"
"2431","25","50990.00","2023-04-02 00:00:00","2023-04-16 00:00:00"
"2432","25","8137.00","2023-11-24 00:00:00","2023-12-19 00:00:00"
"2433","25","65687.00","2023-05-17 00:00:00","2023-06-02 00:00:00"
"2434","25","27321.00","2023-05-12 00:00:00","2023-05-27 00:00:00"
"2435","25","1601.00","2023-06-02 00:00:00","2023-07-01 00:00:00"
"2436","25","9911.00","2023-03-29 00:00:00","2023-04-13 00:00:00"
"2437","25","1957.00","2023-08-16 00:00:00","2023-09-14 00:00:00"
"2438","25","886.00","2023-07-28 00:00:00","2023-08-26 00:00:00"
"2439","25","3381.00","2023-01-30 00:00:00","2023-02-06 00:00:00"
"2440","25","2108.00","2023-12-17 00:00:00","2023-12-30 00:00:00"
"2441","25","20394.00","2023-02-17 00:00:00","2023-03-15 00:00:00"
"2442","25","617.00","2023-08-05 00:00:00","2023-08-20 00:00:00"
"2443","25","21431.00","2023-05-15 00:00:00","2023-05-28 00:00:00"
"2444","25","23099.00","2023-02-20 00:00:00","2023-03-15 00:00:00"
"2445","25","14995.00","2023-01-30 00:00:00","2023-02-03 00:00:00"
"2446","25","38609.00","2023-01-02 00:00:00","2023-01-08 00:00:00"
"2447","25","19003.00","2023-01-14 00:00:00","2023-01-20 00:00:00"
"2448","25","3347.00","2023-10-18 00:00:00","2023-10-21 00:00:00"
"2449","25","6215.00","2023-06-25 00:00:00","2023-07-11 00:00:00"
"2450","25","910.00","2023-08-07 00:00:00","2023-08-25 00:00:00"
"2451","25","44429.00","2023-06-08 00:00:00","2023-06-13 00:00:00"
"2452","25","24377.00","2023-03-05 00:00:00","2023-03-26 00:00:00"
"2453","25","534.00","2023-09-26 00:00:00","2023-10-18 00:00:00"
"2454","25","65587.00","2023-11-14 00:00:00","2023-12-01 00:00:00"
"2455","25","52172.00","2023-12-11 00:00:00","2023-12-18 00:00:00"
"2456","25","22346.00","2023-07-19 00:00:00","2023-07-22 00:00:00"
"2457","25","11088.00","2023-04-09 00:00:00","2023-04-29 00:00:00"
"2458","25","40244.00","2023-05-28 00:00:00","2023-06-23 00:00:00"
"2459","25","53267.00","2023-04-21 00:00:00","2023-04-26 00:00:00"
"2460","25","51993.00","2023-12-09 00:00:00","2023-12-26 00:00:00"
"2461","25","3269.00","2023-12-06 00:00:00","2024-01-02 00:00:00"
"2462","25","3899.00","2023-12-15 00:00:00","2024-01-13 00:00:00"
"2463","25","32626.00","2023-01-09 00:00:00","2023-01-13 00:00:00"
"2464","25","275.00","2023-05-26 00:00:00","2023-06-18 00:00:00"
"2465","25","1385.00","2023-07-21 00:00:00","2023-07-28 00:00:00"
"2466","25","24913.00","2023-05-27 00:00:00","2023-06-01 00:00:00"
"2467","25","5606.00","2023-03-18 00:00:00","2023-03-19 00:00:00"
"2468","25","462.00","2023-06-05 00:00:00","2023-06-12 00:00:00"
"2469","25","7285.00","2023-04-14 00:00:00","2023-04-14 00:00:00"
"2470","25","13056.00","2023-05-27 00:00:00","2023-06-09 00:00:00"
"2471","25","27393.00","2023-02-21 00:00:00","2023-03-09 00:00:00"
"2472","25","23349.00","2023-06-24 00:00:00","2023-07-16 00:00:00"
"2473","25","9689.00","2023-05-26 00:00:00","2023-06-14 00:00:00"
"2474","25","49382.00","2023-12-25 00:00:00","2024-01-05 00:00:00"
"2475","25","18352.00","2023-06-20 00:00:00","2023-06-27 00:00:00"
"2476","25","18353.00","2023-02-02 00:00:00","2023-02-28 00:00:00"
"2477","25","36065.00","2023-03-26 00:00:00","2023-03-28 00:00:00"
"2478","25","18142.00","2023-02-06 00:00:00","2023-03-04 00:00:00"
"2479","25","3042.00","2023-08-20 00:00:00","2023-09-01 00:00:00"
"2480","25","773.00","2023-01-31 00:00:00","2023-02-26 00:00:00"
"2481","25","20504.00","2023-04-29 00:00:00","2023-05-07 00:00:00"
"2482","25","30151.00","2023-12-15 00:00:00","2023-12-26 00:00:00"
"2483","25","27631.00","2023-01-29 00:00:00","2023-02-13 00:00:00"
"2484","25","33798.00","2023-06-07 00:00:00","2023-06-18 00:00:00"
"2485","25","4384.00","2023-03-17 00:00:00","2023-04-10 00:00:00"
"2486","25","21825.00","2023-12-30 00:00:00","2024-01-12 00:00:00"
"2487","25","2056.00","2023-04-16 00:00:00","2023-04-28 00:00:00"
"2488","25","2141.00","2023-10-21 00:00:00","2023-11-07 00:00:00"
"2489","25","27909.00","2023-03-24 00:00:00","2023-04-22 00:00:00"
"2490","25","3743.00","2023-02-21 00:00:00","2023-02-26 00:00:00"
"2491","25","36105.00","2023-07-11 00:00:00","2023-08-02 00:00:00"
"2492","25","1166.00","2023-02-05 00:00:00","2023-02-19 00:00:00"
"2493","25","4477.00","2023-06-21 00:00:00","2023-06-29 00:00:00"
"2494","25","20094.00","2023-05-28 00:00:00","2023-06-07 00:00:00"
"2495","25","2887.00","2023-01-24 00:00:00","2023-02-14 00:00:00"
"2496","25","29164.00","2023-01-28 00:00:00","2023-01-31 00:00:00"
"2497","25","1203.00","2023-07-01 00:00:00","2023-07-05 00:00:00"
"2498","25","2165.00","2023-04-12 00:00:00","2023-05-10 00:00:00"
"2499","25","2994.00","2023-10-21 00:00:00","2023-11-18 00:00:00"
"2500","25","305.00","2023-09-03 00:00:00","2023-09-09 00:00:00"
"2501","26","19165.00","2023-12-10 00:00:00","2023-12-15 00:00:00"
"2502","26","1112.00","2023-04-23 00:00:00","2023-05-08 00:00:00"
"2503","26","18744.00","2023-12-05 00:00:00","2023-12-08 00:00:00"
"2504","26","26462.00","2023-03-14 00:00:00","2023-03-23 00:00:00"
"2505","26","12173.00","2023-07-26 00:00:00","2023-08-21 00:00:00"
"2506","26","3459.00","2023-04-04 00:00:00","2023-04-22 00:00:00"
"2507","26","206.00","2023-06-20 00:00:00","2023-06-26 00:00:00"
"2508","26","21493.00","2023-04-03 00:00:00","2023-05-02 00:00:00"
"2509","26","713.00","2023-05-30 00:00:00","2023-05-31 00:00:00"
"2510","26","2762.00","2023-03-05 00:00:00","2023-03-29 00:00:00"
"2511","26","12927.00","2023-11-06 00:00:00","2023-11-15 00:00:00"
"2512","26","2535.00","2023-07-16 00:00:00","2023-08-01 00:00:00"
"2513","26","40608.00","2023-03-17 00:00:00","2023-04-06 00:00:00"
"2514","26","490.00","2023-07-03 00:00:00","2023-07-30 00:00:00"
"2515","26","2219.00","2023-01-12 00:00:00","2023-01-31 00:00:00"
"2516","26","2455.00","2023-04-18 00:00:00","2023-04-28 00:00:00"
"2517","26","1641.00","2023-09-20 00:00:00","2023-10-18 00:00:00"
"2518","26","27703.00","2023-05-18 00:00:00","2023-05-31 00:00:00"
"2519","26","4019.00","2023-09-30 00:00:00","2023-10-24 00:00:00"
"2520","26","584.00","2023-10-22 00:00:00","2023-10-24 00:00:00"
"2521","26","2993.00","2023-09-16 00:00:00","2023-09-16 00:00:00"
"2522","26","799.00","2023-01-05 00:00:00","2023-01-22 00:00:00"
"2523","26","736.00","2023-12-02 00:00:00","2023-12-03 00:00:00"
"2524","26","31730.00","2023-07-30 00:00:00","2023-08-18 00:00:00"
"2525","26","525.00","2023-07-30 00:00:00","2023-08-03 00:00:00"
"2526","26","12016.00","2023-12-19 00:00:00","2024-01-12 00:00:00"
"2527","26","9597.00","2023-08-03 00:00:00","2023-08-09 00:00:00"
"2528","26","575.00","2023-10-02 00:00:00","2023-10-28 00:00:00"
"2529","26","374.00","2023-05-31 00:00:00","2023-06-13 00:00:00"
"2530","26","4902.00","2023-12-03 00:00:00","2023-12-16 00:00:00"
"2531","26","1840.00","2023-09-19 00:00:00","2023-10-01 00:00:00"
"2532","26","326.00","2023-12-02 00:00:00","2023-12-26 00:00:00"
"2533","26","2878.00","2023-10-25 00:00:00","2023-10-30 00:00:00"
"2534","26","33994.00","2023-11-20 00:00:00","2023-11-30 00:00:00"
"2535","26","33181.00","2023-12-25 00:00:00","2024-01-17 00:00:00"
"2536","26","2367.00","2023-07-20 00:00:00","2023-08-08 00:00:00"
"2537","26","2162.00","2023-02-19 00:00:00","2023-03-13 00:00:00"
"2538","26","387.00","2023-03-04 00:00:00","2023-03-08 00:00:00"
"2539","26","591.00","2023-07-12 00:00:00","2023-07-29 00:00:00"
"2540","26","18153.00","2023-03-15 00:00:00","2023-03-26 00:00:00"
"2541","26","2866.00","2023-11-09 00:00:00","2023-11-27 00:00:00"
"2542","26","456.00","2023-05-05 00:00:00","2023-05-12 00:00:00"
"2543","26","38511.00","2023-04-02 00:00:00","2023-04-02 00:00:00"
"2544","26","67202.00","2023-11-18 00:00:00","2023-12-03 00:00:00"
"2545","26","1943.00","2023-03-14 00:00:00","2023-03-22 00:00:00"
"2546","26","31727.00","2023-07-14 00:00:00","2023-07-28 00:00:00"
"2547","26","920.00","2023-12-09 00:00:00","2023-12-28 00:00:00"
"2548","26","500.00","2023-06-05 00:00:00","2023-06-12 00:00:00"
"2549","26","6473.00","2023-07-30 00:00:00","2023-08-13 00:00:00"
"2550","26","36611.00","2023-08-03 00:00:00","2023-08-21 00:00:00"
"2551","26","6427.00","2023-09-27 00:00:00","2023-10-18 00:00:00"
"2552","26","18514.00","2023-11-26 00:00:00","2023-12-25 00:00:00"
"2553","26","36519.00","2023-11-05 00:00:00","2023-11-22 00:00:00"
"2554","26","27587.00","2023-06-12 00:00:00","2023-07-08 00:00:00"
"2555","26","9997.00","2023-02-20 00:00:00","2023-03-20 00:00:00"
"2556","26","10593.00","2023-06-09 00:00:00","2023-06-24 00:00:00"
"2557","26","1232.00","2023-08-09 00:00:00","2023-08-11 00:00:00"
"2558","26","33883.00","2023-02-09 00:00:00","2023-02-10 00:00:00"
"2559","26","2353.00","2023-08-07 00:00:00","2023-08-22 00:00:00"
"2560","26","4581.00","2023-12-07 00:00:00","2023-12-23 00:00:00"
"2561","26","26595.00","2023-04-02 00:00:00","2023-04-26 00:00:00"
"2562","26","21561.00","2023-11-23 00:00:00","2023-12-06 00:00:00"
"2563","26","492.00","2023-08-05 00:00:00","2023-08-17 00:00:00"
"2564","26","8362.00","2023-04-24 00:00:00","2023-05-09 00:00:00"
"2565","26","10081.00","2023-07-18 00:00:00","2023-07-29 00:00:00"
"2566","26","59230.00","2023-11-03 00:00:00","2023-11-18 00:00:00"
"2567","26","28553.00","2023-01-13 00:00:00","2023-01-14 00:00:00"
"2568","26","14509.00","2023-06-22 00:00:00","2023-07-14 00:00:00"
"2569","26","973.00","2023-06-30 00:00:00","2023-07-21 00:00:00"
"2570","26","52176.00","2023-09-28 00:00:00","2023-10-26 00:00:00"
"2571","26","48271.00","2023-10-22 00:00:00","2023-11-16 00:00:00"
"2572","26","21013.00","2023-01-11 00:00:00","2023-01-24 00:00:00"
"2573","26","27149.00","2023-02-24 00:00:00","2023-02-27 00:00:00"
"2574","26","5336.00","2023-09-18 00:00:00","2023-10-16 00:00:00"
"2575","26","10442.00","2023-03-22 00:00:00","2023-03-26 00:00:00"
"2576","26","3072.00","2023-05-27 00:00:00","2023-06-11 00:00:00"
"2577","26","28805.00","2023-06-28 00:00:00","2023-07-20 00:00:00"
"2578","26","23665.00","2023-08-08 00:00:00","2023-09-04 00:00:00"
"2579","26","73418.00","2023-04-12 00:00:00","2023-04-12 00:00:00"
"2580","26","1374.00","2023-01-31 00:00:00","2023-02-27 00:00:00"
"2581","26","42030.00","2023-07-28 00:00:00","2023-08-23 00:00:00"
"2582","26","79184.00","2023-12-07 00:00:00","2023-12-25 00:00:00"
"2583","26","2495.00","2023-07-19 00:00:00","2023-07-31 00:00:00"
"2584","26","36331.00","2023-06-03 00:00:00","2023-06-29 00:00:00"
"2585","26","17393.00","2023-12-04 00:00:00","2023-12-31 00:00:00"
"2586","26","1068.00","2023-02-01 00:00:00","2023-02-23 00:00:00"
"2587","26","65789.00","2023-10-23 00:00:00","2023-11-18 00:00:00"
"2588","26","36641.00","2023-05-17 00:00:00","2023-05-21 00:00:00"
"2589","26","47992.00","2023-03-25 00:00:00","2023-04-17 00:00:00"
"2590","26","34777.00","2023-05-16 00:00:00","2023-05-31 00:00:00"
"2591","26","14036.00","2023-05-29 00:00:00","2023-06-12 00:00:00"
"2592","26","14994.00","2023-03-19 00:00:00","2023-03-22 00:00:00"
"2593","26","9845.00","2023-12-01 00:00:00","2023-12-01 00:00:00"
"2594","26","27894.00","2023-01-23 00:00:00","2023-01-29 00:00:00"
"2595","26","18632.00","2023-09-21 00:00:00","2023-10-14 00:00:00"
"2596","26","2618.00","2023-08-19 00:00:00","2023-09-12 00:00:00"
"2597","26","36939.00","2023-05-23 00:00:00","2023-06-19 00:00:00"
"2598","26","3141.00","2023-03-03 00:00:00","2023-03-11 00:00:00"
"2599","26","463.00","2023-08-24 00:00:00","2023-09-21 00:00:00"
"2600","26","587.00","2023-01-27 00:00:00","2023-01-31 00:00:00"
"2601","27","5038.00","2023-12-13 00:00:00","2023-12-22 00:00:00"
"2602","27","40391.00","2023-04-21 00:00:00","2023-04-26 00:00:00"
"2603","27","23674.00","2023-12-06 00:00:00","2024-01-02 00:00:00"
"2604","27","1797.00","2023-10-27 00:00:00","2023-11-21 00:00:00"
"2605","27","47580.00","2023-01-18 00:00:00","2023-02-05 00:00:00"
"2606","27","14527.00","2023-09-30 00:00:00","2023-10-09 00:00:00"
"2607","27","61111.00","2023-10-21 00:00:00","2023-11-13 00:00:00"
"2608","27","46451.00","2023-08-18 00:00:00","2023-09-13 00:00:00"
"2609","27","7981.00","2023-05-19 00:00:00","2023-06-04 00:00:00"
"2610","27","1548.00","2023-09-10 00:00:00","2023-09-25 00:00:00"
"2611","27","511.00","2023-08-25 00:00:00","2023-09-03 00:00:00"
"2612","27","37281.00","2023-02-25 00:00:00","2023-03-14 00:00:00"
"2613","27","8365.00","2023-06-18 00:00:00","2023-07-15 00:00:00"
"2614","27","5177.00","2023-10-15 00:00:00","2023-10-17 00:00:00"
"2615","27","21016.00","2023-10-18 00:00:00","2023-11-08 00:00:00"
"2616","27","12035.00","2023-05-15 00:00:00","2023-06-13 00:00:00"
"2617","27","321.00","2023-03-05 00:00:00","2023-04-03 00:00:00"
"2618","27","2438.00","2023-11-24 00:00:00","2023-11-28 00:00:00"
"2619","27","17890.00","2023-09-28 00:00:00","2023-10-21 00:00:00"
"2620","27","30675.00","2023-08-30 00:00:00","2023-09-09 00:00:00"
"2621","27","2411.00","2023-08-05 00:00:00","2023-08-16 00:00:00"
"2622","27","19055.00","2023-03-03 00:00:00","2023-03-18 00:00:00"
"2623","27","1536.00","2023-05-18 00:00:00","2023-05-19 00:00:00"
"2624","27","214.00","2023-05-11 00:00:00","2023-05-28 00:00:00"
"2625","27","38609.00","2023-05-08 00:00:00","2023-05-30 00:00:00"
"2626","27","3681.00","2023-08-03 00:00:00","2023-08-14 00:00:00"
"2627","27","8513.00","2023-01-04 00:00:00","2023-01-28 00:00:00"
"2628","27","28899.00","2023-09-28 00:00:00","2023-10-22 00:00:00"
"2629","27","84059.00","2023-06-26 00:00:00","2023-07-20 00:00:00"
"2630","27","615.00","2023-02-15 00:00:00","2023-03-12 00:00:00"
"2631","27","67967.00","2023-01-29 00:00:00","2023-02-24 00:00:00"
"2632","27","51233.00","2023-07-22 00:00:00","2023-07-27 00:00:00"
"2633","27","5650.00","2023-03-20 00:00:00","2023-03-20 00:00:00"
"2634","27","9126.00","2023-03-22 00:00:00","2023-04-16 00:00:00"
"2635","27","316.00","2023-09-28 00:00:00","2023-10-21 00:00:00"
"2636","27","2292.00","2023-09-12 00:00:00","2023-09-20 00:00:00"
"2637","27","2237.00","2023-03-30 00:00:00","2023-04-15 00:00:00"
"2638","27","27297.00","2023-10-26 00:00:00","2023-10-30 00:00:00"
"2639","27","474.00","2023-12-25 00:00:00","2023-12-26 00:00:00"
"2640","27","2769.00","2023-12-08 00:00:00","2024-01-06 00:00:00"
"2641","27","17551.00","2023-10-19 00:00:00","2023-10-22 00:00:00"
"2642","27","16114.00","2023-12-20 00:00:00","2024-01-16 00:00:00"
"2643","27","1432.00","2023-07-11 00:00:00","2023-07-30 00:00:00"
"2644","27","95.00","2023-09-18 00:00:00","2023-10-14 00:00:00"
"2645","27","1201.00","2023-12-10 00:00:00","2023-12-29 00:00:00"
"2646","27","53031.00","2023-02-12 00:00:00","2023-02-20 00:00:00"
"2647","27","40044.00","2023-09-18 00:00:00","2023-09-24 00:00:00"
"2648","27","1786.00","2023-07-28 00:00:00","2023-08-06 00:00:00"
"2649","27","882.00","2023-09-16 00:00:00","2023-09-27 00:00:00"
"2650","27","2003.00","2023-08-06 00:00:00","2023-08-28 00:00:00"
"2651","27","636.00","2023-09-12 00:00:00","2023-10-07 00:00:00"
"2652","27","4242.00","2023-05-23 00:00:00","2023-06-20 00:00:00"
"2653","27","20651.00","2023-09-28 00:00:00","2023-10-02 00:00:00"
"2654","27","842.00","2023-03-19 00:00:00","2023-04-03 00:00:00"
"2655","27","24297.00","2023-11-29 00:00:00","2023-12-10 00:00:00"
"2656","27","525.00","2023-03-04 00:00:00","2023-03-24 00:00:00"
"2657","27","88.00","2023-01-02 00:00:00","2023-01-22 00:00:00"
"2658","27","46665.00","2023-07-07 00:00:00","2023-07-17 00:00:00"
"2659","27","5397.00","2023-08-27 00:00:00","2023-09-15 00:00:00"
"2660","27","43864.00","2023-02-01 00:00:00","2023-02-14 00:00:00"
"2661","27","53936.00","2023-08-07 00:00:00","2023-08-17 00:00:00"
"2662","27","1947.00","2023-12-21 00:00:00","2024-01-08 00:00:00"
"2663","27","10004.00","2023-09-06 00:00:00","2023-09-10 00:00:00"
"2664","27","16985.00","2023-06-05 00:00:00","2023-06-28 00:00:00"
"2665","27","46680.00","2023-04-04 00:00:00","2023-04-15 00:00:00"
"2666","27","1428.00","2023-03-18 00:00:00","2023-03-21 00:00:00"
"2667","27","23874.00","2023-01-04 00:00:00","2023-01-30 00:00:00"
"2668","27","39355.00","2023-12-20 00:00:00","2023-12-25 00:00:00"
"2669","27","28680.00","2023-06-24 00:00:00","2023-07-17 00:00:00"
"2670","27","108.00","2023-04-27 00:00:00","2023-05-12 00:00:00"
"2671","27","41579.00","2023-06-24 00:00:00","2023-07-17 00:00:00"
"2672","27","49032.00","2023-02-11 00:00:00","2023-03-02 00:00:00"
"2673","27","27199.00","2023-09-08 00:00:00","2023-09-09 00:00:00"
"2674","27","5822.00","2023-09-19 00:00:00","2023-10-11 00:00:00"
"2675","27","36085.00","2023-10-20 00:00:00","2023-10-28 00:00:00"
"2676","27","510.00","2023-01-07 00:00:00","2023-01-22 00:00:00"
"2677","27","8966.00","2023-06-13 00:00:00","2023-06-29 00:00:00"
"2678","27","483.00","2023-12-25 00:00:00","2023-12-26 00:00:00"
"2679","27","73174.00","2023-03-17 00:00:00","2023-03-23 00:00:00"
"2680","27","14720.00","2023-01-19 00:00:00","2023-02-15 00:00:00"
"2681","27","15107.00","2023-11-02 00:00:00","2023-11-11 00:00:00"
"2682","27","1050.00","2023-04-08 00:00:00","2023-04-19 00:00:00"
"2683","27","51312.00","2023-10-24 00:00:00","2023-11-02 00:00:00"
"2684","27","31252.00","2023-06-16 00:00:00","2023-06-18 00:00:00"
"2685","27","5937.00","2023-09-27 00:00:00","2023-10-19 00:00:00"
"2686","27","15082.00","2023-11-01 00:00:00","2023-11-06 00:00:00"
"2687","27","10767.00","2023-05-07 00:00:00","2023-05-26 00:00:00"
"2688","27","6541.00","2023-08-31 00:00:00","2023-09-27 00:00:00"
"2689","27","18643.00","2023-03-22 00:00:00","2023-04-17 00:00:00"
"2690","27","20511.00","2023-07-27 00:00:00","2023-07-29 00:00:00"
"2691","27","49792.00","2023-07-03 00:00:00","2023-07-21 00:00:00"
"2692","27","639.00","2023-11-20 00:00:00","2023-12-12 00:00:00"
"2693","27","35748.00","2023-08-06 00:00:00","2023-08-16 00:00:00"
"2694","27","9557.00","2023-10-15 00:00:00","2023-10-20 00:00:00"
"2695","27","72564.00","2023-08-20 00:00:00","2023-09-06 00:00:00"
"2696","27","298.00","2023-03-03 00:00:00","2023-03-24 00:00:00"
"2697","27","24074.00","2023-12-14 00:00:00","2023-12-18 00:00:00"
"2698","27","14634.00","2023-12-01 00:00:00","2023-12-14 00:00:00"
"2699","27","3562.00","2023-04-21 00:00:00","2023-04-23 00:00:00"
"2700","27","5162.00","2023-06-05 00:00:00","2023-06-16 00:00:00"
"2701","28","27114.00","2023-11-27 00:00:00","2023-12-22 00:00:00"
"2702","28","2233.00","2023-07-23 00:00:00","2023-08-13 00:00:00"
"2703","28","20743.00","2023-06-25 00:00:00","2023-06-29 00:00:00"
"2704","28","313.00","2023-10-13 00:00:00","2023-10-27 00:00:00"
"2705","28","4330.00","2023-03-26 00:00:00","2023-04-05 00:00:00"
"2706","28","4571.00","2023-04-23 00:00:00","2023-04-23 00:00:00"
"2707","28","40113.00","2023-09-29 00:00:00","2023-10-20 00:00:00"
"2708","28","41337.00","2023-05-21 00:00:00","2023-06-14 00:00:00"
"2709","28","563.00","2023-01-21 00:00:00","2023-02-09 00:00:00"
"2710","28","3795.00","2023-09-18 00:00:00","2023-09-22 00:00:00"
"2711","28","74839.00","2023-04-13 00:00:00","2023-04-30 00:00:00"
"2712","28","2017.00","2023-08-30 00:00:00","2023-09-05 00:00:00"
"2713","28","1875.00","2023-09-15 00:00:00","2023-09-30 00:00:00"
"2714","28","17115.00","2023-05-30 00:00:00","2023-06-03 00:00:00"
"2715","28","265.00","2023-06-03 00:00:00","2023-06-12 00:00:00"
"2716","28","593.00","2023-01-22 00:00:00","2023-02-13 00:00:00"
"2717","28","11016.00","2023-07-31 00:00:00","2023-08-18 00:00:00"
"2718","28","56992.00","2023-06-24 00:00:00","2023-06-24 00:00:00"
"2719","28","20841.00","2023-07-03 00:00:00","2023-07-23 00:00:00"
"2720","28","53568.00","2023-06-10 00:00:00","2023-07-07 00:00:00"
"2721","28","700.00","2023-06-15 00:00:00","2023-06-18 00:00:00"
"2722","28","304.00","2023-10-17 00:00:00","2023-10-17 00:00:00"
"2723","28","893.00","2023-07-22 00:00:00","2023-07-25 00:00:00"
"2724","28","39388.00","2023-02-19 00:00:00","2023-02-21 00:00:00"
"2725","28","25433.00","2023-07-22 00:00:00","2023-07-22 00:00:00"
"2726","28","47274.00","2023-06-25 00:00:00","2023-07-08 00:00:00"
"2727","28","16494.00","2023-09-23 00:00:00","2023-10-14 00:00:00"
"2728","28","356.00","2023-12-30 00:00:00","2024-01-10 00:00:00"
"2729","28","2548.00","2023-08-10 00:00:00","2023-09-05 00:00:00"
"2730","28","21473.00","2023-01-24 00:00:00","2023-01-27 00:00:00"
"2731","28","51180.00","2023-07-16 00:00:00","2023-08-11 00:00:00"
"2732","28","685.00","2023-10-20 00:00:00","2023-10-28 00:00:00"
"2733","28","45240.00","2023-06-20 00:00:00","2023-06-23 00:00:00"
"2734","28","15293.00","2023-08-08 00:00:00","2023-08-11 00:00:00"
"2735","28","15151.00","2023-09-28 00:00:00","2023-10-25 00:00:00"
"2736","28","9240.00","2023-06-01 00:00:00","2023-06-08 00:00:00"
"2737","28","34393.00","2023-04-23 00:00:00","2023-05-04 00:00:00"
"2738","28","1672.00","2023-06-15 00:00:00","2023-07-01 00:00:00"
"2739","28","1094.00","2023-07-30 00:00:00","2023-08-12 00:00:00"
"2740","28","28065.00","2023-05-02 00:00:00","2023-05-14 00:00:00"
"2741","28","760.00","2023-08-18 00:00:00","2023-08-25 00:00:00"
"2742","28","19723.00","2023-03-30 00:00:00","2023-04-15 00:00:00"
"2743","28","17708.00","2023-12-09 00:00:00","2023-12-13 00:00:00"
"2744","28","2075.00","2023-02-10 00:00:00","2023-02-18 00:00:00"
"2745","28","38990.00","2023-01-20 00:00:00","2023-02-09 00:00:00"
"2746","28","36453.00","2023-09-11 00:00:00","2023-10-08 00:00:00"
"2747","28","15033.00","2023-11-12 00:00:00","2023-11-25 00:00:00"
"2748","28","29056.00","2023-10-07 00:00:00","2023-10-31 00:00:00"
"2749","28","21135.00","2023-01-27 00:00:00","2023-02-16 00:00:00"
"2750","28","35170.00","2023-10-03 00:00:00","2023-10-06 00:00:00"
"2751","28","38995.00","2023-05-02 00:00:00","2023-05-26 00:00:00"
"2752","28","14370.00","2023-01-24 00:00:00","2023-01-30 00:00:00"
"2753","28","2994.00","2023-05-03 00:00:00","2023-05-26 00:00:00"
"2754","28","27863.00","2023-09-08 00:00:00","2023-10-05 00:00:00"
"2755","28","40785.00","2023-10-03 00:00:00","2023-10-27 00:00:00"
"2756","28","51778.00","2023-06-07 00:00:00","2023-06-24 00:00:00"
"2757","28","28316.00","2023-06-10 00:00:00","2023-07-08 00:00:00"
"2758","28","342.00","2023-02-12 00:00:00","2023-03-09 00:00:00"
"2759","28","3889.00","2023-01-04 00:00:00","2023-02-01 00:00:00"
"2760","28","28254.00","2023-03-28 00:00:00","2023-04-09 00:00:00"
"2761","28","9400.00","2023-05-18 00:00:00","2023-05-30 00:00:00"
"2762","28","12910.00","2023-12-05 00:00:00","2023-12-29 00:00:00"
"2763","28","573.00","2023-12-22 00:00:00","2023-12-25 00:00:00"
"2764","28","17786.00","2023-05-27 00:00:00","2023-06-09 00:00:00"
"2765","28","1883.00","2023-07-08 00:00:00","2023-08-02 00:00:00"
"2766","28","14316.00","2023-10-07 00:00:00","2023-10-29 00:00:00"
"2767","28","201.00","2023-06-28 00:00:00","2023-07-07 00:00:00"
"2768","28","40142.00","2023-12-11 00:00:00","2023-12-15 00:00:00"
"2769","28","24152.00","2023-11-04 00:00:00","2023-12-02 00:00:00"
"2770","28","960.00","2023-01-03 00:00:00","2023-01-05 00:00:00"
"2771","28","36410.00","2023-03-04 00:00:00","2023-03-21 00:00:00"
"2772","28","9705.00","2023-06-14 00:00:00","2023-07-07 00:00:00"
"2773","28","1295.00","2023-08-12 00:00:00","2023-09-04 00:00:00"
"2774","28","3713.00","2023-03-06 00:00:00","2023-03-11 00:00:00"
"2775","28","872.00","2023-06-11 00:00:00","2023-06-12 00:00:00"
"2776","28","91980.00","2023-10-16 00:00:00","2023-11-04 00:00:00"
"2777","28","20030.00","2023-05-05 00:00:00","2023-05-20 00:00:00"
"2778","28","4667.00","2023-08-08 00:00:00","2023-08-13 00:00:00"
"2779","28","15688.00","2023-05-31 00:00:00","2023-06-22 00:00:00"
"2780","28","109.00","2023-03-07 00:00:00","2023-03-21 00:00:00"
"2781","28","2068.00","2023-11-06 00:00:00","2023-11-09 00:00:00"
"2782","28","1623.00","2023-01-04 00:00:00","2023-01-25 00:00:00"
"2783","28","23025.00","2023-07-01 00:00:00","2023-07-04 00:00:00"
"2784","28","12065.00","2023-11-09 00:00:00","2023-11-21 00:00:00"
"2785","28","46506.00","2023-02-10 00:00:00","2023-03-10 00:00:00"
"2786","28","18509.00","2023-08-19 00:00:00","2023-08-27 00:00:00"
"2787","28","3874.00","2023-12-22 00:00:00","2023-12-27 00:00:00"
"2788","28","68589.00","2023-06-17 00:00:00","2023-07-05 00:00:00"
"2789","28","20301.00","2023-03-03 00:00:00","2023-03-08 00:00:00"
"2790","28","778.00","2023-03-28 00:00:00","2023-04-22 00:00:00"
"2791","28","3520.00","2023-06-19 00:00:00","2023-06-24 00:00:00"
"2792","28","1737.00","2023-06-08 00:00:00","2023-06-28 00:00:00"
"2793","28","42693.00","2023-03-28 00:00:00","2023-04-20 00:00:00"
"2794","28","327.00","2023-04-16 00:00:00","2023-04-23 00:00:00"
"2795","28","20554.00","2023-01-24 00:00:00","2023-02-07 00:00:00"
"2796","28","603.00","2023-06-06 00:00:00","2023-06-21 00:00:00"
"2797","28","472.00","2023-03-14 00:00:00","2023-04-05 00:00:00"
"2798","28","4124.00","2023-10-12 00:00:00","2023-10-18 00:00:00"
"2799","28","673.00","2023-05-11 00:00:00","2023-05-29 00:00:00"
"2800","28","1184.00","2023-10-27 00:00:00","2023-11-08 00:00:00"
"2801","29","3592.00","2023-11-10 00:00:00","2023-12-04 00:00:00"
"2802","29","2146.00","2023-10-26 00:00:00","2023-11-16 00:00:00"
"2803","29","573.00","2023-07-29 00:00:00","2023-08-22 00:00:00"
"2804","29","2359.00","2023-04-27 00:00:00","2023-05-12 00:00:00"
"2805","29","6238.00","2023-06-03 00:00:00","2023-06-28 00:00:00"
"2806","29","60.00","2023-12-23 00:00:00","2024-01-14 00:00:00"
"2807","29","9494.00","2023-08-11 00:00:00","2023-09-06 00:00:00"
"2808","29","28045.00","2023-07-22 00:00:00","2023-08-09 00:00:00"
"2809","29","20069.00","2023-07-16 00:00:00","2023-08-05 00:00:00"
"2810","29","33140.00","2023-07-27 00:00:00","2023-08-19 00:00:00"
"2811","29","384.00","2023-07-30 00:00:00","2023-08-23 00:00:00"
"2812","29","20348.00","2023-07-22 00:00:00","2023-07-24 00:00:00"
"2813","29","86381.00","2023-09-06 00:00:00","2023-09-30 00:00:00"
"2814","29","4317.00","2023-09-12 00:00:00","2023-10-04 00:00:00"
"2815","29","9084.00","2023-07-17 00:00:00","2023-07-17 00:00:00"
"2816","29","621.00","2023-12-26 00:00:00","2024-01-07 00:00:00"
"2817","29","12145.00","2023-02-28 00:00:00","2023-03-06 00:00:00"
"2818","29","1438.00","2023-05-06 00:00:00","2023-05-19 00:00:00"
"2819","29","61235.00","2023-09-02 00:00:00","2023-09-24 00:00:00"
"2820","29","45090.00","2023-08-06 00:00:00","2023-08-27 00:00:00"
"2821","29","3267.00","2023-11-24 00:00:00","2023-12-06 00:00:00"
"2822","29","1338.00","2023-02-23 00:00:00","2023-03-17 00:00:00"
"2823","29","12581.00","2023-09-21 00:00:00","2023-10-13 00:00:00"
"2824","29","9096.00","2023-07-27 00:00:00","2023-08-22 00:00:00"
"2825","29","36566.00","2023-01-30 00:00:00","2023-02-06 00:00:00"
"2826","29","1134.00","2023-04-28 00:00:00","2023-05-11 00:00:00"
"2827","29","28122.00","2023-12-22 00:00:00","2024-01-11 00:00:00"
"2828","29","9080.00","2023-11-28 00:00:00","2023-12-07 00:00:00"
"2829","29","593.00","2023-07-26 00:00:00","2023-08-15 00:00:00"
"2830","29","36410.00","2023-03-22 00:00:00","2023-04-08 00:00:00"
"2831","29","1583.00","2023-05-25 00:00:00","2023-06-19 00:00:00"
"2832","29","11285.00","2023-08-03 00:00:00","2023-08-04 00:00:00"
"2833","29","40641.00","2023-11-08 00:00:00","2023-11-14 00:00:00"
"2834","29","36015.00","2023-12-07 00:00:00","2023-12-19 00:00:00"
"2835","29","33996.00","2023-11-19 00:00:00","2023-12-18 00:00:00"
"2836","29","45090.00","2023-09-24 00:00:00","2023-10-23 00:00:00"
"2837","29","21737.00","2023-03-04 00:00:00","2023-03-16 00:00:00"
"2838","29","12035.00","2023-02-18 00:00:00","2023-03-06 00:00:00"
"2839","29","19544.00","2023-09-25 00:00:00","2023-10-22 00:00:00"
"2840","29","3272.00","2023-02-09 00:00:00","2023-03-09 00:00:00"
"2841","29","6093.00","2023-06-03 00:00:00","2023-06-20 00:00:00"
"2842","29","9364.00","2023-01-04 00:00:00","2023-02-02 00:00:00"
"2843","29","4389.00","2023-06-18 00:00:00","2023-07-05 00:00:00"
"2844","29","22919.00","2023-06-24 00:00:00","2023-06-27 00:00:00"
"2845","29","32187.00","2023-01-01 00:00:00","2023-01-03 00:00:00"
"2846","29","27086.00","2023-07-03 00:00:00","2023-07-27 00:00:00"
"2847","29","1482.00","2023-06-22 00:00:00","2023-07-16 00:00:00"
"2848","29","47791.00","2023-10-14 00:00:00","2023-11-07 00:00:00"
"2849","29","1988.00","2023-04-22 00:00:00","2023-05-15 00:00:00"
"2850","29","554.00","2023-05-13 00:00:00","2023-06-06 00:00:00"
"2851","29","62933.00","2023-01-01 00:00:00","2023-01-14 00:00:00"
"2852","29","5142.00","2023-02-17 00:00:00","2023-02-27 00:00:00"
"2853","29","8297.00","2023-05-27 00:00:00","2023-05-30 00:00:00"
"2854","29","13090.00","2023-01-27 00:00:00","2023-02-20 00:00:00"
"2855","29","970.00","2023-09-14 00:00:00","2023-09-24 00:00:00"
"2856","29","15571.00","2023-11-27 00:00:00","2023-11-30 00:00:00"
"2857","29","899.00","2023-03-11 00:00:00","2023-04-04 00:00:00"
"2858","29","36909.00","2023-03-07 00:00:00","2023-03-31 00:00:00"
"2859","29","19778.00","2023-01-21 00:00:00","2023-02-01 00:00:00"
"2860","29","21315.00","2023-04-15 00:00:00","2023-05-01 00:00:00"
"2861","29","654.00","2023-10-30 00:00:00","2023-11-04 00:00:00"
"2862","29","12726.00","2023-04-10 00:00:00","2023-05-05 00:00:00"
"2863","29","28539.00","2023-06-12 00:00:00","2023-07-03 00:00:00"
"2864","29","1194.00","2023-04-21 00:00:00","2023-05-18 00:00:00"
"2865","29","24418.00","2023-03-12 00:00:00","2023-04-08 00:00:00"
"2866","29","1568.00","2023-02-01 00:00:00","2023-02-14 00:00:00"
"2867","29","409.00","2023-07-25 00:00:00","2023-08-21 00:00:00"
"2868","29","2526.00","2023-08-18 00:00:00","2023-08-25 00:00:00"
"2869","29","19585.00","2023-10-13 00:00:00","2023-11-11 00:00:00"
"2870","29","595.00","2023-11-07 00:00:00","2023-11-17 00:00:00"
"2871","29","999.00","2023-06-23 00:00:00","2023-07-16 00:00:00"
"2872","29","36144.00","2023-05-23 00:00:00","2023-06-06 00:00:00"
"2873","29","3261.00","2023-07-28 00:00:00","2023-08-18 00:00:00"
"2874","29","44919.00","2023-10-26 00:00:00","2023-10-26 00:00:00"
"2875","29","505.00","2023-04-17 00:00:00","2023-05-07 00:00:00"
"2876","29","518.00","2023-12-11 00:00:00","2023-12-24 00:00:00"
"2877","29","8708.00","2023-09-04 00:00:00","2023-09-26 00:00:00"
"2878","29","1282.00","2023-03-07 00:00:00","2023-03-16 00:00:00"
"2879","29","12234.00","2023-09-27 00:00:00","2023-10-09 00:00:00"
"2880","29","24055.00","2023-06-19 00:00:00","2023-07-05 00:00:00"
"2881","29","7049.00","2023-06-12 00:00:00","2023-07-06 00:00:00"
"2882","29","30232.00","2023-08-19 00:00:00","2023-08-24 00:00:00"
"2883","29","133.00","2023-01-08 00:00:00","2023-01-11 00:00:00"
"2884","29","25937.00","2023-10-19 00:00:00","2023-10-31 00:00:00"
"2885","29","2883.00","2023-05-28 00:00:00","2023-06-07 00:00:00"
"2886","29","46324.00","2023-12-11 00:00:00","2023-12-13 00:00:00"
"2887","29","40134.00","2023-07-13 00:00:00","2023-07-27 00:00:00"
"2888","29","24759.00","2023-04-02 00:00:00","2023-05-01 00:00:00"
"2889","29","4651.00","2023-05-03 00:00:00","2023-05-28 00:00:00"
"2890","29","40060.00","2023-03-05 00:00:00","2023-03-27 00:00:00"
"2891","29","19495.00","2023-08-17 00:00:00","2023-08-24 00:00:00"
"2892","29","257.00","2023-06-02 00:00:00","2023-06-05 00:00:00"
"2893","29","22972.00","2023-10-31 00:00:00","2023-11-06 00:00:00"
"2894","29","15146.00","2023-11-30 00:00:00","2023-12-17 00:00:00"
"2895","29","1249.00","2023-11-15 00:00:00","2023-11-20 00:00:00"
"2896","29","36913.00","2023-10-09 00:00:00","2023-10-10 00:00:00"
"2897","29","71620.00","2023-02-13 00:00:00","2023-03-02 00:00:00"
"2898","29","35113.00","2023-03-23 00:00:00","2023-03-26 00:00:00"
"2899","29","774.00","2023-01-05 00:00:00","2023-01-31 00:00:00"
"2900","29","1489.00","2023-01-13 00:00:00","2023-01-15 00:00:00"
"2901","30","36901.00","2023-07-12 00:00:00","2023-07-16 00:00:00"
"2902","30","42504.00","2023-02-17 00:00:00","2023-03-13 00:00:00"
"2903","30","1161.00","2023-01-23 00:00:00","2023-02-20 00:00:00"
"2904","30","425.00","2023-10-15 00:00:00","2023-10-17 00:00:00"
"2905","30","658.00","2023-06-16 00:00:00","2023-07-06 00:00:00"
"2906","30","54237.00","2023-05-04 00:00:00","2023-05-26 00:00:00"
"2907","30","1783.00","2023-10-18 00:00:00","2023-11-02 00:00:00"
"2908","30","3144.00","2023-01-19 00:00:00","2023-02-12 00:00:00"
"2909","30","816.00","2023-02-07 00:00:00","2023-02-09 00:00:00"
"2910","30","1415.00","2023-09-30 00:00:00","2023-10-07 00:00:00"
"2911","30","1584.00","2023-08-30 00:00:00","2023-09-06 00:00:00"
"2912","30","14885.00","2023-01-16 00:00:00","2023-01-26 00:00:00"
"2913","30","16586.00","2023-02-15 00:00:00","2023-03-08 00:00:00"
"2914","30","12231.00","2023-10-16 00:00:00","2023-11-08 00:00:00"
"2915","30","196.00","2023-03-03 00:00:00","2023-03-22 00:00:00"
"2916","30","17551.00","2023-06-20 00:00:00","2023-06-26 00:00:00"
"2917","30","28299.00","2023-03-14 00:00:00","2023-03-21 00:00:00"
"2918","30","24255.00","2023-03-30 00:00:00","2023-04-24 00:00:00"
"2919","30","42325.00","2023-03-25 00:00:00","2023-04-08 00:00:00"
"2920","30","4184.00","2023-01-18 00:00:00","2023-02-05 00:00:00"
"2921","30","21455.00","2023-01-21 00:00:00","2023-01-23 00:00:00"
"2922","30","4090.00","2023-05-20 00:00:00","2023-05-24 00:00:00"
"2923","30","1127.00","2023-02-11 00:00:00","2023-03-03 00:00:00"
"2924","30","3299.00","2023-10-14 00:00:00","2023-10-30 00:00:00"
"2925","30","31228.00","2023-11-23 00:00:00","2023-12-01 00:00:00"
"2926","30","27231.00","2023-09-26 00:00:00","2023-09-27 00:00:00"
"2927","30","365.00","2023-09-13 00:00:00","2023-09-19 00:00:00"
"2928","30","38229.00","2023-05-05 00:00:00","2023-05-23 00:00:00"
"2929","30","32607.00","2023-04-30 00:00:00","2023-05-05 00:00:00"
"2930","30","9954.00","2023-06-20 00:00:00","2023-07-10 00:00:00"
"2931","30","36125.00","2023-09-15 00:00:00","2023-10-06 00:00:00"
"2932","30","36791.00","2023-01-14 00:00:00","2023-01-16 00:00:00"
"2933","30","46638.00","2023-01-26 00:00:00","2023-02-11 00:00:00"
"2934","30","687.00","2023-05-02 00:00:00","2023-05-21 00:00:00"
"2935","30","38180.00","2023-02-24 00:00:00","2023-03-18 00:00:00"
"2936","30","159.00","2023-03-11 00:00:00","2023-03-14 00:00:00"
"2937","30","1890.00","2023-03-27 00:00:00","2023-04-06 00:00:00"
"2938","30","11789.00","2023-03-01 00:00:00","2023-03-08 00:00:00"
"2939","30","23638.00","2023-12-15 00:00:00","2023-12-16 00:00:00"
"2940","30","11974.00","2023-03-27 00:00:00","2023-04-01 00:00:00"
"2941","30","4014.00","2023-03-27 00:00:00","2023-04-15 00:00:00"
"2942","30","46464.00","2023-06-06 00:00:00","2023-07-01 00:00:00"
"2943","30","15235.00","2023-10-22 00:00:00","2023-11-01 00:00:00"
"2944","30","56131.00","2023-02-09 00:00:00","2023-03-10 00:00:00"
"2945","30","6655.00","2023-08-21 00:00:00","2023-09-16 00:00:00"
"2946","30","454.00","2023-02-15 00:00:00","2023-02-15 00:00:00"
"2947","30","41343.00","2023-03-04 00:00:00","2023-03-21 00:00:00"
"2948","30","204.00","2023-04-06 00:00:00","2023-04-13 00:00:00"
"2949","30","18141.00","2023-01-06 00:00:00","2023-01-16 00:00:00"
"2950","30","27832.00","2023-02-08 00:00:00","2023-03-07 00:00:00"
"2951","30","1155.00","2023-01-24 00:00:00","2023-01-31 00:00:00"
"2952","30","40237.00","2023-05-23 00:00:00","2023-06-21 00:00:00"
"2953","30","1018.00","2023-06-23 00:00:00","2023-06-27 00:00:00"
"2954","30","29523.00","2023-05-24 00:00:00","2023-06-02 00:00:00"
"2955","30","2073.00","2023-09-23 00:00:00","2023-10-04 00:00:00"
"2956","30","60522.00","2023-12-12 00:00:00","2023-12-27 00:00:00"
"2957","30","46630.00","2023-01-14 00:00:00","2023-01-15 00:00:00"
"2958","30","45366.00","2023-09-06 00:00:00","2023-10-01 00:00:00"
"2959","30","9156.00","2023-06-12 00:00:00","2023-06-18 00:00:00"
"2960","30","40867.00","2023-06-28 00:00:00","2023-07-27 00:00:00"
"2961","30","424.00","2023-06-04 00:00:00","2023-06-29 00:00:00"
"2962","30","20520.00","2023-06-03 00:00:00","2023-06-21 00:00:00"
"2963","30","890.00","2023-07-01 00:00:00","2023-07-27 00:00:00"
"2964","30","726.00","2023-10-15 00:00:00","2023-11-11 00:00:00"
"2965","30","28801.00","2023-02-18 00:00:00","2023-03-08 00:00:00"
"2966","30","719.00","2023-03-03 00:00:00","2023-03-31 00:00:00"
"2967","30","13173.00","2023-09-14 00:00:00","2023-09-19 00:00:00"
"2968","30","1984.00","2023-11-30 00:00:00","2023-12-01 00:00:00"
"2969","30","861.00","2023-02-26 00:00:00","2023-02-28 00:00:00"
"2970","30","2570.00","2023-12-26 00:00:00","2024-01-20 00:00:00"
"2971","30","114.00","2023-03-21 00:00:00","2023-04-15 00:00:00"
"2972","30","3743.00","2023-08-27 00:00:00","2023-09-02 00:00:00"
"2973","30","1022.00","2023-08-26 00:00:00","2023-08-27 00:00:00"
"2974","30","3294.00","2023-04-04 00:00:00","2023-04-04 00:00:00"
"2975","30","17411.00","2023-07-25 00:00:00","2023-08-15 00:00:00"
"2976","30","219.00","2023-06-08 00:00:00","2023-06-08 00:00:00"
"2977","30","18036.00","2023-04-04 00:00:00","2023-04-07 00:00:00"
"2978","30","7562.00","2023-10-23 00:00:00","2023-10-31 00:00:00"
"2979","30","14292.00","2023-08-01 00:00:00","2023-08-21 00:00:00"
"2980","30","1293.00","2023-07-22 00:00:00","2023-07-29 00:00:00"
"2981","30","1840.00","2023-10-08 00:00:00","2023-10-18 00:00:00"
"2982","30","11488.00","2023-10-05 00:00:00","2023-11-01 00:00:00"
"2983","30","15274.00","2023-12-27 00:00:00","2024-01-08 00:00:00"
"2984","30","9057.00","2023-12-14 00:00:00","2023-12-30 00:00:00"
"2985","30","25909.00","2023-11-17 00:00:00","2023-12-10 00:00:00"
"2986","30","28744.00","2023-12-04 00:00:00","2023-12-04 00:00:00"
"2987","30","1703.00","2023-03-02 00:00:00","2023-03-11 00:00:00"
"2988","30","10948.00","2023-01-10 00:00:00","2023-02-06 00:00:00"
"2989","30","76040.00","2023-04-17 00:00:00","2023-04-28 00:00:00"
"2990","30","570.00","2023-04-28 00:00:00","2023-05-25 00:00:00"
"2991","30","16027.00","2023-11-02 00:00:00","2023-11-02 00:00:00"
"2992","30","19586.00","2023-08-12 00:00:00","2023-09-09 00:00:00"
"2993","30","769.00","2023-07-04 00:00:00","2023-07-20 00:00:00"
"2994","30","37189.00","2023-09-15 00:00:00","2023-09-25 00:00:00"
"2995","30","14655.00","2023-08-10 00:00:00","2023-08-10 00:00:00"
"2996","30","10420.00","2023-02-06 00:00:00","2023-02-23 00:00:00"
"2997","30","3200.00","2023-07-22 00:00:00","2023-08-04 00:00:00"
"2998","30","24696.00","2023-11-23 00:00:00","2023-11-24 00:00:00"
"2999","30","13617.00","2023-02-27 00:00:00","2023-03-09 00:00:00"
"3000","30","257.00","2023-03-15 00:00:00","2023-03-30 00:00:00"
"3001","31","1142.00","2023-06-08 00:00:00","2023-06-15 00:00:00"
"3002","31","39948.00","2023-12-27 00:00:00","2023-12-29 00:00:00"
"3003","31","46314.00","2023-04-16 00:00:00","2023-04-20 00:00:00"
"3004","31","33443.00","2023-01-20 00:00:00","2023-02-04 00:00:00"
"3005","31","3298.00","2023-10-16 00:00:00","2023-11-04 00:00:00"
"3006","31","1663.00","2023-07-20 00:00:00","2023-07-28 00:00:00"
"3007","31","652.00","2023-10-20 00:00:00","2023-11-13 00:00:00"
"3008","31","3552.00","2023-09-01 00:00:00","2023-09-06 00:00:00"
"3009","31","1027.00","2023-07-18 00:00:00","2023-07-28 00:00:00"
"3010","31","12558.00","2023-05-14 00:00:00","2023-06-05 00:00:00"
"3011","31","3089.00","2023-12-04 00:00:00","2023-12-17 00:00:00"
"3012","31","4021.00","2023-03-28 00:00:00","2023-04-23 00:00:00"
"3013","31","8262.00","2023-06-01 00:00:00","2023-06-01 00:00:00"
"3014","31","29631.00","2023-01-04 00:00:00","2023-01-05 00:00:00"
"3015","31","414.00","2023-02-12 00:00:00","2023-02-17 00:00:00"
"3016","31","4130.00","2023-11-08 00:00:00","2023-11-08 00:00:00"
"3017","31","502.00","2023-01-02 00:00:00","2023-01-05 00:00:00"
"3018","31","46391.00","2023-05-06 00:00:00","2023-05-10 00:00:00"
"3019","31","6760.00","2023-08-29 00:00:00","2023-09-05 00:00:00"
"3020","31","24073.00","2023-12-24 00:00:00","2023-12-29 00:00:00"
"3021","31","403.00","2023-12-29 00:00:00","2024-01-10 00:00:00"
"3022","31","1474.00","2023-11-03 00:00:00","2023-11-16 00:00:00"
"3023","31","2976.00","2023-08-03 00:00:00","2023-08-11 00:00:00"
"3024","31","12505.00","2023-10-05 00:00:00","2023-10-06 00:00:00"
"3025","31","17491.00","2023-04-13 00:00:00","2023-04-25 00:00:00"
"3026","31","2476.00","2023-03-13 00:00:00","2023-03-19 00:00:00"
"3027","31","1585.00","2023-01-26 00:00:00","2023-01-29 00:00:00"
"3028","31","14681.00","2023-09-16 00:00:00","2023-10-14 00:00:00"
"3029","31","48684.00","2023-02-16 00:00:00","2023-03-17 00:00:00"
"3030","31","18551.00","2023-02-16 00:00:00","2023-02-22 00:00:00"
"3031","31","27646.00","2023-11-08 00:00:00","2023-11-20 00:00:00"
"3032","31","19540.00","2023-04-19 00:00:00","2023-05-03 00:00:00"
"3033","31","6115.00","2023-12-23 00:00:00","2023-12-24 00:00:00"
"3034","31","19713.00","2023-11-09 00:00:00","2023-11-12 00:00:00"
"3035","31","15913.00","2023-02-14 00:00:00","2023-02-19 00:00:00"
"3036","31","178.00","2023-01-28 00:00:00","2023-02-06 00:00:00"
"3037","31","16720.00","2023-12-13 00:00:00","2023-12-26 00:00:00"
"3038","31","28446.00","2023-03-13 00:00:00","2023-03-14 00:00:00"
"3039","31","15429.00","2023-01-15 00:00:00","2023-02-05 00:00:00"
"3040","31","71654.00","2023-07-29 00:00:00","2023-08-09 00:00:00"
"3041","31","7258.00","2023-01-06 00:00:00","2023-01-09 00:00:00"
"3042","31","16480.00","2023-12-13 00:00:00","2024-01-05 00:00:00"
"3043","31","6574.00","2023-12-07 00:00:00","2023-12-26 00:00:00"
"3044","31","39684.00","2023-03-02 00:00:00","2023-03-24 00:00:00"
"3045","31","39054.00","2023-04-30 00:00:00","2023-04-30 00:00:00"
"3046","31","18523.00","2023-10-24 00:00:00","2023-11-11 00:00:00"
"3047","31","750.00","2023-10-02 00:00:00","2023-10-18 00:00:00"
"3048","31","1967.00","2023-01-03 00:00:00","2023-01-18 00:00:00"
"3049","31","36503.00","2023-10-15 00:00:00","2023-11-03 00:00:00"
"3050","31","27911.00","2023-02-26 00:00:00","2023-03-15 00:00:00"
"3051","31","10623.00","2023-04-10 00:00:00","2023-04-12 00:00:00"
"3052","31","3295.00","2023-08-31 00:00:00","2023-09-19 00:00:00"
"3053","31","34648.00","2023-06-27 00:00:00","2023-06-28 00:00:00"
"3054","31","481.00","2023-09-21 00:00:00","2023-09-28 00:00:00"
"3055","31","18409.00","2023-02-05 00:00:00","2023-02-16 00:00:00"
"3056","31","1488.00","2023-05-19 00:00:00","2023-05-22 00:00:00"
"3057","31","2334.00","2023-01-22 00:00:00","2023-01-27 00:00:00"
"3058","31","15111.00","2023-07-01 00:00:00","2023-07-28 00:00:00"
"3059","31","37979.00","2023-06-16 00:00:00","2023-07-11 00:00:00"
"3060","31","26672.00","2023-11-08 00:00:00","2023-11-20 00:00:00"
"3061","31","22131.00","2023-12-04 00:00:00","2023-12-29 00:00:00"
"3062","31","55221.00","2023-07-14 00:00:00","2023-07-26 00:00:00"
"3063","31","53473.00","2023-09-19 00:00:00","2023-10-18 00:00:00"
"3064","31","1243.00","2023-01-11 00:00:00","2023-01-24 00:00:00"
"3065","31","101484.00","2023-01-04 00:00:00","2023-01-28 00:00:00"
"3066","31","1712.00","2023-09-15 00:00:00","2023-10-05 00:00:00"
"3067","31","17191.00","2023-01-14 00:00:00","2023-01-24 00:00:00"
"3068","31","2655.00","2023-09-24 00:00:00","2023-10-03 00:00:00"
"3069","31","4218.00","2023-03-27 00:00:00","2023-04-10 00:00:00"
"3070","31","545.00","2023-09-24 00:00:00","2023-09-25 00:00:00"
"3071","31","34658.00","2023-05-12 00:00:00","2023-05-13 00:00:00"
"3072","31","1331.00","2023-12-17 00:00:00","2023-12-24 00:00:00"
"3073","31","44720.00","2023-01-11 00:00:00","2023-01-18 00:00:00"
"3074","31","599.00","2023-05-13 00:00:00","2023-06-07 00:00:00"
"3075","31","21490.00","2023-10-22 00:00:00","2023-11-02 00:00:00"
"3076","31","36858.00","2023-05-12 00:00:00","2023-05-21 00:00:00"
"3077","31","72635.00","2023-08-03 00:00:00","2023-08-31 00:00:00"
"3078","31","32775.00","2023-07-12 00:00:00","2023-07-20 00:00:00"
"3079","31","24362.00","2023-11-07 00:00:00","2023-11-22 00:00:00"
"3080","31","357.00","2023-05-21 00:00:00","2023-06-05 00:00:00"
"3081","31","1133.00","2023-09-15 00:00:00","2023-09-18 00:00:00"
"3082","31","4080.00","2023-02-27 00:00:00","2023-03-08 00:00:00"
"3083","31","18217.00","2023-06-09 00:00:00","2023-06-13 00:00:00"
"3084","31","36324.00","2023-11-12 00:00:00","2023-11-14 00:00:00"
"3085","31","39137.00","2023-08-11 00:00:00","2023-08-22 00:00:00"
"3086","31","20453.00","2023-03-03 00:00:00","2023-03-16 00:00:00"
"3087","31","3172.00","2023-01-02 00:00:00","2023-01-28 00:00:00"
"3088","31","2853.00","2023-03-23 00:00:00","2023-03-25 00:00:00"
"3089","31","8276.00","2023-12-23 00:00:00","2023-12-26 00:00:00"
"3090","31","33155.00","2023-04-25 00:00:00","2023-05-23 00:00:00"
"3091","31","14093.00","2023-08-25 00:00:00","2023-09-03 00:00:00"
"3092","31","1654.00","2023-01-28 00:00:00","2023-02-22 00:00:00"
"3093","31","2289.00","2023-02-21 00:00:00","2023-02-23 00:00:00"
"3094","31","2334.00","2023-08-08 00:00:00","2023-09-03 00:00:00"
"3095","31","876.00","2023-06-03 00:00:00","2023-06-14 00:00:00"
"3096","31","23233.00","2023-11-27 00:00:00","2023-12-17 00:00:00"
"3097","31","270.00","2023-12-09 00:00:00","2024-01-07 00:00:00"
"3098","31","52705.00","2023-06-04 00:00:00","2023-06-06 00:00:00"
"3099","31","953.00","2023-01-16 00:00:00","2023-01-17 00:00:00"
"3100","31","21080.00","2023-03-31 00:00:00","2023-04-15 00:00:00"
"3101","32","17015.00","2023-10-06 00:00:00","2023-10-10 00:00:00"
"3102","32","59993.00","2023-11-22 00:00:00","2023-12-08 00:00:00"
"3103","32","30481.00","2023-01-17 00:00:00","2023-01-24 00:00:00"
"3104","32","356.00","2023-02-15 00:00:00","2023-02-17 00:00:00"
"3105","32","54630.00","2023-10-24 00:00:00","2023-11-14 00:00:00"
"3106","32","43585.00","2023-07-11 00:00:00","2023-07-22 00:00:00"
"3107","32","24095.00","2023-08-08 00:00:00","2023-08-20 00:00:00"
"3108","32","20589.00","2023-09-06 00:00:00","2023-09-27 00:00:00"
"3109","32","45142.00","2023-03-02 00:00:00","2023-03-14 00:00:00"
"3110","32","9425.00","2023-04-10 00:00:00","2023-04-23 00:00:00"
"3111","32","16266.00","2023-01-25 00:00:00","2023-02-20 00:00:00"
"3112","32","481.00","2023-05-05 00:00:00","2023-05-23 00:00:00"
"3113","32","9439.00","2023-03-19 00:00:00","2023-03-28 00:00:00"
"3114","32","57663.00","2023-03-20 00:00:00","2023-04-11 00:00:00"
"3115","32","10141.00","2023-11-08 00:00:00","2023-11-23 00:00:00"
"3116","32","7118.00","2023-09-13 00:00:00","2023-09-28 00:00:00"
"3117","32","13741.00","2023-08-13 00:00:00","2023-08-24 00:00:00"
"3118","32","15090.00","2023-03-15 00:00:00","2023-03-17 00:00:00"
"3119","32","4340.00","2023-08-16 00:00:00","2023-08-21 00:00:00"
"3120","32","1903.00","2023-07-18 00:00:00","2023-07-30 00:00:00"
"3121","32","921.00","2023-04-04 00:00:00","2023-05-01 00:00:00"
"3122","32","9362.00","2023-08-18 00:00:00","2023-09-10 00:00:00"
"3123","32","16174.00","2023-06-14 00:00:00","2023-07-04 00:00:00"
"3124","32","4164.00","2023-03-10 00:00:00","2023-03-10 00:00:00"
"3125","32","2074.00","2023-03-12 00:00:00","2023-04-02 00:00:00"
"3126","32","66087.00","2023-02-07 00:00:00","2023-02-16 00:00:00"
"3127","32","904.00","2023-05-30 00:00:00","2023-06-12 00:00:00"
"3128","32","54562.00","2023-10-31 00:00:00","2023-11-17 00:00:00"
"3129","32","9754.00","2023-07-11 00:00:00","2023-07-11 00:00:00"
"3130","32","762.00","2023-05-08 00:00:00","2023-05-23 00:00:00"
"3131","32","44796.00","2023-01-01 00:00:00","2023-01-23 00:00:00"
"3132","32","39987.00","2023-11-09 00:00:00","2023-11-09 00:00:00"
"3133","32","400.00","2023-10-16 00:00:00","2023-10-21 00:00:00"
"3134","32","38995.00","2023-05-13 00:00:00","2023-06-07 00:00:00"
"3135","32","36231.00","2023-02-21 00:00:00","2023-02-28 00:00:00"
"3136","32","9210.00","2023-08-29 00:00:00","2023-09-04 00:00:00"
"3137","32","1837.00","2023-03-21 00:00:00","2023-04-17 00:00:00"
"3138","32","3395.00","2023-10-11 00:00:00","2023-10-31 00:00:00"
"3139","32","418.00","2023-06-01 00:00:00","2023-06-18 00:00:00"
"3140","32","55336.00","2023-01-09 00:00:00","2023-01-21 00:00:00"
"3141","32","40865.00","2023-08-30 00:00:00","2023-08-31 00:00:00"
"3142","32","9851.00","2023-03-26 00:00:00","2023-03-26 00:00:00"
"3143","32","74329.00","2023-05-26 00:00:00","2023-06-03 00:00:00"
"3144","32","34428.00","2023-09-09 00:00:00","2023-09-29 00:00:00"
"3145","32","47259.00","2023-03-20 00:00:00","2023-03-27 00:00:00"
"3146","32","1514.00","2023-03-07 00:00:00","2023-03-11 00:00:00"
"3147","32","1750.00","2023-05-30 00:00:00","2023-06-06 00:00:00"
"3148","32","32655.00","2023-11-28 00:00:00","2023-12-19 00:00:00"
"3149","32","47992.00","2023-04-20 00:00:00","2023-05-10 00:00:00"
"3150","32","2616.00","2023-06-15 00:00:00","2023-06-16 00:00:00"
"3151","32","6056.00","2023-07-10 00:00:00","2023-07-13 00:00:00"
"3152","32","2097.00","2023-12-02 00:00:00","2023-12-16 00:00:00"
"3153","32","73350.00","2023-03-04 00:00:00","2023-03-13 00:00:00"
"3154","32","944.00","2023-04-25 00:00:00","2023-05-05 00:00:00"
"3155","32","1425.00","2023-11-27 00:00:00","2023-12-08 00:00:00"
"3156","32","1993.00","2023-07-19 00:00:00","2023-08-05 00:00:00"
"3157","32","27929.00","2023-02-03 00:00:00","2023-02-26 00:00:00"
"3158","32","27117.00","2023-09-01 00:00:00","2023-09-13 00:00:00"
"3159","32","4382.00","2023-07-21 00:00:00","2023-08-04 00:00:00"
"3160","32","15340.00","2023-08-15 00:00:00","2023-09-08 00:00:00"
"3161","32","18372.00","2023-10-28 00:00:00","2023-11-12 00:00:00"
"3162","32","14087.00","2023-08-02 00:00:00","2023-08-27 00:00:00"
"3163","32","45054.00","2023-09-15 00:00:00","2023-09-25 00:00:00"
"3164","32","14348.00","2023-02-11 00:00:00","2023-02-16 00:00:00"
"3165","32","18501.00","2023-06-28 00:00:00","2023-06-28 00:00:00"
"3166","32","40256.00","2023-02-12 00:00:00","2023-02-21 00:00:00"
"3167","32","20340.00","2023-03-24 00:00:00","2023-04-01 00:00:00"
"3168","32","387.00","2023-02-06 00:00:00","2023-02-24 00:00:00"
"3169","32","26162.00","2023-04-12 00:00:00","2023-04-15 00:00:00"
"3170","32","10141.00","2023-10-16 00:00:00","2023-10-27 00:00:00"
"3171","32","1896.00","2023-04-26 00:00:00","2023-05-05 00:00:00"
"3172","32","20152.00","2023-04-28 00:00:00","2023-05-06 00:00:00"
"3173","32","17713.00","2023-10-08 00:00:00","2023-10-14 00:00:00"
"3174","32","29339.00","2023-05-12 00:00:00","2023-05-16 00:00:00"
"3175","32","19534.00","2023-11-15 00:00:00","2023-12-08 00:00:00"
"3176","32","11323.00","2023-09-22 00:00:00","2023-09-25 00:00:00"
"3177","32","1957.00","2023-04-03 00:00:00","2023-04-15 00:00:00"
"3178","32","992.00","2023-09-04 00:00:00","2023-10-01 00:00:00"
"3179","32","9015.00","2023-02-28 00:00:00","2023-03-15 00:00:00"
"3180","32","297.00","2023-05-01 00:00:00","2023-05-25 00:00:00"
"3181","32","1781.00","2023-02-15 00:00:00","2023-03-04 00:00:00"
"3182","32","2334.00","2023-02-19 00:00:00","2023-02-23 00:00:00"
"3183","32","12928.00","2023-01-30 00:00:00","2023-02-02 00:00:00"
"3184","32","24254.00","2023-08-19 00:00:00","2023-09-15 00:00:00"
"3185","32","24292.00","2023-10-22 00:00:00","2023-11-12 00:00:00"
"3186","32","582.00","2023-02-02 00:00:00","2023-02-20 00:00:00"
"3187","32","14370.00","2023-03-13 00:00:00","2023-03-29 00:00:00"
"3188","32","4303.00","2023-09-14 00:00:00","2023-09-22 00:00:00"
"3189","32","496.00","2023-09-15 00:00:00","2023-10-01 00:00:00"
"3190","32","33091.00","2023-02-04 00:00:00","2023-02-24 00:00:00"
"3191","32","4090.00","2023-08-30 00:00:00","2023-09-05 00:00:00"
"3192","32","20491.00","2023-03-26 00:00:00","2023-04-05 00:00:00"
"3193","32","693.00","2023-10-11 00:00:00","2023-10-14 00:00:00"
"3194","32","19963.00","2023-01-09 00:00:00","2023-01-28 00:00:00"
"3195","32","12053.00","2023-09-09 00:00:00","2023-10-01 00:00:00"
"3196","32","35488.00","2023-02-26 00:00:00","2023-03-15 00:00:00"
"3197","32","27474.00","2023-10-20 00:00:00","2023-11-11 00:00:00"
"3198","32","38288.00","2023-10-12 00:00:00","2023-10-19 00:00:00"
"3199","32","18093.00","2023-10-29 00:00:00","2023-11-11 00:00:00"
"3200","32","1652.00","2023-02-11 00:00:00","2023-02-24 00:00:00"
"3201","33","95.00","2023-01-17 00:00:00","2023-02-15 00:00:00"
"3202","33","2244.00","2023-12-18 00:00:00","2023-12-29 00:00:00"
"3203","33","56604.00","2023-02-13 00:00:00","2023-03-09 00:00:00"
"3204","33","585.00","2023-03-31 00:00:00","2023-04-29 00:00:00"
"3205","33","2462.00","2023-10-20 00:00:00","2023-11-16 00:00:00"
"3206","33","5333.00","2023-02-19 00:00:00","2023-02-21 00:00:00"
"3207","33","20293.00","2023-07-30 00:00:00","2023-08-14 00:00:00"
"3208","33","916.00","2023-04-21 00:00:00","2023-05-06 00:00:00"
"3209","33","984.00","2023-05-30 00:00:00","2023-06-11 00:00:00"
"3210","33","33544.00","2023-11-04 00:00:00","2023-12-02 00:00:00"
"3211","33","44388.00","2023-04-29 00:00:00","2023-05-01 00:00:00"
"3212","33","2340.00","2023-01-14 00:00:00","2023-01-25 00:00:00"
"3213","33","6058.00","2023-11-19 00:00:00","2023-12-07 00:00:00"
"3214","33","22634.00","2023-07-07 00:00:00","2023-07-24 00:00:00"
"3215","33","12205.00","2023-12-01 00:00:00","2023-12-08 00:00:00"
"3216","33","218.00","2023-07-08 00:00:00","2023-07-23 00:00:00"
"3217","33","1794.00","2023-08-27 00:00:00","2023-09-18 00:00:00"
"3218","33","7244.00","2023-11-15 00:00:00","2023-12-09 00:00:00"
"3219","33","44993.00","2023-10-15 00:00:00","2023-10-26 00:00:00"
"3220","33","318.00","2023-11-22 00:00:00","2023-11-27 00:00:00"
"3221","33","447.00","2023-01-30 00:00:00","2023-02-18 00:00:00"
"3222","33","319.00","2023-03-28 00:00:00","2023-04-20 00:00:00"
"3223","33","893.00","2023-07-14 00:00:00","2023-08-09 00:00:00"
"3224","33","1075.00","2023-05-12 00:00:00","2023-05-18 00:00:00"
"3225","33","2871.00","2023-05-19 00:00:00","2023-06-12 00:00:00"
"3226","33","3233.00","2023-03-18 00:00:00","2023-03-25 00:00:00"
"3227","33","9066.00","2023-10-18 00:00:00","2023-11-06 00:00:00"
"3228","33","19550.00","2023-01-25 00:00:00","2023-02-18 00:00:00"
"3229","33","1033.00","2023-06-12 00:00:00","2023-07-05 00:00:00"
"3230","33","84990.00","2023-04-07 00:00:00","2023-04-26 00:00:00"
"3231","33","12057.00","2023-11-03 00:00:00","2023-11-15 00:00:00"
"3232","33","6796.00","2023-04-27 00:00:00","2023-05-23 00:00:00"
"3233","33","922.00","2023-11-19 00:00:00","2023-12-08 00:00:00"
"3234","33","43992.00","2023-09-03 00:00:00","2023-09-29 00:00:00"
"3235","33","730.00","2023-09-21 00:00:00","2023-10-16 00:00:00"
"3236","33","63095.00","2023-06-30 00:00:00","2023-07-06 00:00:00"
"3237","33","12074.00","2023-07-11 00:00:00","2023-07-11 00:00:00"
"3238","33","8206.00","2023-12-02 00:00:00","2023-12-14 00:00:00"
"3239","33","216.00","2023-06-28 00:00:00","2023-07-27 00:00:00"
"3240","33","337.00","2023-11-04 00:00:00","2023-12-02 00:00:00"
"3241","33","4123.00","2023-10-24 00:00:00","2023-11-02 00:00:00"
"3242","33","4706.00","2023-04-23 00:00:00","2023-05-04 00:00:00"
"3243","33","30494.00","2023-02-27 00:00:00","2023-03-27 00:00:00"
"3244","33","1632.00","2023-08-09 00:00:00","2023-09-01 00:00:00"
"3245","33","38109.00","2023-04-19 00:00:00","2023-04-26 00:00:00"
"3246","33","8608.00","2023-03-17 00:00:00","2023-04-13 00:00:00"
"3247","33","46238.00","2023-07-08 00:00:00","2023-07-16 00:00:00"
"3248","33","911.00","2023-06-14 00:00:00","2023-06-27 00:00:00"
"3249","33","18913.00","2023-02-08 00:00:00","2023-02-15 00:00:00"
"3250","33","28292.00","2023-01-14 00:00:00","2023-01-21 00:00:00"
"3251","33","5467.00","2023-06-23 00:00:00","2023-07-05 00:00:00"
"3252","33","23793.00","2023-10-31 00:00:00","2023-11-13 00:00:00"
"3253","33","13274.00","2023-05-06 00:00:00","2023-05-09 00:00:00"
"3254","33","19092.00","2023-02-22 00:00:00","2023-03-06 00:00:00"
"3255","33","794.00","2023-09-05 00:00:00","2023-09-22 00:00:00"
"3256","33","36546.00","2023-11-27 00:00:00","2023-12-18 00:00:00"
"3257","33","12140.00","2023-12-15 00:00:00","2024-01-08 00:00:00"
"3258","33","3778.00","2023-03-21 00:00:00","2023-03-25 00:00:00"
"3259","33","39387.00","2023-03-11 00:00:00","2023-04-02 00:00:00"
"3260","33","3995.00","2023-12-11 00:00:00","2024-01-08 00:00:00"
"3261","33","956.00","2023-02-01 00:00:00","2023-02-12 00:00:00"
"3262","33","880.00","2023-10-12 00:00:00","2023-10-17 00:00:00"
"3263","33","833.00","2023-08-24 00:00:00","2023-08-31 00:00:00"
"3264","33","50324.00","2023-09-24 00:00:00","2023-10-12 00:00:00"
"3265","33","10611.00","2023-02-19 00:00:00","2023-03-04 00:00:00"
"3266","33","596.00","2023-04-17 00:00:00","2023-05-03 00:00:00"
"3267","33","3759.00","2023-03-14 00:00:00","2023-03-22 00:00:00"
"3268","33","2683.00","2023-04-06 00:00:00","2023-04-27 00:00:00"
"3269","33","56131.00","2023-03-19 00:00:00","2023-04-06 00:00:00"
"3270","33","2166.00","2023-11-12 00:00:00","2023-11-23 00:00:00"
"3271","33","1932.00","2023-05-12 00:00:00","2023-05-30 00:00:00"
"3272","33","38995.00","2023-03-18 00:00:00","2023-04-11 00:00:00"
"3273","33","5787.00","2023-09-25 00:00:00","2023-10-01 00:00:00"
"3274","33","15102.00","2023-03-08 00:00:00","2023-04-06 00:00:00"
"3275","33","407.00","2023-03-29 00:00:00","2023-04-10 00:00:00"
"3276","33","197.00","2023-12-13 00:00:00","2023-12-19 00:00:00"
"3277","33","3792.00","2023-03-04 00:00:00","2023-03-07 00:00:00"
"3278","33","6782.00","2023-08-19 00:00:00","2023-08-31 00:00:00"
"3279","33","40638.00","2023-06-10 00:00:00","2023-07-05 00:00:00"
"3280","33","3787.00","2023-10-13 00:00:00","2023-10-16 00:00:00"
"3281","33","3138.00","2023-10-06 00:00:00","2023-10-29 00:00:00"
"3282","33","42791.00","2023-09-19 00:00:00","2023-10-13 00:00:00"
"3283","33","16334.00","2023-08-09 00:00:00","2023-08-26 00:00:00"
"3284","33","1104.00","2023-08-21 00:00:00","2023-09-11 00:00:00"
"3285","33","81393.00","2023-04-14 00:00:00","2023-04-22 00:00:00"
"3286","33","798.00","2023-12-09 00:00:00","2023-12-31 00:00:00"
"3287","33","22530.00","2023-08-11 00:00:00","2023-08-30 00:00:00"
"3288","33","40408.00","2023-07-11 00:00:00","2023-08-04 00:00:00"
"3289","33","1870.00","2023-02-14 00:00:00","2023-03-04 00:00:00"
"3290","33","302.00","2023-06-20 00:00:00","2023-07-08 00:00:00"
"3291","33","14076.00","2023-06-16 00:00:00","2023-06-21 00:00:00"
"3292","33","9066.00","2023-07-05 00:00:00","2023-07-21 00:00:00"
"3293","33","1698.00","2023-04-25 00:00:00","2023-05-08 00:00:00"
"3294","33","2649.00","2023-03-03 00:00:00","2023-03-11 00:00:00"
"3295","33","2392.00","2023-08-31 00:00:00","2023-09-02 00:00:00"
"3296","33","7743.00","2023-01-06 00:00:00","2023-01-12 00:00:00"
"3297","33","9260.00","2023-07-25 00:00:00","2023-08-14 00:00:00"
"3298","33","895.00","2023-03-22 00:00:00","2023-04-16 00:00:00"
"3299","33","14057.00","2023-03-04 00:00:00","2023-03-23 00:00:00"
"3300","33","27948.00","2023-10-22 00:00:00","2023-10-24 00:00:00"
"3301","34","3533.00","2023-12-15 00:00:00","2024-01-06 00:00:00"
"3302","34","10874.00","2023-12-21 00:00:00","2023-12-21 00:00:00"
"3303","34","36491.00","2023-11-12 00:00:00","2023-11-30 00:00:00"
"3304","34","101467.00","2023-12-13 00:00:00","2023-12-25 00:00:00"
"3305","34","36232.00","2023-08-25 00:00:00","2023-09-14 00:00:00"
"3306","34","25129.00","2023-06-21 00:00:00","2023-06-25 00:00:00"
"3307","34","2838.00","2023-11-28 00:00:00","2023-12-09 00:00:00"
"3308","34","1866.00","2023-02-21 00:00:00","2023-03-06 00:00:00"
"3309","34","9333.00","2023-09-29 00:00:00","2023-10-01 00:00:00"
"3310","34","8826.00","2023-01-15 00:00:00","2023-01-30 00:00:00"
"3311","34","742.00","2023-08-10 00:00:00","2023-08-20 00:00:00"
"3312","34","18643.00","2023-11-16 00:00:00","2023-11-29 00:00:00"
"3313","34","17996.00","2023-12-25 00:00:00","2024-01-21 00:00:00"
"3314","34","18316.00","2023-11-19 00:00:00","2023-12-02 00:00:00"
"3315","34","37791.00","2023-09-23 00:00:00","2023-10-22 00:00:00"
"3316","34","3225.00","2023-11-06 00:00:00","2023-11-24 00:00:00"
"3317","34","39590.00","2023-01-10 00:00:00","2023-02-07 00:00:00"
"3318","34","16391.00","2023-09-24 00:00:00","2023-09-26 00:00:00"
"3319","34","976.00","2023-03-16 00:00:00","2023-04-02 00:00:00"
"3320","34","47392.00","2023-05-16 00:00:00","2023-05-27 00:00:00"
"3321","34","6291.00","2023-09-17 00:00:00","2023-09-18 00:00:00"
"3322","34","3037.00","2023-11-19 00:00:00","2023-12-18 00:00:00"
"3323","34","38944.00","2023-05-09 00:00:00","2023-05-17 00:00:00"
"3324","34","17737.00","2023-09-09 00:00:00","2023-09-28 00:00:00"
"3325","34","40033.00","2023-08-05 00:00:00","2023-08-11 00:00:00"
"3326","34","40005.00","2023-06-22 00:00:00","2023-07-03 00:00:00"
"3327","34","340.00","2023-04-27 00:00:00","2023-05-18 00:00:00"
"3328","34","1102.00","2023-11-14 00:00:00","2023-11-14 00:00:00"
"3329","34","25330.00","2023-08-10 00:00:00","2023-08-11 00:00:00"
"3330","34","24595.00","2023-11-08 00:00:00","2023-11-27 00:00:00"
"3331","34","245.00","2023-03-16 00:00:00","2023-03-21 00:00:00"
"3332","34","42498.00","2023-04-10 00:00:00","2023-04-22 00:00:00"
"3333","34","49075.00","2023-08-10 00:00:00","2023-08-13 00:00:00"
"3334","34","3769.00","2023-08-03 00:00:00","2023-08-18 00:00:00"
"3335","34","80361.00","2023-10-05 00:00:00","2023-10-16 00:00:00"
"3336","34","2807.00","2023-02-26 00:00:00","2023-03-20 00:00:00"
"3337","34","1638.00","2023-02-21 00:00:00","2023-03-20 00:00:00"
"3338","34","39548.00","2023-04-21 00:00:00","2023-05-19 00:00:00"
"3339","34","29492.00","2023-11-23 00:00:00","2023-12-09 00:00:00"
"3340","34","13743.00","2023-12-12 00:00:00","2024-01-10 00:00:00"
"3341","34","3394.00","2023-10-13 00:00:00","2023-10-26 00:00:00"
"3342","34","16888.00","2023-08-07 00:00:00","2023-08-21 00:00:00"
"3343","34","24687.00","2023-06-20 00:00:00","2023-06-22 00:00:00"
"3344","34","462.00","2023-08-19 00:00:00","2023-09-10 00:00:00"
"3345","34","465.00","2023-04-09 00:00:00","2023-04-28 00:00:00"
"3346","34","34276.00","2023-05-22 00:00:00","2023-06-02 00:00:00"
"3347","34","9882.00","2023-04-16 00:00:00","2023-05-08 00:00:00"
"3348","34","30472.00","2023-11-21 00:00:00","2023-12-13 00:00:00"
"3349","34","1638.00","2023-04-10 00:00:00","2023-04-30 00:00:00"
"3350","34","35941.00","2023-02-12 00:00:00","2023-02-13 00:00:00"
"3351","34","152.00","2023-03-10 00:00:00","2023-03-22 00:00:00"
"3352","34","25233.00","2023-01-16 00:00:00","2023-01-24 00:00:00"
"3353","34","2939.00","2023-11-24 00:00:00","2023-12-20 00:00:00"
"3354","34","975.00","2023-11-17 00:00:00","2023-11-22 00:00:00"
"3355","34","12145.00","2023-02-03 00:00:00","2023-02-07 00:00:00"
"3356","34","295.00","2023-12-17 00:00:00","2024-01-11 00:00:00"
"3357","34","2640.00","2023-11-17 00:00:00","2023-11-19 00:00:00"
"3358","34","216.00","2023-03-25 00:00:00","2023-04-15 00:00:00"
"3359","34","2226.00","2023-09-17 00:00:00","2023-10-07 00:00:00"
"3360","34","3493.00","2023-11-01 00:00:00","2023-11-29 00:00:00"
"3361","34","879.00","2023-12-01 00:00:00","2023-12-08 00:00:00"
"3362","34","1497.00","2023-12-05 00:00:00","2023-12-13 00:00:00"
"3363","34","40849.00","2023-05-26 00:00:00","2023-06-01 00:00:00"
"3364","34","22290.00","2023-12-07 00:00:00","2023-12-30 00:00:00"
"3365","34","2691.00","2023-01-16 00:00:00","2023-01-24 00:00:00"
"3366","34","6631.00","2023-11-26 00:00:00","2023-12-11 00:00:00"
"3367","34","54474.00","2023-12-31 00:00:00","2024-01-22 00:00:00"
"3368","34","35966.00","2023-06-03 00:00:00","2023-06-21 00:00:00"
"3369","34","33145.00","2023-04-01 00:00:00","2023-04-12 00:00:00"
"3370","34","10134.00","2023-09-08 00:00:00","2023-09-28 00:00:00"
"3371","34","9495.00","2023-04-01 00:00:00","2023-04-08 00:00:00"
"3372","34","8007.00","2023-06-19 00:00:00","2023-07-17 00:00:00"
"3373","34","152.00","2023-07-17 00:00:00","2023-07-31 00:00:00"
"3374","34","34254.00","2023-04-01 00:00:00","2023-04-26 00:00:00"
"3375","34","833.00","2023-02-13 00:00:00","2023-02-14 00:00:00"
"3376","34","14551.00","2023-09-11 00:00:00","2023-10-04 00:00:00"
"3377","34","2697.00","2023-08-30 00:00:00","2023-09-01 00:00:00"
"3378","34","17563.00","2023-08-25 00:00:00","2023-09-12 00:00:00"
"3379","34","16348.00","2023-04-24 00:00:00","2023-04-27 00:00:00"
"3380","34","18234.00","2023-07-07 00:00:00","2023-08-04 00:00:00"
"3381","34","17550.00","2023-08-02 00:00:00","2023-08-05 00:00:00"
"3382","34","29673.00","2023-09-06 00:00:00","2023-09-21 00:00:00"
"3383","34","852.00","2023-06-03 00:00:00","2023-06-30 00:00:00"
"3384","34","27126.00","2023-08-21 00:00:00","2023-09-19 00:00:00"
"3385","34","45853.00","2023-11-30 00:00:00","2023-11-30 00:00:00"
"3386","34","1011.00","2023-07-27 00:00:00","2023-08-16 00:00:00"
"3387","34","1872.00","2023-07-30 00:00:00","2023-08-23 00:00:00"
"3388","34","3425.00","2023-11-02 00:00:00","2023-11-23 00:00:00"
"3389","34","31141.00","2023-10-01 00:00:00","2023-10-20 00:00:00"
"3390","34","18154.00","2023-08-20 00:00:00","2023-08-28 00:00:00"
"3391","34","2645.00","2023-05-06 00:00:00","2023-05-15 00:00:00"
"3392","34","2865.00","2023-05-23 00:00:00","2023-06-17 00:00:00"
"3393","34","29395.00","2023-04-19 00:00:00","2023-05-18 00:00:00"
"3394","34","5090.00","2023-04-21 00:00:00","2023-05-11 00:00:00"
"3395","34","1020.00","2023-07-16 00:00:00","2023-07-21 00:00:00"
"3396","34","21394.00","2023-12-23 00:00:00","2023-12-30 00:00:00"
"3397","34","3261.00","2023-05-05 00:00:00","2023-05-25 00:00:00"
"3398","34","4369.00","2023-07-25 00:00:00","2023-07-30 00:00:00"
"3399","34","96.00","2023-11-17 00:00:00","2023-11-28 00:00:00"
"3400","34","5870.00","2023-05-25 00:00:00","2023-06-15 00:00:00"
"3401","35","316.00","2023-03-27 00:00:00","2023-04-04 00:00:00"
"3402","35","2192.00","2023-12-10 00:00:00","2024-01-06 00:00:00"
"3403","35","25395.00","2023-09-07 00:00:00","2023-10-06 00:00:00"
"3404","35","781.00","2023-02-27 00:00:00","2023-03-16 00:00:00"
"3405","35","30291.00","2023-04-20 00:00:00","2023-04-20 00:00:00"
"3406","35","9392.00","2023-06-08 00:00:00","2023-06-08 00:00:00"
"3407","35","37928.00","2023-01-23 00:00:00","2023-02-14 00:00:00"
"3408","35","3381.00","2023-05-19 00:00:00","2023-05-25 00:00:00"
"3409","35","1154.00","2023-12-28 00:00:00","2024-01-07 00:00:00"
"3410","35","33994.00","2023-10-25 00:00:00","2023-11-07 00:00:00"
"3411","35","7576.00","2023-08-13 00:00:00","2023-08-19 00:00:00"
"3412","35","22794.00","2023-01-04 00:00:00","2023-01-09 00:00:00"
"3413","35","4755.00","2023-12-31 00:00:00","2024-01-08 00:00:00"
"3414","35","36450.00","2023-03-27 00:00:00","2023-04-12 00:00:00"
"3415","35","15743.00","2023-10-03 00:00:00","2023-10-10 00:00:00"
"3416","35","433.00","2023-09-22 00:00:00","2023-10-09 00:00:00"
"3417","35","3471.00","2023-11-03 00:00:00","2023-11-30 00:00:00"
"3418","35","888.00","2023-07-06 00:00:00","2023-07-24 00:00:00"
"3419","35","3638.00","2023-11-17 00:00:00","2023-12-15 00:00:00"
"3420","35","45682.00","2023-06-09 00:00:00","2023-06-12 00:00:00"
"3421","35","3200.00","2023-09-06 00:00:00","2023-09-15 00:00:00"
"3422","35","5455.00","2023-11-22 00:00:00","2023-12-20 00:00:00"
"3423","35","721.00","2023-10-11 00:00:00","2023-11-02 00:00:00"
"3424","35","32983.00","2023-08-13 00:00:00","2023-08-21 00:00:00"
"3425","35","3435.00","2023-02-11 00:00:00","2023-03-02 00:00:00"
"3426","35","44823.00","2023-02-01 00:00:00","2023-02-12 00:00:00"
"3427","35","20672.00","2023-10-12 00:00:00","2023-11-06 00:00:00"
"3428","35","859.00","2023-11-02 00:00:00","2023-11-19 00:00:00"
"3429","35","61991.00","2023-10-16 00:00:00","2023-10-26 00:00:00"
"3430","35","21230.00","2023-09-24 00:00:00","2023-10-23 00:00:00"
"3431","35","854.00","2023-06-21 00:00:00","2023-07-06 00:00:00"
"3432","35","16017.00","2023-11-29 00:00:00","2023-12-11 00:00:00"
"3433","35","15238.00","2023-10-18 00:00:00","2023-11-10 00:00:00"
"3434","35","2836.00","2023-11-18 00:00:00","2023-12-04 00:00:00"
"3435","35","16685.00","2023-10-06 00:00:00","2023-11-03 00:00:00"
"3436","35","251.00","2023-01-27 00:00:00","2023-01-27 00:00:00"
"3437","35","472.00","2023-08-25 00:00:00","2023-09-23 00:00:00"
"3438","35","1630.00","2023-12-22 00:00:00","2024-01-02 00:00:00"
"3439","35","1657.00","2023-09-17 00:00:00","2023-10-13 00:00:00"
"3440","35","6535.00","2023-11-13 00:00:00","2023-11-19 00:00:00"
"3441","35","9768.00","2023-10-14 00:00:00","2023-11-06 00:00:00"
"3442","35","22114.00","2023-02-23 00:00:00","2023-03-21 00:00:00"
"3443","35","48136.00","2023-02-12 00:00:00","2023-02-18 00:00:00"
"3444","35","19054.00","2023-05-20 00:00:00","2023-05-23 00:00:00"
"3445","35","319.00","2023-10-25 00:00:00","2023-11-14 00:00:00"
"3446","35","69927.00","2023-08-21 00:00:00","2023-09-12 00:00:00"
"3447","35","2361.00","2023-10-23 00:00:00","2023-10-30 00:00:00"
"3448","35","76.00","2023-11-10 00:00:00","2023-11-29 00:00:00"
"3449","35","44753.00","2023-05-04 00:00:00","2023-06-01 00:00:00"
"3450","35","3443.00","2023-11-27 00:00:00","2023-11-27 00:00:00"
"3451","35","291.00","2023-02-23 00:00:00","2023-02-23 00:00:00"
"3452","35","3357.00","2023-10-11 00:00:00","2023-11-09 00:00:00"
"3453","35","2397.00","2023-09-06 00:00:00","2023-09-27 00:00:00"
"3454","35","187.00","2023-12-14 00:00:00","2023-12-20 00:00:00"
"3455","35","12291.00","2023-06-05 00:00:00","2023-06-06 00:00:00"
"3456","35","24531.00","2023-06-06 00:00:00","2023-07-04 00:00:00"
"3457","35","59465.00","2023-02-24 00:00:00","2023-03-05 00:00:00"
"3458","35","27160.00","2023-10-18 00:00:00","2023-10-21 00:00:00"
"3459","35","1344.00","2023-01-13 00:00:00","2023-02-02 00:00:00"
"3460","35","12533.00","2023-04-18 00:00:00","2023-04-26 00:00:00"
"3461","35","35076.00","2023-02-08 00:00:00","2023-02-27 00:00:00"
"3462","35","36203.00","2023-12-30 00:00:00","2024-01-10 00:00:00"
"3463","35","29083.00","2023-10-14 00:00:00","2023-10-29 00:00:00"
"3464","35","1806.00","2023-10-25 00:00:00","2023-11-12 00:00:00"
"3465","35","28808.00","2023-04-09 00:00:00","2023-05-04 00:00:00"
"3466","35","2427.00","2023-12-24 00:00:00","2024-01-04 00:00:00"
"3467","35","715.00","2023-02-28 00:00:00","2023-03-10 00:00:00"
"3468","35","36015.00","2023-02-03 00:00:00","2023-02-27 00:00:00"
"3469","35","20792.00","2023-12-19 00:00:00","2023-12-27 00:00:00"
"3470","35","33240.00","2023-01-13 00:00:00","2023-02-02 00:00:00"
"3471","35","603.00","2023-07-27 00:00:00","2023-08-23 00:00:00"
"3472","35","32694.00","2023-03-08 00:00:00","2023-03-28 00:00:00"
"3473","35","45871.00","2023-04-09 00:00:00","2023-04-11 00:00:00"
"3474","35","15340.00","2023-12-22 00:00:00","2024-01-03 00:00:00"
"3475","35","21092.00","2023-07-21 00:00:00","2023-08-07 00:00:00"
"3476","35","1477.00","2023-04-10 00:00:00","2023-04-19 00:00:00"
"3477","35","36217.00","2023-06-20 00:00:00","2023-06-21 00:00:00"
"3478","35","47186.00","2023-09-29 00:00:00","2023-09-29 00:00:00"
"3479","35","177.00","2023-02-04 00:00:00","2023-02-05 00:00:00"
"3480","35","21605.00","2023-09-23 00:00:00","2023-09-29 00:00:00"
"3481","35","35616.00","2023-10-19 00:00:00","2023-10-25 00:00:00"
"3482","35","150.00","2023-03-28 00:00:00","2023-04-04 00:00:00"
"3483","35","73449.00","2023-12-20 00:00:00","2024-01-14 00:00:00"
"3484","35","37102.00","2023-11-13 00:00:00","2023-12-05 00:00:00"
"3485","35","716.00","2023-03-12 00:00:00","2023-03-17 00:00:00"
"3486","35","42888.00","2023-03-04 00:00:00","2023-04-01 00:00:00"
"3487","35","24233.00","2023-12-26 00:00:00","2024-01-09 00:00:00"
"3488","35","27994.00","2023-10-31 00:00:00","2023-11-07 00:00:00"
"3489","35","24125.00","2023-01-05 00:00:00","2023-01-26 00:00:00"
"3490","35","10189.00","2023-09-22 00:00:00","2023-10-01 00:00:00"
"3491","35","16721.00","2023-04-29 00:00:00","2023-05-02 00:00:00"
"3492","35","36091.00","2023-07-12 00:00:00","2023-08-10 00:00:00"
"3493","35","12097.00","2023-09-13 00:00:00","2023-09-25 00:00:00"
"3494","35","1521.00","2023-11-16 00:00:00","2023-12-15 00:00:00"
"3495","35","2646.00","2023-04-02 00:00:00","2023-04-14 00:00:00"
"3496","35","703.00","2023-11-23 00:00:00","2023-12-04 00:00:00"
"3497","35","25138.00","2023-06-08 00:00:00","2023-06-19 00:00:00"
"3498","35","300.00","2023-11-14 00:00:00","2023-12-01 00:00:00"
"3499","35","190.00","2023-08-06 00:00:00","2023-09-01 00:00:00"
"3500","35","20414.00","2023-06-14 00:00:00","2023-07-04 00:00:00"
"3501","36","732.00","2023-11-26 00:00:00","2023-12-23 00:00:00"
"3502","36","6958.00","2023-12-01 00:00:00","2023-12-11 00:00:00"
"3503","36","27337.00","2023-03-08 00:00:00","2023-03-26 00:00:00"
"3504","36","4877.00","2023-03-22 00:00:00","2023-04-14 00:00:00"
"3505","36","3065.00","2023-06-16 00:00:00","2023-07-07 00:00:00"
"3506","36","12822.00","2023-09-22 00:00:00","2023-10-05 00:00:00"
"3507","36","590.00","2023-06-25 00:00:00","2023-07-12 00:00:00"
"3508","36","777.00","2023-09-21 00:00:00","2023-09-23 00:00:00"
"3509","36","1696.00","2023-05-23 00:00:00","2023-05-23 00:00:00"
"3510","36","4747.00","2023-04-15 00:00:00","2023-05-10 00:00:00"
"3511","36","2341.00","2023-10-03 00:00:00","2023-10-18 00:00:00"
"3512","36","603.00","2023-09-01 00:00:00","2023-09-02 00:00:00"
"3513","36","20867.00","2023-09-16 00:00:00","2023-09-22 00:00:00"
"3514","36","3673.00","2023-03-28 00:00:00","2023-04-07 00:00:00"
"3515","36","3557.00","2023-05-12 00:00:00","2023-05-21 00:00:00"
"3516","36","45134.00","2023-11-22 00:00:00","2023-12-03 00:00:00"
"3517","36","2273.00","2023-12-26 00:00:00","2024-01-01 00:00:00"
"3518","36","25978.00","2023-08-13 00:00:00","2023-08-14 00:00:00"
"3519","36","24903.00","2023-07-31 00:00:00","2023-08-14 00:00:00"
"3520","36","1076.00","2023-10-09 00:00:00","2023-10-09 00:00:00"
"3521","36","33722.00","2023-05-12 00:00:00","2023-05-20 00:00:00"
"3522","36","4758.00","2023-02-08 00:00:00","2023-02-26 00:00:00"
"3523","36","39090.00","2023-10-07 00:00:00","2023-11-05 00:00:00"
"3524","36","27247.00","2023-06-05 00:00:00","2023-06-12 00:00:00"
"3525","36","4929.00","2023-07-14 00:00:00","2023-07-20 00:00:00"
"3526","36","1486.00","2023-10-09 00:00:00","2023-10-10 00:00:00"
"3527","36","38579.00","2023-10-15 00:00:00","2023-11-12 00:00:00"
"3528","36","14264.00","2023-08-20 00:00:00","2023-09-07 00:00:00"
"3529","36","2573.00","2023-09-20 00:00:00","2023-10-15 00:00:00"
"3530","36","1832.00","2023-12-06 00:00:00","2024-01-04 00:00:00"
"3531","36","3619.00","2023-04-02 00:00:00","2023-05-01 00:00:00"
"3532","36","801.00","2023-01-30 00:00:00","2023-02-14 00:00:00"
"3533","36","3880.00","2023-09-11 00:00:00","2023-10-08 00:00:00"
"3534","36","12321.00","2023-02-13 00:00:00","2023-02-17 00:00:00"
"3535","36","12661.00","2023-04-25 00:00:00","2023-05-16 00:00:00"
"3536","36","1127.00","2023-06-28 00:00:00","2023-07-04 00:00:00"
"3537","36","63148.00","2023-12-09 00:00:00","2024-01-03 00:00:00"
"3538","36","3169.00","2023-11-22 00:00:00","2023-12-18 00:00:00"
"3539","36","20481.00","2023-04-07 00:00:00","2023-04-12 00:00:00"
"3540","36","585.00","2023-03-26 00:00:00","2023-04-04 00:00:00"
"3541","36","20226.00","2023-09-02 00:00:00","2023-09-11 00:00:00"
"3542","36","36467.00","2023-07-29 00:00:00","2023-08-27 00:00:00"
"3543","36","2184.00","2023-12-23 00:00:00","2024-01-03 00:00:00"
"3544","36","2021.00","2023-11-22 00:00:00","2023-12-12 00:00:00"
"3545","36","1513.00","2023-05-23 00:00:00","2023-06-20 00:00:00"
"3546","36","76704.00","2023-11-05 00:00:00","2023-11-14 00:00:00"
"3547","36","37887.00","2023-01-04 00:00:00","2023-01-19 00:00:00"
"3548","36","19018.00","2023-11-02 00:00:00","2023-11-18 00:00:00"
"3549","36","36234.00","2023-09-18 00:00:00","2023-09-23 00:00:00"
"3550","36","6435.00","2023-09-07 00:00:00","2023-09-14 00:00:00"
"3551","36","12303.00","2023-10-28 00:00:00","2023-11-22 00:00:00"
"3552","36","18187.00","2023-12-10 00:00:00","2023-12-23 00:00:00"
"3553","36","1879.00","2023-12-20 00:00:00","2024-01-18 00:00:00"
"3554","36","1299.00","2023-04-24 00:00:00","2023-05-07 00:00:00"
"3555","36","18322.00","2023-04-14 00:00:00","2023-04-27 00:00:00"
"3556","36","574.00","2023-12-14 00:00:00","2023-12-24 00:00:00"
"3557","36","3094.00","2023-11-27 00:00:00","2023-12-21 00:00:00"
"3558","36","263.00","2023-04-05 00:00:00","2023-04-29 00:00:00"
"3559","36","6446.00","2023-10-26 00:00:00","2023-11-04 00:00:00"
"3560","36","12193.00","2023-11-30 00:00:00","2023-12-17 00:00:00"
"3561","36","18556.00","2023-12-19 00:00:00","2023-12-23 00:00:00"
"3562","36","45289.00","2023-10-01 00:00:00","2023-10-25 00:00:00"
"3563","36","36370.00","2023-01-29 00:00:00","2023-01-29 00:00:00"
"3564","36","4809.00","2023-09-17 00:00:00","2023-09-24 00:00:00"
"3565","36","8322.00","2023-05-28 00:00:00","2023-06-02 00:00:00"
"3566","36","40172.00","2023-12-27 00:00:00","2024-01-21 00:00:00"
"3567","36","38770.00","2023-11-17 00:00:00","2023-11-30 00:00:00"
"3568","36","711.00","2023-07-24 00:00:00","2023-07-30 00:00:00"
"3569","36","18558.00","2023-05-20 00:00:00","2023-06-15 00:00:00"
"3570","36","4534.00","2023-07-08 00:00:00","2023-07-24 00:00:00"
"3571","36","7233.00","2023-11-21 00:00:00","2023-12-05 00:00:00"
"3572","36","2302.00","2023-01-21 00:00:00","2023-01-30 00:00:00"
"3573","36","1096.00","2023-08-09 00:00:00","2023-08-25 00:00:00"
"3574","36","2010.00","2023-03-31 00:00:00","2023-04-06 00:00:00"
"3575","36","53121.00","2023-07-14 00:00:00","2023-07-30 00:00:00"
"3576","36","3991.00","2023-05-28 00:00:00","2023-06-21 00:00:00"
"3577","36","10053.00","2023-01-13 00:00:00","2023-01-28 00:00:00"
"3578","36","809.00","2023-11-14 00:00:00","2023-12-13 00:00:00"
"3579","36","1045.00","2023-07-10 00:00:00","2023-07-24 00:00:00"
"3580","36","34093.00","2023-04-11 00:00:00","2023-04-26 00:00:00"
"3581","36","15614.00","2023-07-12 00:00:00","2023-07-27 00:00:00"
"3582","36","28787.00","2023-11-04 00:00:00","2023-11-29 00:00:00"
"3583","36","3032.00","2023-01-04 00:00:00","2023-01-23 00:00:00"
"3584","36","2204.00","2023-04-07 00:00:00","2023-04-23 00:00:00"
"3585","36","2642.00","2023-08-03 00:00:00","2023-08-07 00:00:00"
"3586","36","1206.00","2023-11-06 00:00:00","2023-12-05 00:00:00"
"3587","36","6047.00","2023-08-30 00:00:00","2023-09-08 00:00:00"
"3588","36","45401.00","2023-07-21 00:00:00","2023-07-27 00:00:00"
"3589","36","21240.00","2023-03-22 00:00:00","2023-04-17 00:00:00"
"3590","36","14135.00","2023-08-16 00:00:00","2023-09-05 00:00:00"
"3591","36","13198.00","2023-03-30 00:00:00","2023-04-01 00:00:00"
"3592","36","1022.00","2023-07-05 00:00:00","2023-07-25 00:00:00"
"3593","36","1651.00","2023-01-02 00:00:00","2023-01-11 00:00:00"
"3594","36","17932.00","2023-07-05 00:00:00","2023-07-09 00:00:00"
"3595","36","5028.00","2023-03-24 00:00:00","2023-03-24 00:00:00"
"3596","36","30460.00","2023-07-05 00:00:00","2023-07-06 00:00:00"
"3597","36","5789.00","2023-09-01 00:00:00","2023-09-28 00:00:00"
"3598","36","6871.00","2023-12-30 00:00:00","2024-01-15 00:00:00"
"3599","36","40631.00","2023-10-15 00:00:00","2023-10-18 00:00:00"
"3600","36","46690.00","2023-05-29 00:00:00","2023-05-29 00:00:00"
"3601","37","897.00","2023-02-28 00:00:00","2023-03-25 00:00:00"
"3602","37","8173.00","2023-04-21 00:00:00","2023-04-28 00:00:00"
"3603","37","36414.00","2023-05-11 00:00:00","2023-05-15 00:00:00"
"3604","37","485.00","2023-08-28 00:00:00","2023-09-21 00:00:00"
"3605","37","45090.00","2023-05-11 00:00:00","2023-05-31 00:00:00"
"3606","37","15211.00","2023-07-30 00:00:00","2023-08-17 00:00:00"
"3607","37","1618.00","2023-07-07 00:00:00","2023-07-20 00:00:00"
"3608","37","4572.00","2023-01-31 00:00:00","2023-02-27 00:00:00"
"3609","37","29301.00","2023-09-10 00:00:00","2023-09-26 00:00:00"
"3610","37","27631.00","2023-03-28 00:00:00","2023-04-03 00:00:00"
"3611","37","1982.00","2023-11-11 00:00:00","2023-11-13 00:00:00"
"3612","37","3337.00","2023-04-22 00:00:00","2023-05-10 00:00:00"
"3613","37","29038.00","2023-08-19 00:00:00","2023-08-26 00:00:00"
"3614","37","28318.00","2023-10-20 00:00:00","2023-10-25 00:00:00"
"3615","37","28312.00","2023-06-29 00:00:00","2023-07-24 00:00:00"
"3616","37","21193.00","2023-10-20 00:00:00","2023-11-15 00:00:00"
"3617","37","54906.00","2023-04-21 00:00:00","2023-05-06 00:00:00"
"3618","37","19550.00","2023-07-24 00:00:00","2023-07-25 00:00:00"
"3619","37","16440.00","2023-10-05 00:00:00","2023-10-24 00:00:00"
"3620","37","6358.00","2023-04-21 00:00:00","2023-04-25 00:00:00"
"3621","37","24174.00","2023-05-02 00:00:00","2023-05-28 00:00:00"
"3622","37","109.00","2023-01-18 00:00:00","2023-02-05 00:00:00"
"3623","37","45472.00","2023-07-06 00:00:00","2023-07-25 00:00:00"
"3624","37","9660.00","2023-06-16 00:00:00","2023-06-30 00:00:00"
"3625","37","1953.00","2023-12-23 00:00:00","2024-01-16 00:00:00"
"3626","37","4735.00","2023-04-30 00:00:00","2023-05-10 00:00:00"
"3627","37","1017.00","2023-07-21 00:00:00","2023-07-23 00:00:00"
"3628","37","39292.00","2023-08-20 00:00:00","2023-08-25 00:00:00"
"3629","37","40170.00","2023-05-22 00:00:00","2023-05-27 00:00:00"
"3630","37","317.00","2023-12-12 00:00:00","2024-01-07 00:00:00"
"3631","37","2125.00","2023-09-21 00:00:00","2023-09-24 00:00:00"
"3632","37","774.00","2023-06-23 00:00:00","2023-06-23 00:00:00"
"3633","37","18234.00","2023-05-27 00:00:00","2023-06-22 00:00:00"
"3634","37","945.00","2023-11-01 00:00:00","2023-11-29 00:00:00"
"3635","37","61155.00","2023-05-05 00:00:00","2023-05-20 00:00:00"
"3636","37","3590.00","2023-11-23 00:00:00","2023-12-13 00:00:00"
"3637","37","283.00","2023-04-01 00:00:00","2023-04-17 00:00:00"
"3638","37","384.00","2023-06-02 00:00:00","2023-06-13 00:00:00"
"3639","37","42280.00","2023-06-08 00:00:00","2023-06-08 00:00:00"
"3640","37","295.00","2023-04-28 00:00:00","2023-05-17 00:00:00"
"3641","37","32225.00","2023-08-09 00:00:00","2023-08-19 00:00:00"
"3642","37","29452.00","2023-09-03 00:00:00","2023-09-13 00:00:00"
"3643","37","64142.00","2023-10-15 00:00:00","2023-10-17 00:00:00"
"3644","37","2872.00","2023-08-22 00:00:00","2023-08-26 00:00:00"
"3645","37","3889.00","2023-04-20 00:00:00","2023-05-11 00:00:00"
"3646","37","1361.00","2023-01-28 00:00:00","2023-02-19 00:00:00"
"3647","37","18947.00","2023-08-28 00:00:00","2023-09-04 00:00:00"
"3648","37","31099.00","2023-09-30 00:00:00","2023-10-28 00:00:00"
"3649","37","9429.00","2023-07-14 00:00:00","2023-08-11 00:00:00"
"3650","37","902.00","2023-09-14 00:00:00","2023-09-21 00:00:00"
"3651","37","54492.00","2023-11-09 00:00:00","2023-11-09 00:00:00"
"3652","37","2960.00","2023-09-13 00:00:00","2023-10-12 00:00:00"
"3653","37","48788.00","2023-05-06 00:00:00","2023-05-18 00:00:00"
"3654","37","185.00","2023-03-14 00:00:00","2023-03-30 00:00:00"
"3655","37","306.00","2023-02-19 00:00:00","2023-02-22 00:00:00"
"3656","37","15214.00","2023-01-29 00:00:00","2023-02-04 00:00:00"
"3657","37","36158.00","2023-09-10 00:00:00","2023-10-08 00:00:00"
"3658","37","866.00","2023-06-16 00:00:00","2023-06-25 00:00:00"
"3659","37","24292.00","2023-10-28 00:00:00","2023-11-07 00:00:00"
"3660","37","6438.00","2023-09-24 00:00:00","2023-10-03 00:00:00"
"3661","37","35033.00","2023-08-20 00:00:00","2023-09-05 00:00:00"
"3662","37","49954.00","2023-06-06 00:00:00","2023-06-09 00:00:00"
"3663","37","63587.00","2023-07-14 00:00:00","2023-08-07 00:00:00"
"3664","37","158.00","2023-05-11 00:00:00","2023-05-18 00:00:00"
"3665","37","3672.00","2023-03-06 00:00:00","2023-03-13 00:00:00"
"3666","37","18880.00","2023-11-05 00:00:00","2023-11-18 00:00:00"
"3667","37","46098.00","2023-09-17 00:00:00","2023-09-21 00:00:00"
"3668","37","1441.00","2023-09-18 00:00:00","2023-09-26 00:00:00"
"3669","37","29210.00","2023-06-24 00:00:00","2023-07-19 00:00:00"
"3670","37","9820.00","2023-12-22 00:00:00","2024-01-08 00:00:00"
"3671","37","474.00","2023-07-17 00:00:00","2023-07-30 00:00:00"
"3672","37","3597.00","2023-08-14 00:00:00","2023-09-11 00:00:00"
"3673","37","45385.00","2023-07-27 00:00:00","2023-08-16 00:00:00"
"3674","37","1053.00","2023-05-21 00:00:00","2023-06-08 00:00:00"
"3675","37","21292.00","2023-09-27 00:00:00","2023-10-14 00:00:00"
"3676","37","40197.00","2023-06-07 00:00:00","2023-06-17 00:00:00"
"3677","37","19470.00","2023-03-20 00:00:00","2023-03-22 00:00:00"
"3678","37","32303.00","2023-05-17 00:00:00","2023-06-02 00:00:00"
"3679","37","49797.00","2023-08-18 00:00:00","2023-09-04 00:00:00"
"3680","37","31504.00","2023-01-27 00:00:00","2023-02-09 00:00:00"
"3681","37","118.00","2023-08-23 00:00:00","2023-09-18 00:00:00"
"3682","37","24303.00","2023-10-31 00:00:00","2023-11-13 00:00:00"
"3683","37","25227.00","2023-02-27 00:00:00","2023-03-16 00:00:00"
"3684","37","45419.00","2023-02-23 00:00:00","2023-03-06 00:00:00"
"3685","37","32967.00","2023-04-18 00:00:00","2023-05-03 00:00:00"
"3686","37","18814.00","2023-06-21 00:00:00","2023-06-29 00:00:00"
"3687","37","44166.00","2023-11-24 00:00:00","2023-12-22 00:00:00"
"3688","37","30654.00","2023-06-17 00:00:00","2023-06-25 00:00:00"
"3689","37","45649.00","2023-08-16 00:00:00","2023-08-30 00:00:00"
"3690","37","1074.00","2023-11-08 00:00:00","2023-11-19 00:00:00"
"3691","37","22323.00","2023-06-19 00:00:00","2023-06-20 00:00:00"
"3692","37","14492.00","2023-03-08 00:00:00","2023-03-15 00:00:00"
"3693","37","20622.00","2023-04-25 00:00:00","2023-05-21 00:00:00"
"3694","37","51966.00","2023-10-19 00:00:00","2023-11-08 00:00:00"
"3695","37","843.00","2023-01-18 00:00:00","2023-01-31 00:00:00"
"3696","37","10043.00","2023-06-05 00:00:00","2023-07-01 00:00:00"
"3697","37","933.00","2023-12-30 00:00:00","2024-01-11 00:00:00"
"3698","37","17002.00","2023-04-24 00:00:00","2023-04-27 00:00:00"
"3699","37","7369.00","2023-02-24 00:00:00","2023-03-09 00:00:00"
"3700","37","1851.00","2023-12-29 00:00:00","2024-01-03 00:00:00"
"3701","38","14425.00","2023-04-17 00:00:00","2023-04-29 00:00:00"
"3702","38","13259.00","2023-08-16 00:00:00","2023-09-07 00:00:00"
"3703","38","1030.00","2023-04-25 00:00:00","2023-05-14 00:00:00"
"3704","38","6658.00","2023-04-23 00:00:00","2023-04-29 00:00:00"
"3705","38","12296.00","2023-09-09 00:00:00","2023-10-02 00:00:00"
"3706","38","21967.00","2023-08-16 00:00:00","2023-09-09 00:00:00"
"3707","38","823.00","2023-08-09 00:00:00","2023-08-28 00:00:00"
"3708","38","8750.00","2023-03-03 00:00:00","2023-03-22 00:00:00"
"3709","38","1204.00","2023-08-19 00:00:00","2023-09-06 00:00:00"
"3710","38","2066.00","2023-03-27 00:00:00","2023-04-04 00:00:00"
"3711","38","663.00","2023-11-27 00:00:00","2023-12-15 00:00:00"
"3712","38","45033.00","2023-04-25 00:00:00","2023-05-15 00:00:00"
"3713","38","15522.00","2023-02-13 00:00:00","2023-03-02 00:00:00"
"3714","38","655.00","2023-07-19 00:00:00","2023-07-21 00:00:00"
"3715","38","29455.00","2023-11-26 00:00:00","2023-12-09 00:00:00"
"3716","38","18056.00","2023-01-12 00:00:00","2023-01-24 00:00:00"
"3717","38","37235.00","2023-09-29 00:00:00","2023-10-17 00:00:00"
"3718","38","25062.00","2023-12-02 00:00:00","2023-12-16 00:00:00"
"3719","38","30490.00","2023-08-11 00:00:00","2023-09-07 00:00:00"
"3720","38","358.00","2023-01-17 00:00:00","2023-01-19 00:00:00"
"3721","38","794.00","2023-12-29 00:00:00","2024-01-21 00:00:00"
"3722","38","465.00","2023-06-15 00:00:00","2023-06-26 00:00:00"
"3723","38","1673.00","2023-10-01 00:00:00","2023-10-11 00:00:00"
"3724","38","1809.00","2023-12-21 00:00:00","2024-01-12 00:00:00"
"3725","38","12442.00","2023-11-04 00:00:00","2023-11-20 00:00:00"
"3726","38","3953.00","2023-08-25 00:00:00","2023-09-05 00:00:00"
"3727","38","13630.00","2023-01-23 00:00:00","2023-01-24 00:00:00"
"3728","38","657.00","2023-04-21 00:00:00","2023-04-21 00:00:00"
"3729","38","39786.00","2023-05-30 00:00:00","2023-06-03 00:00:00"
"3730","38","409.00","2023-09-22 00:00:00","2023-09-23 00:00:00"
"3731","38","24510.00","2023-06-21 00:00:00","2023-07-17 00:00:00"
"3732","38","1752.00","2023-10-23 00:00:00","2023-11-21 00:00:00"
"3733","38","16144.00","2023-02-24 00:00:00","2023-03-11 00:00:00"
"3734","38","524.00","2023-11-01 00:00:00","2023-11-27 00:00:00"
"3735","38","884.00","2023-10-02 00:00:00","2023-10-28 00:00:00"
"3736","38","7490.00","2023-06-06 00:00:00","2023-06-08 00:00:00"
"3737","38","1344.00","2023-10-15 00:00:00","2023-10-21 00:00:00"
"3738","38","3914.00","2023-07-07 00:00:00","2023-07-08 00:00:00"
"3739","38","1167.00","2023-04-13 00:00:00","2023-04-15 00:00:00"
"3740","38","28752.00","2023-03-20 00:00:00","2023-03-28 00:00:00"
"3741","38","13449.00","2023-01-17 00:00:00","2023-01-25 00:00:00"
"3742","38","53244.00","2023-05-02 00:00:00","2023-05-03 00:00:00"
"3743","38","3840.00","2023-09-02 00:00:00","2023-09-24 00:00:00"
"3744","38","940.00","2023-08-28 00:00:00","2023-09-22 00:00:00"
"3745","38","651.00","2023-08-12 00:00:00","2023-08-23 00:00:00"
"3746","38","25782.00","2023-11-18 00:00:00","2023-12-14 00:00:00"
"3747","38","600.00","2023-01-27 00:00:00","2023-02-02 00:00:00"
"3748","38","4839.00","2023-10-09 00:00:00","2023-10-18 00:00:00"
"3749","38","444.00","2023-06-11 00:00:00","2023-06-28 00:00:00"
"3750","38","519.00","2023-08-25 00:00:00","2023-09-21 00:00:00"
"3751","38","21602.00","2023-02-10 00:00:00","2023-02-17 00:00:00"
"3752","38","1111.00","2023-03-12 00:00:00","2023-03-27 00:00:00"
"3753","38","19636.00","2023-09-29 00:00:00","2023-10-09 00:00:00"
"3754","38","1500.00","2023-01-16 00:00:00","2023-02-06 00:00:00"
"3755","38","1942.00","2023-10-05 00:00:00","2023-11-03 00:00:00"
"3756","38","794.00","2023-04-24 00:00:00","2023-05-06 00:00:00"
"3757","38","3036.00","2023-12-22 00:00:00","2024-01-09 00:00:00"
"3758","38","68643.00","2023-06-25 00:00:00","2023-07-14 00:00:00"
"3759","38","30691.00","2023-07-07 00:00:00","2023-07-29 00:00:00"
"3760","38","5114.00","2023-06-10 00:00:00","2023-06-26 00:00:00"
"3761","38","40064.00","2023-01-19 00:00:00","2023-02-16 00:00:00"
"3762","38","389.00","2023-02-13 00:00:00","2023-02-27 00:00:00"
"3763","38","36232.00","2023-12-07 00:00:00","2023-12-15 00:00:00"
"3764","38","61181.00","2023-01-13 00:00:00","2023-01-22 00:00:00"
"3765","38","9045.00","2023-11-29 00:00:00","2023-12-10 00:00:00"
"3766","38","13532.00","2023-10-16 00:00:00","2023-11-01 00:00:00"
"3767","38","1710.00","2023-03-28 00:00:00","2023-04-13 00:00:00"
"3768","38","24153.00","2023-07-22 00:00:00","2023-08-16 00:00:00"
"3769","38","2856.00","2023-05-10 00:00:00","2023-05-20 00:00:00"
"3770","38","597.00","2023-03-01 00:00:00","2023-03-17 00:00:00"
"3771","38","13137.00","2023-11-01 00:00:00","2023-11-07 00:00:00"
"3772","38","45280.00","2023-10-14 00:00:00","2023-10-21 00:00:00"
"3773","38","22727.00","2023-11-13 00:00:00","2023-12-01 00:00:00"
"3774","38","35732.00","2023-03-26 00:00:00","2023-04-05 00:00:00"
"3775","38","37084.00","2023-07-28 00:00:00","2023-08-06 00:00:00"
"3776","38","9890.00","2023-09-18 00:00:00","2023-10-03 00:00:00"
"3777","38","1251.00","2023-01-15 00:00:00","2023-02-08 00:00:00"
"3778","38","9085.00","2023-04-05 00:00:00","2023-04-28 00:00:00"
"3779","38","2740.00","2023-12-19 00:00:00","2023-12-24 00:00:00"
"3780","38","2856.00","2023-03-29 00:00:00","2023-04-14 00:00:00"
"3781","38","28994.00","2023-05-02 00:00:00","2023-05-11 00:00:00"
"3782","38","640.00","2023-03-09 00:00:00","2023-03-15 00:00:00"
"3783","38","18475.00","2023-11-03 00:00:00","2023-11-07 00:00:00"
"3784","38","4231.00","2023-01-20 00:00:00","2023-02-05 00:00:00"
"3785","38","338.00","2023-05-16 00:00:00","2023-05-26 00:00:00"
"3786","38","76988.00","2023-01-30 00:00:00","2023-02-20 00:00:00"
"3787","38","68407.00","2023-11-26 00:00:00","2023-12-08 00:00:00"
"3788","38","30090.00","2023-02-21 00:00:00","2023-03-02 00:00:00"
"3789","38","35866.00","2023-11-11 00:00:00","2023-11-22 00:00:00"
"3790","38","65286.00","2023-07-11 00:00:00","2023-07-24 00:00:00"
"3791","38","246.00","2023-06-29 00:00:00","2023-07-02 00:00:00"
"3792","38","300.00","2023-03-27 00:00:00","2023-04-22 00:00:00"
"3793","38","21819.00","2023-09-02 00:00:00","2023-09-02 00:00:00"
"3794","38","42366.00","2023-02-13 00:00:00","2023-03-13 00:00:00"
"3795","38","51189.00","2023-08-20 00:00:00","2023-09-11 00:00:00"
"3796","38","4136.00","2023-08-22 00:00:00","2023-09-15 00:00:00"
"3797","38","7137.00","2023-07-03 00:00:00","2023-07-11 00:00:00"
"3798","38","32790.00","2023-04-15 00:00:00","2023-04-16 00:00:00"
"3799","38","3282.00","2023-09-23 00:00:00","2023-10-12 00:00:00"
"3800","38","266.00","2023-01-22 00:00:00","2023-02-06 00:00:00"
"3801","39","47051.00","2023-04-05 00:00:00","2023-05-02 00:00:00"
"3802","39","139.00","2023-08-22 00:00:00","2023-09-03 00:00:00"
"3803","39","485.00","2023-06-06 00:00:00","2023-07-04 00:00:00"
"3804","39","1932.00","2023-08-26 00:00:00","2023-09-20 00:00:00"
"3805","39","14322.00","2023-09-16 00:00:00","2023-10-07 00:00:00"
"3806","39","30320.00","2023-12-09 00:00:00","2024-01-03 00:00:00"
"3807","39","5985.00","2023-02-22 00:00:00","2023-03-13 00:00:00"
"3808","39","843.00","2023-11-10 00:00:00","2023-11-15 00:00:00"
"3809","39","9593.00","2023-11-02 00:00:00","2023-11-17 00:00:00"
"3810","39","37783.00","2023-08-28 00:00:00","2023-09-05 00:00:00"
"3811","39","1141.00","2023-05-23 00:00:00","2023-06-15 00:00:00"
"3812","39","157.00","2023-08-10 00:00:00","2023-08-23 00:00:00"
"3813","39","37413.00","2023-08-07 00:00:00","2023-08-15 00:00:00"
"3814","39","33064.00","2023-11-04 00:00:00","2023-11-06 00:00:00"
"3815","39","756.00","2023-01-27 00:00:00","2023-02-05 00:00:00"
"3816","39","46773.00","2023-06-30 00:00:00","2023-07-08 00:00:00"
"3817","39","12447.00","2023-08-19 00:00:00","2023-09-16 00:00:00"
"3818","39","1018.00","2023-02-03 00:00:00","2023-02-18 00:00:00"
"3819","39","2745.00","2023-07-17 00:00:00","2023-07-30 00:00:00"
"3820","39","62469.00","2023-12-21 00:00:00","2024-01-03 00:00:00"
"3821","39","47955.00","2023-11-20 00:00:00","2023-12-02 00:00:00"
"3822","39","9998.00","2023-03-05 00:00:00","2023-03-21 00:00:00"
"3823","39","11185.00","2023-12-14 00:00:00","2023-12-21 00:00:00"
"3824","39","3538.00","2023-04-01 00:00:00","2023-04-05 00:00:00"
"3825","39","27282.00","2023-01-12 00:00:00","2023-01-24 00:00:00"
"3826","39","46890.00","2023-01-21 00:00:00","2023-02-14 00:00:00"
"3827","39","43785.00","2023-02-13 00:00:00","2023-02-14 00:00:00"
"3828","39","46063.00","2023-08-03 00:00:00","2023-08-29 00:00:00"
"3829","39","90988.00","2023-04-30 00:00:00","2023-05-01 00:00:00"
"3830","39","16105.00","2023-05-17 00:00:00","2023-05-25 00:00:00"
"3831","39","51290.00","2023-03-15 00:00:00","2023-03-31 00:00:00"
"3832","39","32785.00","2023-10-06 00:00:00","2023-10-30 00:00:00"
"3833","39","2232.00","2023-10-22 00:00:00","2023-10-25 00:00:00"
"3834","39","19610.00","2023-09-10 00:00:00","2023-09-27 00:00:00"
"3835","39","35695.00","2023-12-20 00:00:00","2024-01-03 00:00:00"
"3836","39","404.00","2023-02-11 00:00:00","2023-02-11 00:00:00"
"3837","39","9799.00","2023-06-26 00:00:00","2023-07-08 00:00:00"
"3838","39","24641.00","2023-09-19 00:00:00","2023-10-15 00:00:00"
"3839","39","4891.00","2023-12-20 00:00:00","2024-01-05 00:00:00"
"3840","39","1789.00","2023-02-25 00:00:00","2023-02-27 00:00:00"
"3841","39","2418.00","2023-07-29 00:00:00","2023-08-08 00:00:00"
"3842","39","27792.00","2023-11-20 00:00:00","2023-11-23 00:00:00"
"3843","39","19336.00","2023-04-30 00:00:00","2023-05-04 00:00:00"
"3844","39","437.00","2023-05-03 00:00:00","2023-05-20 00:00:00"
"3845","39","1100.00","2023-07-31 00:00:00","2023-08-26 00:00:00"
"3846","39","981.00","2023-06-17 00:00:00","2023-07-10 00:00:00"
"3847","39","1246.00","2023-07-16 00:00:00","2023-07-29 00:00:00"
"3848","39","8836.00","2023-01-16 00:00:00","2023-02-09 00:00:00"
"3849","39","15026.00","2023-11-15 00:00:00","2023-11-25 00:00:00"
"3850","39","42490.00","2023-01-20 00:00:00","2023-02-06 00:00:00"
"3851","39","40773.00","2023-11-15 00:00:00","2023-11-28 00:00:00"
"3852","39","1790.00","2023-07-27 00:00:00","2023-08-12 00:00:00"
"3853","39","12066.00","2023-11-16 00:00:00","2023-12-11 00:00:00"
"3854","39","3455.00","2023-10-27 00:00:00","2023-11-14 00:00:00"
"3855","39","19790.00","2023-06-03 00:00:00","2023-06-14 00:00:00"
"3856","39","4168.00","2023-06-29 00:00:00","2023-07-03 00:00:00"
"3857","39","874.00","2023-10-04 00:00:00","2023-10-24 00:00:00"
"3858","39","3900.00","2023-09-06 00:00:00","2023-09-24 00:00:00"
"3859","39","19434.00","2023-03-05 00:00:00","2023-03-06 00:00:00"
"3860","39","67202.00","2023-12-12 00:00:00","2024-01-05 00:00:00"
"3861","39","736.00","2023-02-26 00:00:00","2023-03-03 00:00:00"
"3862","39","575.00","2023-06-26 00:00:00","2023-07-11 00:00:00"
"3863","39","50582.00","2023-12-28 00:00:00","2024-01-18 00:00:00"
"3864","39","3029.00","2023-06-21 00:00:00","2023-07-04 00:00:00"
"3865","39","1033.00","2023-01-17 00:00:00","2023-01-24 00:00:00"
"3866","39","18028.00","2023-01-07 00:00:00","2023-01-09 00:00:00"
"3867","39","4125.00","2023-04-26 00:00:00","2023-05-13 00:00:00"
"3868","39","49246.00","2023-03-14 00:00:00","2023-04-09 00:00:00"
"3869","39","3363.00","2023-11-25 00:00:00","2023-11-29 00:00:00"
"3870","39","381.00","2023-11-03 00:00:00","2023-11-17 00:00:00"
"3871","39","32843.00","2023-11-21 00:00:00","2023-11-21 00:00:00"
"3872","39","1311.00","2023-10-02 00:00:00","2023-10-17 00:00:00"
"3873","39","1256.00","2023-01-27 00:00:00","2023-02-06 00:00:00"
"3874","39","63374.00","2023-08-26 00:00:00","2023-09-10 00:00:00"
"3875","39","1516.00","2023-01-18 00:00:00","2023-02-13 00:00:00"
"3876","39","56991.00","2023-07-21 00:00:00","2023-08-03 00:00:00"
"3877","39","18091.00","2023-07-12 00:00:00","2023-08-01 00:00:00"
"3878","39","8815.00","2023-03-08 00:00:00","2023-03-29 00:00:00"
"3879","39","13527.00","2023-04-14 00:00:00","2023-05-12 00:00:00"
"3880","39","7097.00","2023-02-19 00:00:00","2023-03-06 00:00:00"
"3881","39","4482.00","2023-12-03 00:00:00","2023-12-13 00:00:00"
"3882","39","12480.00","2023-10-10 00:00:00","2023-10-17 00:00:00"
"3883","39","29133.00","2023-04-09 00:00:00","2023-04-30 00:00:00"
"3884","39","5795.00","2023-06-14 00:00:00","2023-06-24 00:00:00"
"3885","39","2502.00","2023-02-25 00:00:00","2023-02-27 00:00:00"
"3886","39","40122.00","2023-04-19 00:00:00","2023-04-30 00:00:00"
"3887","39","19323.00","2023-01-05 00:00:00","2023-01-20 00:00:00"
"3888","39","4094.00","2023-08-17 00:00:00","2023-08-18 00:00:00"
"3889","39","13186.00","2023-06-21 00:00:00","2023-07-13 00:00:00"
"3890","39","696.00","2023-05-04 00:00:00","2023-05-16 00:00:00"
"3891","39","48094.00","2023-12-09 00:00:00","2023-12-13 00:00:00"
"3892","39","804.00","2023-01-02 00:00:00","2023-01-06 00:00:00"
"3893","39","45841.00","2023-11-11 00:00:00","2023-11-22 00:00:00"
"3894","39","60019.00","2023-01-13 00:00:00","2023-01-20 00:00:00"
"3895","39","30415.00","2023-10-03 00:00:00","2023-10-07 00:00:00"
"3896","39","16278.00","2023-01-07 00:00:00","2023-01-23 00:00:00"
"3897","39","24072.00","2023-05-16 00:00:00","2023-05-21 00:00:00"
"3898","39","1997.00","2023-04-16 00:00:00","2023-04-23 00:00:00"
"3899","39","8488.00","2023-03-08 00:00:00","2023-03-23 00:00:00"
"3900","39","809.00","2023-10-15 00:00:00","2023-10-31 00:00:00"
"3901","40","42965.00","2023-08-28 00:00:00","2023-08-31 00:00:00"
"3902","40","26358.00","2023-11-22 00:00:00","2023-11-23 00:00:00"
"3903","40","2832.00","2023-05-14 00:00:00","2023-05-15 00:00:00"
"3904","40","37859.00","2023-03-08 00:00:00","2023-03-25 00:00:00"
"3905","40","2792.00","2023-11-28 00:00:00","2023-12-18 00:00:00"
"3906","40","2995.00","2023-01-27 00:00:00","2023-02-03 00:00:00"
"3907","40","17314.00","2023-04-03 00:00:00","2023-04-07 00:00:00"
"3908","40","40011.00","2023-08-05 00:00:00","2023-09-02 00:00:00"
"3909","40","9623.00","2023-08-30 00:00:00","2023-09-14 00:00:00"
"3910","40","23747.00","2023-08-21 00:00:00","2023-09-12 00:00:00"
"3911","40","15640.00","2023-10-14 00:00:00","2023-11-07 00:00:00"
"3912","40","9197.00","2023-05-06 00:00:00","2023-05-21 00:00:00"
"3913","40","2171.00","2023-03-10 00:00:00","2023-03-30 00:00:00"
"3914","40","13608.00","2023-01-07 00:00:00","2023-01-18 00:00:00"
"3915","40","2408.00","2023-09-23 00:00:00","2023-10-13 00:00:00"
"3916","40","36724.00","2023-10-01 00:00:00","2023-10-07 00:00:00"
"3917","40","1014.00","2023-08-28 00:00:00","2023-09-17 00:00:00"
"3918","40","32583.00","2023-10-18 00:00:00","2023-11-03 00:00:00"
"3919","40","45013.00","2023-07-27 00:00:00","2023-08-21 00:00:00"
"3920","40","3427.00","2023-09-02 00:00:00","2023-09-22 00:00:00"
"3921","40","751.00","2023-09-24 00:00:00","2023-10-07 00:00:00"
"3922","40","2893.00","2023-04-28 00:00:00","2023-05-08 00:00:00"
"3923","40","38209.00","2023-03-31 00:00:00","2023-04-01 00:00:00"
"3924","40","1183.00","2023-03-09 00:00:00","2023-03-30 00:00:00"
"3925","40","24915.00","2023-09-18 00:00:00","2023-09-26 00:00:00"
"3926","40","3841.00","2023-11-11 00:00:00","2023-12-07 00:00:00"
"3927","40","88.00","2023-02-02 00:00:00","2023-02-23 00:00:00"
"3928","40","361.00","2023-06-06 00:00:00","2023-07-03 00:00:00"
"3929","40","43051.00","2023-11-12 00:00:00","2023-11-26 00:00:00"
"3930","40","36296.00","2023-06-11 00:00:00","2023-06-30 00:00:00"
"3931","40","3171.00","2023-12-07 00:00:00","2023-12-28 00:00:00"
"3932","40","315.00","2023-08-17 00:00:00","2023-09-05 00:00:00"
"3933","40","686.00","2023-03-06 00:00:00","2023-03-11 00:00:00"
"3934","40","34433.00","2023-01-12 00:00:00","2023-01-28 00:00:00"
"3935","40","43263.00","2023-09-23 00:00:00","2023-10-01 00:00:00"
"3936","40","44214.00","2023-09-30 00:00:00","2023-10-07 00:00:00"
"3937","40","594.00","2023-08-21 00:00:00","2023-09-14 00:00:00"
"3938","40","992.00","2023-10-30 00:00:00","2023-11-07 00:00:00"
"3939","40","581.00","2023-11-22 00:00:00","2023-12-12 00:00:00"
"3940","40","757.00","2023-09-12 00:00:00","2023-10-07 00:00:00"
"3941","40","2727.00","2023-11-07 00:00:00","2023-11-19 00:00:00"
"3942","40","43632.00","2023-10-26 00:00:00","2023-11-18 00:00:00"
"3943","40","9188.00","2023-09-06 00:00:00","2023-09-11 00:00:00"
"3944","40","996.00","2023-03-12 00:00:00","2023-03-29 00:00:00"
"3945","40","60020.00","2023-10-03 00:00:00","2023-10-20 00:00:00"
"3946","40","79104.00","2023-12-26 00:00:00","2023-12-30 00:00:00"
"3947","40","4474.00","2023-08-20 00:00:00","2023-08-22 00:00:00"
"3948","40","29409.00","2023-11-09 00:00:00","2023-11-16 00:00:00"
"3949","40","29286.00","2023-04-30 00:00:00","2023-05-19 00:00:00"
"3950","40","21538.00","2023-12-28 00:00:00","2024-01-24 00:00:00"
"3951","40","1483.00","2023-05-22 00:00:00","2023-05-24 00:00:00"
"3952","40","534.00","2023-08-29 00:00:00","2023-08-30 00:00:00"
"3953","40","2354.00","2023-06-20 00:00:00","2023-06-23 00:00:00"
"3954","40","21753.00","2023-10-09 00:00:00","2023-10-22 00:00:00"
"3955","40","3272.00","2023-11-01 00:00:00","2023-11-28 00:00:00"
"3956","40","2257.00","2023-04-06 00:00:00","2023-05-03 00:00:00"
"3957","40","47989.00","2023-11-09 00:00:00","2023-11-20 00:00:00"
"3958","40","10933.00","2023-05-24 00:00:00","2023-05-31 00:00:00"
"3959","40","514.00","2023-05-28 00:00:00","2023-06-22 00:00:00"
"3960","40","21214.00","2023-07-12 00:00:00","2023-07-31 00:00:00"
"3961","40","29989.00","2023-11-08 00:00:00","2023-12-07 00:00:00"
"3962","40","18614.00","2023-11-04 00:00:00","2023-11-23 00:00:00"
"3963","40","21422.00","2023-01-19 00:00:00","2023-02-17 00:00:00"
"3964","40","237.00","2023-05-26 00:00:00","2023-06-09 00:00:00"
"3965","40","3953.00","2023-01-03 00:00:00","2023-01-18 00:00:00"
"3966","40","882.00","2023-06-20 00:00:00","2023-07-03 00:00:00"
"3967","40","756.00","2023-08-30 00:00:00","2023-09-24 00:00:00"
"3968","40","5657.00","2023-07-13 00:00:00","2023-07-26 00:00:00"
"3969","40","10526.00","2023-03-06 00:00:00","2023-03-22 00:00:00"
"3970","40","33271.00","2023-12-29 00:00:00","2024-01-26 00:00:00"
"3971","40","1523.00","2023-01-14 00:00:00","2023-01-25 00:00:00"
"3972","40","758.00","2023-07-22 00:00:00","2023-08-18 00:00:00"
"3973","40","3640.00","2023-03-12 00:00:00","2023-04-05 00:00:00"
"3974","40","12115.00","2023-10-24 00:00:00","2023-10-27 00:00:00"
"3975","40","3685.00","2023-01-22 00:00:00","2023-01-30 00:00:00"
"3976","40","5192.00","2023-03-10 00:00:00","2023-03-20 00:00:00"
"3977","40","58783.00","2023-05-19 00:00:00","2023-06-02 00:00:00"
"3978","40","88906.00","2023-10-28 00:00:00","2023-11-14 00:00:00"
"3979","40","5853.00","2023-10-05 00:00:00","2023-10-15 00:00:00"
"3980","40","16275.00","2023-01-20 00:00:00","2023-01-23 00:00:00"
"3981","40","57010.00","2023-03-30 00:00:00","2023-04-15 00:00:00"
"3982","40","1160.00","2023-07-16 00:00:00","2023-07-30 00:00:00"
"3983","40","8239.00","2023-06-18 00:00:00","2023-07-04 00:00:00"
"3984","40","1303.00","2023-01-24 00:00:00","2023-02-09 00:00:00"
"3985","40","2015.00","2023-01-26 00:00:00","2023-02-09 00:00:00"
"3986","40","6386.00","2023-07-13 00:00:00","2023-08-01 00:00:00"
"3987","40","11272.00","2023-03-30 00:00:00","2023-04-09 00:00:00"
"3988","40","4336.00","2023-03-04 00:00:00","2023-03-22 00:00:00"
"3989","40","15355.00","2023-11-27 00:00:00","2023-12-07 00:00:00"
"3990","40","15789.00","2023-05-11 00:00:00","2023-06-09 00:00:00"
"3991","40","16234.00","2023-04-22 00:00:00","2023-05-09 00:00:00"
"3992","40","33790.00","2023-11-11 00:00:00","2023-11-19 00:00:00"
"3993","40","5648.00","2023-03-17 00:00:00","2023-04-14 00:00:00"
"3994","40","2826.00","2023-06-03 00:00:00","2023-06-07 00:00:00"
"3995","40","1658.00","2023-01-21 00:00:00","2023-02-02 00:00:00"
"3996","40","756.00","2023-06-19 00:00:00","2023-07-05 00:00:00"
"3997","40","37793.00","2023-02-03 00:00:00","2023-02-03 00:00:00"
"3998","40","21877.00","2023-09-19 00:00:00","2023-10-01 00:00:00"
"3999","40","44130.00","2023-08-16 00:00:00","2023-08-17 00:00:00"
"4000","40","68991.00","2023-02-20 00:00:00","2023-03-14 00:00:00"
"4001","41","1791.00","2023-09-22 00:00:00","2023-10-12 00:00:00"
"4002","41","1171.00","2023-07-25 00:00:00","2023-08-08 00:00:00"
"4003","41","51850.00","2023-03-28 00:00:00","2023-04-15 00:00:00"
"4004","41","955.00","2023-06-30 00:00:00","2023-07-14 00:00:00"
"4005","41","37748.00","2023-09-28 00:00:00","2023-10-09 00:00:00"
"4006","41","17635.00","2023-01-07 00:00:00","2023-01-18 00:00:00"
"4007","41","72859.00","2023-02-19 00:00:00","2023-02-21 00:00:00"
"4008","41","1181.00","2023-11-19 00:00:00","2023-12-05 00:00:00"
"4009","41","33746.00","2023-07-10 00:00:00","2023-07-17 00:00:00"
"4010","41","24056.00","2023-12-11 00:00:00","2023-12-17 00:00:00"
"4011","41","20878.00","2023-06-15 00:00:00","2023-06-19 00:00:00"
"4012","41","30545.00","2023-10-19 00:00:00","2023-10-28 00:00:00"
"4013","41","2990.00","2023-11-28 00:00:00","2023-12-27 00:00:00"
"4014","41","3990.00","2023-09-07 00:00:00","2023-09-24 00:00:00"
"4015","41","12155.00","2023-08-23 00:00:00","2023-09-09 00:00:00"
"4016","41","774.00","2023-08-10 00:00:00","2023-08-23 00:00:00"
"4017","41","2271.00","2023-01-11 00:00:00","2023-01-31 00:00:00"
"4018","41","9288.00","2023-02-23 00:00:00","2023-03-10 00:00:00"
"4019","41","4545.00","2023-08-03 00:00:00","2023-08-30 00:00:00"
"4020","41","35991.00","2023-10-31 00:00:00","2023-11-10 00:00:00"
"4021","41","65210.00","2023-04-06 00:00:00","2023-05-02 00:00:00"
"4022","41","27262.00","2023-01-15 00:00:00","2023-02-02 00:00:00"
"4023","41","83987.00","2023-04-11 00:00:00","2023-04-19 00:00:00"
"4024","41","18394.00","2023-01-04 00:00:00","2023-01-31 00:00:00"
"4025","41","797.00","2023-03-17 00:00:00","2023-04-14 00:00:00"
"4026","41","185.00","2023-05-03 00:00:00","2023-05-30 00:00:00"
"4027","41","40443.00","2023-08-12 00:00:00","2023-08-22 00:00:00"
"4028","41","63787.00","2023-10-14 00:00:00","2023-10-27 00:00:00"
"4029","41","9092.00","2023-09-08 00:00:00","2023-09-12 00:00:00"
"4030","41","672.00","2023-01-19 00:00:00","2023-02-09 00:00:00"
"4031","41","65090.00","2023-10-02 00:00:00","2023-10-20 00:00:00"
"4032","41","13282.00","2023-09-22 00:00:00","2023-09-28 00:00:00"
"4033","41","730.00","2023-09-18 00:00:00","2023-10-10 00:00:00"
"4034","41","20703.00","2023-12-30 00:00:00","2024-01-08 00:00:00"
"4035","41","2167.00","2023-03-23 00:00:00","2023-04-10 00:00:00"
"4036","41","12234.00","2023-03-09 00:00:00","2023-03-31 00:00:00"
"4037","41","34890.00","2023-03-08 00:00:00","2023-03-27 00:00:00"
"4038","41","514.00","2023-03-01 00:00:00","2023-03-27 00:00:00"
"4039","41","283.00","2023-11-12 00:00:00","2023-11-26 00:00:00"
"4040","41","664.00","2023-09-14 00:00:00","2023-09-17 00:00:00"
"4041","41","2446.00","2023-04-02 00:00:00","2023-04-10 00:00:00"
"4042","41","3669.00","2023-11-22 00:00:00","2023-12-07 00:00:00"
"4043","41","1303.00","2023-06-05 00:00:00","2023-06-11 00:00:00"
"4044","41","495.00","2023-07-30 00:00:00","2023-08-12 00:00:00"
"4045","41","4193.00","2023-05-10 00:00:00","2023-05-19 00:00:00"
"4046","41","22728.00","2023-07-30 00:00:00","2023-08-11 00:00:00"
"4047","41","87749.00","2023-11-12 00:00:00","2023-11-29 00:00:00"
"4048","41","1495.00","2023-02-10 00:00:00","2023-02-27 00:00:00"
"4049","41","187.00","2023-08-14 00:00:00","2023-08-26 00:00:00"
"4050","41","453.00","2023-01-23 00:00:00","2023-02-06 00:00:00"
"4051","41","9059.00","2023-04-15 00:00:00","2023-04-21 00:00:00"
"4052","41","52451.00","2023-03-10 00:00:00","2023-03-13 00:00:00"
"4053","41","9471.00","2023-05-01 00:00:00","2023-05-24 00:00:00"
"4054","41","3770.00","2023-10-26 00:00:00","2023-11-05 00:00:00"
"4055","41","21389.00","2023-09-07 00:00:00","2023-10-03 00:00:00"
"4056","41","12594.00","2023-11-11 00:00:00","2023-12-04 00:00:00"
"4057","41","2945.00","2023-03-24 00:00:00","2023-04-20 00:00:00"
"4058","41","1280.00","2023-09-02 00:00:00","2023-09-21 00:00:00"
"4059","41","8463.00","2023-03-24 00:00:00","2023-03-30 00:00:00"
"4060","41","26632.00","2023-09-14 00:00:00","2023-10-08 00:00:00"
"4061","41","9904.00","2023-11-04 00:00:00","2023-11-29 00:00:00"
"4062","41","1093.00","2023-03-13 00:00:00","2023-03-13 00:00:00"
"4063","41","3323.00","2023-04-24 00:00:00","2023-05-18 00:00:00"
"4064","41","9831.00","2023-11-01 00:00:00","2023-11-21 00:00:00"
"4065","41","36756.00","2023-08-16 00:00:00","2023-08-27 00:00:00"
"4066","41","30453.00","2023-10-06 00:00:00","2023-10-31 00:00:00"
"4067","41","22003.00","2023-09-02 00:00:00","2023-09-12 00:00:00"
"4068","41","3571.00","2023-07-21 00:00:00","2023-08-15 00:00:00"
"4069","41","707.00","2023-08-13 00:00:00","2023-08-18 00:00:00"
"4070","41","27655.00","2023-12-26 00:00:00","2024-01-13 00:00:00"
"4071","41","773.00","2023-02-14 00:00:00","2023-02-18 00:00:00"
"4072","41","3730.00","2023-05-18 00:00:00","2023-06-01 00:00:00"
"4073","41","215.00","2023-01-18 00:00:00","2023-01-31 00:00:00"
"4074","41","18205.00","2023-05-22 00:00:00","2023-05-28 00:00:00"
"4075","41","74203.00","2023-08-06 00:00:00","2023-08-06 00:00:00"
"4076","41","67125.00","2023-08-22 00:00:00","2023-09-13 00:00:00"
"4077","41","4429.00","2023-01-24 00:00:00","2023-02-20 00:00:00"
"4078","41","642.00","2023-09-10 00:00:00","2023-10-02 00:00:00"
"4079","41","30016.00","2023-10-06 00:00:00","2023-10-28 00:00:00"
"4080","41","11634.00","2023-06-29 00:00:00","2023-07-25 00:00:00"
"4081","41","1313.00","2023-06-30 00:00:00","2023-07-16 00:00:00"
"4082","41","1489.00","2023-02-05 00:00:00","2023-02-13 00:00:00"
"4083","41","1462.00","2023-12-27 00:00:00","2024-01-22 00:00:00"
"4084","41","32659.00","2023-04-16 00:00:00","2023-05-12 00:00:00"
"4085","41","1601.00","2023-03-14 00:00:00","2023-03-27 00:00:00"
"4086","41","24684.00","2023-12-09 00:00:00","2023-12-25 00:00:00"
"4087","41","54424.00","2023-11-28 00:00:00","2023-11-28 00:00:00"
"4088","41","46140.00","2023-01-31 00:00:00","2023-02-09 00:00:00"
"4089","41","168.00","2023-05-27 00:00:00","2023-06-16 00:00:00"
"4090","41","433.00","2023-09-13 00:00:00","2023-10-11 00:00:00"
"4091","41","16146.00","2023-11-24 00:00:00","2023-12-04 00:00:00"
"4092","41","16146.00","2023-05-30 00:00:00","2023-06-09 00:00:00"
"4093","41","45553.00","2023-07-11 00:00:00","2023-07-29 00:00:00"
"4094","41","7182.00","2023-03-05 00:00:00","2023-03-16 00:00:00"
"4095","41","2339.00","2023-01-16 00:00:00","2023-01-18 00:00:00"
"4096","41","18571.00","2023-06-25 00:00:00","2023-07-23 00:00:00"
"4097","41","20289.00","2023-04-27 00:00:00","2023-05-03 00:00:00"
"4098","41","3858.00","2023-11-15 00:00:00","2023-12-06 00:00:00"
"4099","41","16371.00","2023-03-27 00:00:00","2023-04-06 00:00:00"
"4100","41","4618.00","2023-03-12 00:00:00","2023-03-23 00:00:00"
"4101","42","5494.00","2023-07-24 00:00:00","2023-08-10 00:00:00"
"4102","42","3936.00","2023-12-05 00:00:00","2023-12-27 00:00:00"
"4103","42","7018.00","2023-06-06 00:00:00","2023-06-14 00:00:00"
"4104","42","2343.00","2023-09-26 00:00:00","2023-10-23 00:00:00"
"4105","42","945.00","2023-02-02 00:00:00","2023-02-25 00:00:00"
"4106","42","47851.00","2023-10-30 00:00:00","2023-11-05 00:00:00"
"4107","42","12421.00","2023-10-30 00:00:00","2023-11-24 00:00:00"
"4108","42","391.00","2023-03-09 00:00:00","2023-03-18 00:00:00"
"4109","42","15325.00","2023-08-15 00:00:00","2023-08-15 00:00:00"
"4110","42","8196.00","2023-12-13 00:00:00","2024-01-05 00:00:00"
"4111","42","4170.00","2023-09-06 00:00:00","2023-09-25 00:00:00"
"4112","42","45434.00","2023-02-05 00:00:00","2023-03-01 00:00:00"
"4113","42","12696.00","2023-04-11 00:00:00","2023-04-20 00:00:00"
"4114","42","17461.00","2023-01-02 00:00:00","2023-01-06 00:00:00"
"4115","42","1105.00","2023-03-18 00:00:00","2023-03-20 00:00:00"
"4116","42","2001.00","2023-03-22 00:00:00","2023-03-30 00:00:00"
"4117","42","13027.00","2023-12-12 00:00:00","2023-12-12 00:00:00"
"4118","42","57233.00","2023-12-07 00:00:00","2023-12-20 00:00:00"
"4119","42","8144.00","2023-02-22 00:00:00","2023-03-19 00:00:00"
"4120","42","38985.00","2023-01-08 00:00:00","2023-01-19 00:00:00"
"4121","42","364.00","2023-01-27 00:00:00","2023-02-18 00:00:00"
"4122","42","10872.00","2023-06-19 00:00:00","2023-07-07 00:00:00"
"4123","42","12257.00","2023-10-27 00:00:00","2023-11-09 00:00:00"
"4124","42","6501.00","2023-12-12 00:00:00","2024-01-06 00:00:00"
"4125","42","482.00","2023-02-24 00:00:00","2023-03-11 00:00:00"
"4126","42","405.00","2023-11-12 00:00:00","2023-11-16 00:00:00"
"4127","42","34203.00","2023-03-13 00:00:00","2023-04-06 00:00:00"
"4128","42","841.00","2023-11-13 00:00:00","2023-12-03 00:00:00"
"4129","42","12392.00","2023-03-31 00:00:00","2023-04-24 00:00:00"
"4130","42","1246.00","2023-03-31 00:00:00","2023-04-21 00:00:00"
"4131","42","2242.00","2023-07-07 00:00:00","2023-08-04 00:00:00"
"4132","42","46391.00","2023-05-06 00:00:00","2023-05-27 00:00:00"
"4133","42","36272.00","2023-08-25 00:00:00","2023-08-25 00:00:00"
"4134","42","255.00","2023-09-16 00:00:00","2023-10-11 00:00:00"
"4135","42","1729.00","2023-12-01 00:00:00","2023-12-17 00:00:00"
"4136","42","3900.00","2023-02-07 00:00:00","2023-03-08 00:00:00"
"4137","42","9102.00","2023-03-24 00:00:00","2023-04-20 00:00:00"
"4138","42","20172.00","2023-07-12 00:00:00","2023-07-27 00:00:00"
"4139","42","37096.00","2023-08-09 00:00:00","2023-08-10 00:00:00"
"4140","42","1481.00","2023-04-15 00:00:00","2023-05-08 00:00:00"
"4141","42","28549.00","2023-07-16 00:00:00","2023-08-09 00:00:00"
"4142","42","13247.00","2023-06-08 00:00:00","2023-06-24 00:00:00"
"4143","42","785.00","2023-08-10 00:00:00","2023-08-23 00:00:00"
"4144","42","32154.00","2023-10-02 00:00:00","2023-10-19 00:00:00"
"4145","42","16396.00","2023-02-18 00:00:00","2023-03-08 00:00:00"
"4146","42","18679.00","2023-05-12 00:00:00","2023-06-03 00:00:00"
"4147","42","12583.00","2023-12-28 00:00:00","2024-01-09 00:00:00"
"4148","42","474.00","2023-05-28 00:00:00","2023-06-08 00:00:00"
"4149","42","3737.00","2023-04-26 00:00:00","2023-04-26 00:00:00"
"4150","42","12024.00","2023-02-14 00:00:00","2023-02-22 00:00:00"
"4151","42","4283.00","2023-03-24 00:00:00","2023-03-29 00:00:00"
"4152","42","46042.00","2023-05-09 00:00:00","2023-05-20 00:00:00"
"4153","42","12735.00","2023-02-25 00:00:00","2023-02-26 00:00:00"
"4154","42","1028.00","2023-05-13 00:00:00","2023-06-05 00:00:00"
"4155","42","1790.00","2023-09-11 00:00:00","2023-09-30 00:00:00"
"4156","42","3670.00","2023-03-08 00:00:00","2023-03-27 00:00:00"
"4157","42","36612.00","2023-10-07 00:00:00","2023-11-03 00:00:00"
"4158","42","10744.00","2023-12-08 00:00:00","2023-12-20 00:00:00"
"4159","42","81164.00","2023-11-22 00:00:00","2023-11-23 00:00:00"
"4160","42","15541.00","2023-11-07 00:00:00","2023-12-04 00:00:00"
"4161","42","848.00","2023-10-19 00:00:00","2023-10-31 00:00:00"
"4162","42","1631.00","2023-12-24 00:00:00","2024-01-22 00:00:00"
"4163","42","37316.00","2023-10-05 00:00:00","2023-10-20 00:00:00"
"4164","42","216.00","2023-05-26 00:00:00","2023-06-06 00:00:00"
"4165","42","5103.00","2023-02-15 00:00:00","2023-03-02 00:00:00"
"4166","42","36236.00","2023-02-19 00:00:00","2023-02-26 00:00:00"
"4167","42","27113.00","2023-01-02 00:00:00","2023-01-13 00:00:00"
"4168","42","1344.00","2023-01-18 00:00:00","2023-02-12 00:00:00"
"4169","42","314.00","2023-08-02 00:00:00","2023-08-07 00:00:00"
"4170","42","3259.00","2023-05-23 00:00:00","2023-06-17 00:00:00"
"4171","42","57621.00","2023-11-13 00:00:00","2023-11-17 00:00:00"
"4172","42","233.00","2023-09-09 00:00:00","2023-09-10 00:00:00"
"4173","42","2391.00","2023-09-14 00:00:00","2023-09-29 00:00:00"
"4174","42","814.00","2023-06-21 00:00:00","2023-06-27 00:00:00"
"4175","42","3583.00","2023-06-02 00:00:00","2023-06-06 00:00:00"
"4176","42","38211.00","2023-05-13 00:00:00","2023-05-23 00:00:00"
"4177","42","33732.00","2023-01-15 00:00:00","2023-02-03 00:00:00"
"4178","42","45547.00","2023-08-20 00:00:00","2023-08-25 00:00:00"
"4179","42","583.00","2023-08-05 00:00:00","2023-08-16 00:00:00"
"4180","42","44586.00","2023-11-04 00:00:00","2023-11-22 00:00:00"
"4181","42","41994.00","2023-01-17 00:00:00","2023-02-14 00:00:00"
"4182","42","1057.00","2023-04-11 00:00:00","2023-05-06 00:00:00"
"4183","42","15814.00","2023-01-26 00:00:00","2023-02-04 00:00:00"
"4184","42","6764.00","2023-05-11 00:00:00","2023-05-13 00:00:00"
"4185","42","21102.00","2023-03-25 00:00:00","2023-04-12 00:00:00"
"4186","42","36491.00","2023-01-05 00:00:00","2023-01-27 00:00:00"
"4187","42","7872.00","2023-10-07 00:00:00","2023-10-11 00:00:00"
"4188","42","40593.00","2023-01-28 00:00:00","2023-02-03 00:00:00"
"4189","42","20763.00","2023-08-16 00:00:00","2023-08-28 00:00:00"
"4190","42","44250.00","2023-04-19 00:00:00","2023-04-20 00:00:00"
"4191","42","666.00","2023-12-23 00:00:00","2024-01-12 00:00:00"
"4192","42","17485.00","2023-05-15 00:00:00","2023-06-02 00:00:00"
"4193","42","2640.00","2023-10-27 00:00:00","2023-11-15 00:00:00"
"4194","42","32868.00","2023-12-13 00:00:00","2024-01-11 00:00:00"
"4195","42","27184.00","2023-12-12 00:00:00","2024-01-02 00:00:00"
"4196","42","1321.00","2023-10-06 00:00:00","2023-10-27 00:00:00"
"4197","42","30290.00","2023-03-09 00:00:00","2023-03-29 00:00:00"
"4198","42","3190.00","2023-01-12 00:00:00","2023-01-22 00:00:00"
"4199","42","1178.00","2023-04-05 00:00:00","2023-04-25 00:00:00"
"4200","42","2537.00","2023-10-18 00:00:00","2023-10-22 00:00:00"
"4201","43","54378.00","2023-06-14 00:00:00","2023-06-17 00:00:00"
"4202","43","1250.00","2023-08-13 00:00:00","2023-09-09 00:00:00"
"4203","43","6343.00","2023-01-14 00:00:00","2023-01-29 00:00:00"
"4204","43","3633.00","2023-01-28 00:00:00","2023-01-29 00:00:00"
"4205","43","23771.00","2023-04-01 00:00:00","2023-04-13 00:00:00"
"4206","43","16191.00","2023-08-05 00:00:00","2023-08-16 00:00:00"
"4207","43","3450.00","2023-01-27 00:00:00","2023-01-31 00:00:00"
"4208","43","6127.00","2023-09-25 00:00:00","2023-10-07 00:00:00"
"4209","43","283.00","2023-06-30 00:00:00","2023-07-18 00:00:00"
"4210","43","8260.00","2023-08-06 00:00:00","2023-08-19 00:00:00"
"4211","43","879.00","2023-08-01 00:00:00","2023-08-03 00:00:00"
"4212","43","387.00","2023-04-03 00:00:00","2023-04-15 00:00:00"
"4213","43","28173.00","2023-09-20 00:00:00","2023-10-06 00:00:00"
"4214","43","832.00","2023-08-28 00:00:00","2023-09-12 00:00:00"
"4215","43","60401.00","2023-11-21 00:00:00","2023-12-19 00:00:00"
"4216","43","5667.00","2023-06-23 00:00:00","2023-07-04 00:00:00"
"4217","43","22108.00","2023-11-08 00:00:00","2023-11-26 00:00:00"
"4218","43","33089.00","2023-07-29 00:00:00","2023-08-09 00:00:00"
"4219","43","31340.00","2023-09-23 00:00:00","2023-10-11 00:00:00"
"4220","43","17390.00","2023-09-03 00:00:00","2023-09-20 00:00:00"
"4221","43","27240.00","2023-06-11 00:00:00","2023-06-29 00:00:00"
"4222","43","20094.00","2023-07-25 00:00:00","2023-08-18 00:00:00"
"4223","43","1604.00","2023-09-16 00:00:00","2023-10-03 00:00:00"
"4224","43","16008.00","2023-06-22 00:00:00","2023-07-07 00:00:00"
"4225","43","19227.00","2023-05-24 00:00:00","2023-05-31 00:00:00"
"4226","43","5258.00","2023-07-09 00:00:00","2023-07-19 00:00:00"
"4227","43","4145.00","2023-10-20 00:00:00","2023-11-08 00:00:00"
"4228","43","515.00","2023-12-07 00:00:00","2023-12-22 00:00:00"
"4229","43","1196.00","2023-02-03 00:00:00","2023-02-15 00:00:00"
"4230","43","5906.00","2023-11-11 00:00:00","2023-12-03 00:00:00"
"4231","43","36015.00","2023-08-22 00:00:00","2023-09-03 00:00:00"
"4232","43","48490.00","2023-11-22 00:00:00","2023-12-18 00:00:00"
"4233","43","20425.00","2023-09-21 00:00:00","2023-10-05 00:00:00"
"4234","43","12757.00","2023-03-07 00:00:00","2023-03-25 00:00:00"
"4235","43","29658.00","2023-12-09 00:00:00","2023-12-31 00:00:00"
"4236","43","2672.00","2023-03-19 00:00:00","2023-04-15 00:00:00"
"4237","43","18073.00","2023-05-23 00:00:00","2023-05-30 00:00:00"
"4238","43","2439.00","2023-03-23 00:00:00","2023-03-31 00:00:00"
"4239","43","42605.00","2023-05-30 00:00:00","2023-06-19 00:00:00"
"4240","43","2661.00","2023-08-30 00:00:00","2023-09-15 00:00:00"
"4241","43","756.00","2023-03-30 00:00:00","2023-04-24 00:00:00"
"4242","43","41883.00","2023-08-08 00:00:00","2023-08-31 00:00:00"
"4243","43","56077.00","2023-05-04 00:00:00","2023-05-22 00:00:00"
"4244","43","12494.00","2023-09-10 00:00:00","2023-10-05 00:00:00"
"4245","43","28426.00","2023-03-15 00:00:00","2023-03-20 00:00:00"
"4246","43","65992.00","2023-11-24 00:00:00","2023-12-09 00:00:00"
"4247","43","6692.00","2023-01-30 00:00:00","2023-02-18 00:00:00"
"4248","43","49059.00","2023-04-20 00:00:00","2023-05-17 00:00:00"
"4249","43","4361.00","2023-12-03 00:00:00","2023-12-29 00:00:00"
"4250","43","1975.00","2023-11-19 00:00:00","2023-11-28 00:00:00"
"4251","43","36967.00","2023-12-10 00:00:00","2023-12-26 00:00:00"
"4252","43","19676.00","2023-02-23 00:00:00","2023-03-18 00:00:00"
"4253","43","18255.00","2023-12-19 00:00:00","2023-12-27 00:00:00"
"4254","43","1969.00","2023-02-08 00:00:00","2023-03-08 00:00:00"
"4255","43","248.00","2023-03-23 00:00:00","2023-04-05 00:00:00"
"4256","43","976.00","2023-07-01 00:00:00","2023-07-02 00:00:00"
"4257","43","5142.00","2023-05-24 00:00:00","2023-06-06 00:00:00"
"4258","43","171.00","2023-12-18 00:00:00","2024-01-13 00:00:00"
"4259","43","36225.00","2023-04-22 00:00:00","2023-05-04 00:00:00"
"4260","43","17142.00","2023-01-26 00:00:00","2023-01-30 00:00:00"
"4261","43","3381.00","2023-01-29 00:00:00","2023-02-20 00:00:00"
"4262","43","28709.00","2023-02-27 00:00:00","2023-03-05 00:00:00"
"4263","43","3235.00","2023-02-23 00:00:00","2023-03-12 00:00:00"
"4264","43","38.00","2023-08-04 00:00:00","2023-08-07 00:00:00"
"4265","43","12489.00","2023-01-30 00:00:00","2023-01-30 00:00:00"
"4266","43","5168.00","2023-06-30 00:00:00","2023-07-03 00:00:00"
"4267","43","48496.00","2023-02-08 00:00:00","2023-03-01 00:00:00"
"4268","43","15710.00","2023-09-18 00:00:00","2023-10-15 00:00:00"
"4269","43","32114.00","2023-09-08 00:00:00","2023-09-15 00:00:00"
"4270","43","378.00","2023-11-03 00:00:00","2023-11-26 00:00:00"
"4271","43","973.00","2023-07-15 00:00:00","2023-07-22 00:00:00"
"4272","43","37216.00","2023-06-20 00:00:00","2023-07-12 00:00:00"
"4273","43","49824.00","2023-02-27 00:00:00","2023-03-12 00:00:00"
"4274","43","30347.00","2023-06-08 00:00:00","2023-06-20 00:00:00"
"4275","43","8371.00","2023-06-16 00:00:00","2023-07-07 00:00:00"
"4276","43","2239.00","2023-09-20 00:00:00","2023-10-13 00:00:00"
"4277","43","15546.00","2023-04-29 00:00:00","2023-05-21 00:00:00"
"4278","43","16134.00","2023-05-18 00:00:00","2023-06-15 00:00:00"
"4279","43","10778.00","2023-05-21 00:00:00","2023-06-14 00:00:00"
"4280","43","27402.00","2023-06-04 00:00:00","2023-06-26 00:00:00"
"4281","43","32442.00","2023-03-12 00:00:00","2023-03-16 00:00:00"
"4282","43","369.00","2023-07-24 00:00:00","2023-07-31 00:00:00"
"4283","43","15736.00","2023-12-09 00:00:00","2023-12-15 00:00:00"
"4284","43","36862.00","2023-08-14 00:00:00","2023-08-31 00:00:00"
"4285","43","2542.00","2023-02-09 00:00:00","2023-02-17 00:00:00"
"4286","43","37201.00","2023-01-21 00:00:00","2023-01-23 00:00:00"
"4287","43","8849.00","2023-09-25 00:00:00","2023-10-15 00:00:00"
"4288","43","1840.00","2023-07-12 00:00:00","2023-07-31 00:00:00"
"4289","43","6475.00","2023-05-24 00:00:00","2023-06-17 00:00:00"
"4290","43","4124.00","2023-02-25 00:00:00","2023-03-02 00:00:00"
"4291","43","28232.00","2023-07-18 00:00:00","2023-08-07 00:00:00"
"4292","43","12158.00","2023-04-21 00:00:00","2023-05-09 00:00:00"
"4293","43","3915.00","2023-05-31 00:00:00","2023-06-02 00:00:00"
"4294","43","9494.00","2023-11-27 00:00:00","2023-12-04 00:00:00"
"4295","43","24790.00","2023-07-05 00:00:00","2023-07-23 00:00:00"
"4296","43","16656.00","2023-08-01 00:00:00","2023-08-07 00:00:00"
"4297","43","23189.00","2023-11-11 00:00:00","2023-12-09 00:00:00"
"4298","43","35210.00","2023-01-07 00:00:00","2023-01-13 00:00:00"
"4299","43","3149.00","2023-08-18 00:00:00","2023-09-16 00:00:00"
"4300","43","14467.00","2023-08-10 00:00:00","2023-08-26 00:00:00"
"4301","44","245.00","2023-08-28 00:00:00","2023-09-15 00:00:00"
"4302","44","267.00","2023-08-26 00:00:00","2023-09-16 00:00:00"
"4303","44","20076.00","2023-09-29 00:00:00","2023-10-20 00:00:00"
"4304","44","23676.00","2023-07-27 00:00:00","2023-08-17 00:00:00"
"4305","44","4517.00","2023-02-20 00:00:00","2023-03-17 00:00:00"
"4306","44","33889.00","2023-04-22 00:00:00","2023-05-18 00:00:00"
"4307","44","29416.00","2023-12-26 00:00:00","2024-01-06 00:00:00"
"4308","44","19139.00","2023-12-31 00:00:00","2024-01-08 00:00:00"
"4309","44","1887.00","2023-04-09 00:00:00","2023-04-16 00:00:00"
"4310","44","30571.00","2023-07-28 00:00:00","2023-07-30 00:00:00"
"4311","44","1153.00","2023-09-30 00:00:00","2023-10-21 00:00:00"
"4312","44","49430.00","2023-10-23 00:00:00","2023-11-01 00:00:00"
"4313","44","53052.00","2023-06-12 00:00:00","2023-06-14 00:00:00"
"4314","44","18456.00","2023-12-22 00:00:00","2023-12-24 00:00:00"
"4315","44","18297.00","2023-06-13 00:00:00","2023-07-01 00:00:00"
"4316","44","16770.00","2023-09-23 00:00:00","2023-09-26 00:00:00"
"4317","44","45379.00","2023-10-25 00:00:00","2023-10-29 00:00:00"
"4318","44","8057.00","2023-11-29 00:00:00","2023-12-07 00:00:00"
"4319","44","15193.00","2023-04-03 00:00:00","2023-04-05 00:00:00"
"4320","44","18293.00","2023-06-06 00:00:00","2023-06-13 00:00:00"
"4321","44","7531.00","2023-05-30 00:00:00","2023-06-20 00:00:00"
"4322","44","15278.00","2023-08-07 00:00:00","2023-08-11 00:00:00"
"4323","44","35765.00","2023-10-01 00:00:00","2023-10-10 00:00:00"
"4324","44","28507.00","2023-11-03 00:00:00","2023-11-08 00:00:00"
"4325","44","19171.00","2023-01-29 00:00:00","2023-02-22 00:00:00"
"4326","44","1094.00","2023-12-16 00:00:00","2024-01-14 00:00:00"
"4327","44","43313.00","2023-09-23 00:00:00","2023-09-25 00:00:00"
"4328","44","2212.00","2023-06-20 00:00:00","2023-07-08 00:00:00"
"4329","44","9956.00","2023-07-02 00:00:00","2023-07-22 00:00:00"
"4330","44","6792.00","2023-03-11 00:00:00","2023-03-16 00:00:00"
"4331","44","33475.00","2023-07-24 00:00:00","2023-08-16 00:00:00"
"4332","44","24636.00","2023-11-25 00:00:00","2023-11-25 00:00:00"
"4333","44","3703.00","2023-05-24 00:00:00","2023-06-09 00:00:00"
"4334","44","65395.00","2023-05-01 00:00:00","2023-05-25 00:00:00"
"4335","44","1656.00","2023-01-30 00:00:00","2023-02-28 00:00:00"
"4336","44","18153.00","2023-05-15 00:00:00","2023-05-28 00:00:00"
"4337","44","24156.00","2023-07-31 00:00:00","2023-08-16 00:00:00"
"4338","44","348.00","2023-04-20 00:00:00","2023-05-16 00:00:00"
"4339","44","3317.00","2023-10-18 00:00:00","2023-11-16 00:00:00"
"4340","44","10373.00","2023-03-18 00:00:00","2023-04-03 00:00:00"
"4341","44","3814.00","2023-02-13 00:00:00","2023-02-27 00:00:00"
"4342","44","8282.00","2023-06-02 00:00:00","2023-06-07 00:00:00"
"4343","44","36731.00","2023-03-16 00:00:00","2023-03-22 00:00:00"
"4344","44","275.00","2023-09-14 00:00:00","2023-10-09 00:00:00"
"4345","44","3539.00","2023-07-27 00:00:00","2023-08-06 00:00:00"
"4346","44","4433.00","2023-07-27 00:00:00","2023-08-15 00:00:00"
"4347","44","9228.00","2023-11-11 00:00:00","2023-12-03 00:00:00"
"4348","44","3638.00","2023-12-02 00:00:00","2023-12-18 00:00:00"
"4349","44","2435.00","2023-03-04 00:00:00","2023-03-06 00:00:00"
"4350","44","353.00","2023-06-30 00:00:00","2023-06-30 00:00:00"
"4351","44","48736.00","2023-04-27 00:00:00","2023-05-25 00:00:00"
"4352","44","9913.00","2023-03-10 00:00:00","2023-03-26 00:00:00"
"4353","44","3049.00","2023-06-26 00:00:00","2023-07-22 00:00:00"
"4354","44","2234.00","2023-10-07 00:00:00","2023-10-10 00:00:00"
"4355","44","4955.00","2023-01-24 00:00:00","2023-01-29 00:00:00"
"4356","44","16192.00","2023-11-18 00:00:00","2023-11-20 00:00:00"
"4357","44","28259.00","2023-06-06 00:00:00","2023-06-07 00:00:00"
"4358","44","11288.00","2023-10-26 00:00:00","2023-11-12 00:00:00"
"4359","44","32207.00","2023-06-08 00:00:00","2023-06-12 00:00:00"
"4360","44","543.00","2023-12-13 00:00:00","2024-01-11 00:00:00"
"4361","44","34279.00","2023-03-02 00:00:00","2023-03-23 00:00:00"
"4362","44","4550.00","2023-04-22 00:00:00","2023-04-29 00:00:00"
"4363","44","24530.00","2023-11-25 00:00:00","2023-12-19 00:00:00"
"4364","44","4162.00","2023-06-06 00:00:00","2023-06-26 00:00:00"
"4365","44","30792.00","2023-08-28 00:00:00","2023-09-01 00:00:00"
"4366","44","8790.00","2023-05-08 00:00:00","2023-05-22 00:00:00"
"4367","44","788.00","2023-09-12 00:00:00","2023-10-07 00:00:00"
"4368","44","30991.00","2023-01-17 00:00:00","2023-01-22 00:00:00"
"4369","44","1182.00","2023-09-25 00:00:00","2023-09-25 00:00:00"
"4370","44","42038.00","2023-04-05 00:00:00","2023-04-06 00:00:00"
"4371","44","1091.00","2023-10-01 00:00:00","2023-10-18 00:00:00"
"4372","44","23094.00","2023-04-12 00:00:00","2023-04-18 00:00:00"
"4373","44","32048.00","2023-12-22 00:00:00","2023-12-24 00:00:00"
"4374","44","26173.00","2023-10-29 00:00:00","2023-11-16 00:00:00"
"4375","44","293.00","2023-01-10 00:00:00","2023-01-14 00:00:00"
"4376","44","1476.00","2023-01-15 00:00:00","2023-01-24 00:00:00"
"4377","44","704.00","2023-10-29 00:00:00","2023-11-23 00:00:00"
"4378","44","25100.00","2023-02-09 00:00:00","2023-02-19 00:00:00"
"4379","44","30311.00","2023-03-01 00:00:00","2023-03-26 00:00:00"
"4380","44","22291.00","2023-07-07 00:00:00","2023-07-09 00:00:00"
"4381","44","245.00","2023-02-08 00:00:00","2023-03-06 00:00:00"
"4382","44","5187.00","2023-10-02 00:00:00","2023-10-19 00:00:00"
"4383","44","13501.00","2023-07-28 00:00:00","2023-08-02 00:00:00"
"4384","44","61804.00","2023-10-13 00:00:00","2023-10-30 00:00:00"
"4385","44","644.00","2023-07-10 00:00:00","2023-07-28 00:00:00"
"4386","44","12231.00","2023-09-22 00:00:00","2023-10-18 00:00:00"
"4387","44","1103.00","2023-08-26 00:00:00","2023-09-01 00:00:00"
"4388","44","2587.00","2023-01-04 00:00:00","2023-01-08 00:00:00"
"4389","44","1988.00","2023-03-31 00:00:00","2023-04-09 00:00:00"
"4390","44","27548.00","2023-03-14 00:00:00","2023-04-04 00:00:00"
"4391","44","3588.00","2023-11-16 00:00:00","2023-11-17 00:00:00"
"4392","44","416.00","2023-07-01 00:00:00","2023-07-05 00:00:00"
"4393","44","42237.00","2023-09-05 00:00:00","2023-09-10 00:00:00"
"4394","44","2912.00","2023-06-22 00:00:00","2023-07-21 00:00:00"
"4395","44","18863.00","2023-11-03 00:00:00","2023-11-08 00:00:00"
"4396","44","10828.00","2023-10-28 00:00:00","2023-11-19 00:00:00"
"4397","44","1220.00","2023-02-21 00:00:00","2023-02-21 00:00:00"
"4398","44","37287.00","2023-10-22 00:00:00","2023-11-15 00:00:00"
"4399","44","39167.00","2023-03-15 00:00:00","2023-03-25 00:00:00"
"4400","44","12647.00","2023-08-12 00:00:00","2023-09-06 00:00:00"
"4401","45","18187.00","2023-12-26 00:00:00","2024-01-09 00:00:00"
"4402","45","3731.00","2023-04-05 00:00:00","2023-04-26 00:00:00"
"4403","45","37458.00","2023-02-02 00:00:00","2023-03-01 00:00:00"
"4404","45","553.00","2023-05-23 00:00:00","2023-05-29 00:00:00"
"4405","45","107.00","2023-01-03 00:00:00","2023-01-06 00:00:00"
"4406","45","336.00","2023-11-11 00:00:00","2023-11-24 00:00:00"
"4407","45","5912.00","2023-11-21 00:00:00","2023-12-08 00:00:00"
"4408","45","7852.00","2023-06-27 00:00:00","2023-06-29 00:00:00"
"4409","45","865.00","2023-11-22 00:00:00","2023-12-04 00:00:00"
"4410","45","59052.00","2023-12-30 00:00:00","2024-01-14 00:00:00"
"4411","45","11978.00","2023-03-28 00:00:00","2023-04-05 00:00:00"
"4412","45","356.00","2023-06-04 00:00:00","2023-06-13 00:00:00"
"4413","45","454.00","2023-05-30 00:00:00","2023-06-22 00:00:00"
"4414","45","10179.00","2023-12-05 00:00:00","2023-12-26 00:00:00"
"4415","45","8055.00","2023-01-04 00:00:00","2023-01-27 00:00:00"
"4416","45","375.00","2023-04-08 00:00:00","2023-04-24 00:00:00"
"4417","45","616.00","2023-07-28 00:00:00","2023-07-28 00:00:00"
"4418","45","16055.00","2023-09-19 00:00:00","2023-10-10 00:00:00"
"4419","45","24551.00","2023-11-01 00:00:00","2023-11-24 00:00:00"
"4420","45","51629.00","2023-06-16 00:00:00","2023-06-20 00:00:00"
"4421","45","436.00","2023-02-13 00:00:00","2023-03-02 00:00:00"
"4422","45","3232.00","2023-10-16 00:00:00","2023-10-30 00:00:00"
"4423","45","19001.00","2023-04-07 00:00:00","2023-05-03 00:00:00"
"4424","45","9772.00","2023-10-14 00:00:00","2023-10-18 00:00:00"
"4425","45","1486.00","2023-04-13 00:00:00","2023-04-19 00:00:00"
"4426","45","8410.00","2023-05-07 00:00:00","2023-06-04 00:00:00"
"4427","45","789.00","2023-09-09 00:00:00","2023-09-26 00:00:00"
"4428","45","2097.00","2023-11-11 00:00:00","2023-11-21 00:00:00"
"4429","45","29073.00","2023-03-02 00:00:00","2023-03-10 00:00:00"
"4430","45","81987.00","2023-10-28 00:00:00","2023-11-23 00:00:00"
"4431","45","27898.00","2023-05-26 00:00:00","2023-05-30 00:00:00"
"4432","45","3127.00","2023-11-24 00:00:00","2023-12-23 00:00:00"
"4433","45","713.00","2023-03-23 00:00:00","2023-04-19 00:00:00"
"4434","45","36291.00","2023-12-24 00:00:00","2024-01-20 00:00:00"
"4435","45","1718.00","2023-05-08 00:00:00","2023-06-06 00:00:00"
"4436","45","852.00","2023-05-03 00:00:00","2023-05-18 00:00:00"
"4437","45","51767.00","2023-10-08 00:00:00","2023-10-18 00:00:00"
"4438","45","16487.00","2023-09-10 00:00:00","2023-09-29 00:00:00"
"4439","45","25814.00","2023-03-03 00:00:00","2023-03-04 00:00:00"
"4440","45","6377.00","2023-01-05 00:00:00","2023-01-07 00:00:00"
"4441","45","3042.00","2023-08-28 00:00:00","2023-09-09 00:00:00"
"4442","45","40731.00","2023-05-26 00:00:00","2023-06-03 00:00:00"
"4443","45","5282.00","2023-04-05 00:00:00","2023-05-01 00:00:00"
"4444","45","77248.00","2023-05-09 00:00:00","2023-05-22 00:00:00"
"4445","45","7533.00","2023-10-19 00:00:00","2023-10-27 00:00:00"
"4446","45","903.00","2023-08-05 00:00:00","2023-08-25 00:00:00"
"4447","45","39701.00","2023-10-20 00:00:00","2023-11-07 00:00:00"
"4448","45","911.00","2023-10-03 00:00:00","2023-10-21 00:00:00"
"4449","45","72603.00","2023-03-26 00:00:00","2023-04-02 00:00:00"
"4450","45","11222.00","2023-06-12 00:00:00","2023-07-04 00:00:00"
"4451","45","28003.00","2023-02-16 00:00:00","2023-02-21 00:00:00"
"4452","45","29791.00","2023-11-15 00:00:00","2023-12-02 00:00:00"
"4453","45","4731.00","2023-11-21 00:00:00","2023-11-25 00:00:00"
"4454","45","2526.00","2023-03-14 00:00:00","2023-03-21 00:00:00"
"4455","45","30718.00","2023-02-07 00:00:00","2023-02-17 00:00:00"
"4456","45","12590.00","2023-06-10 00:00:00","2023-06-28 00:00:00"
"4457","45","1255.00","2023-02-10 00:00:00","2023-02-25 00:00:00"
"4458","45","2858.00","2023-06-01 00:00:00","2023-06-04 00:00:00"
"4459","45","6873.00","2023-01-13 00:00:00","2023-02-06 00:00:00"
"4460","45","16254.00","2023-06-27 00:00:00","2023-07-16 00:00:00"
"4461","45","30393.00","2023-06-23 00:00:00","2023-07-14 00:00:00"
"4462","45","16988.00","2023-10-22 00:00:00","2023-11-07 00:00:00"
"4463","45","3578.00","2023-11-07 00:00:00","2023-11-23 00:00:00"
"4464","45","123576.00","2023-08-04 00:00:00","2023-09-02 00:00:00"
"4465","45","10027.00","2023-12-20 00:00:00","2024-01-10 00:00:00"
"4466","45","1723.00","2023-09-11 00:00:00","2023-10-07 00:00:00"
"4467","45","4964.00","2023-02-20 00:00:00","2023-02-24 00:00:00"
"4468","45","48019.00","2023-11-11 00:00:00","2023-12-01 00:00:00"
"4469","45","4408.00","2023-11-02 00:00:00","2023-11-22 00:00:00"
"4470","45","1452.00","2023-08-15 00:00:00","2023-09-12 00:00:00"
"4471","45","45340.00","2023-01-03 00:00:00","2023-01-21 00:00:00"
"4472","45","63288.00","2023-01-15 00:00:00","2023-01-29 00:00:00"
"4473","45","36538.00","2023-12-27 00:00:00","2024-01-18 00:00:00"
"4474","45","1844.00","2023-05-09 00:00:00","2023-06-03 00:00:00"
"4475","45","6407.00","2023-04-19 00:00:00","2023-05-10 00:00:00"
"4476","45","21105.00","2023-03-28 00:00:00","2023-04-12 00:00:00"
"4477","45","28171.00","2023-11-29 00:00:00","2023-12-05 00:00:00"
"4478","45","39051.00","2023-10-26 00:00:00","2023-11-20 00:00:00"
"4479","45","13674.00","2023-07-30 00:00:00","2023-08-05 00:00:00"
"4480","45","523.00","2023-08-07 00:00:00","2023-08-12 00:00:00"
"4481","45","21008.00","2023-10-22 00:00:00","2023-11-14 00:00:00"
"4482","45","1744.00","2023-10-14 00:00:00","2023-11-05 00:00:00"
"4483","45","14716.00","2023-01-09 00:00:00","2023-01-16 00:00:00"
"4484","45","38381.00","2023-03-22 00:00:00","2023-04-05 00:00:00"
"4485","45","1172.00","2023-04-10 00:00:00","2023-05-07 00:00:00"
"4486","45","1023.00","2023-11-25 00:00:00","2023-12-21 00:00:00"
"4487","45","226.00","2023-08-27 00:00:00","2023-09-20 00:00:00"
"4488","45","686.00","2023-11-07 00:00:00","2023-11-27 00:00:00"
"4489","45","5558.00","2023-03-02 00:00:00","2023-03-02 00:00:00"
"4490","45","1710.00","2023-10-30 00:00:00","2023-11-19 00:00:00"
"4491","45","1290.00","2023-03-21 00:00:00","2023-04-09 00:00:00"
"4492","45","31991.00","2023-04-19 00:00:00","2023-05-17 00:00:00"
"4493","45","4842.00","2023-03-10 00:00:00","2023-03-25 00:00:00"
"4494","45","35110.00","2023-07-11 00:00:00","2023-07-15 00:00:00"
"4495","45","26088.00","2023-12-20 00:00:00","2023-12-22 00:00:00"
"4496","45","53122.00","2023-07-27 00:00:00","2023-07-29 00:00:00"
"4497","45","6694.00","2023-07-25 00:00:00","2023-08-22 00:00:00"
"4498","45","16107.00","2023-10-06 00:00:00","2023-10-14 00:00:00"
"4499","45","27751.00","2023-05-12 00:00:00","2023-06-09 00:00:00"
"4500","45","2281.00","2023-12-22 00:00:00","2023-12-26 00:00:00"
"4501","46","1984.00","2023-05-09 00:00:00","2023-06-02 00:00:00"
"4502","46","9273.00","2023-09-15 00:00:00","2023-10-11 00:00:00"
"4503","46","52207.00","2023-09-01 00:00:00","2023-09-16 00:00:00"
"4504","46","987.00","2023-01-30 00:00:00","2023-02-06 00:00:00"
"4505","46","45930.00","2023-03-12 00:00:00","2023-03-18 00:00:00"
"4506","46","1626.00","2023-02-10 00:00:00","2023-03-10 00:00:00"
"4507","46","40194.00","2023-04-05 00:00:00","2023-04-24 00:00:00"
"4508","46","309.00","2023-10-15 00:00:00","2023-10-18 00:00:00"
"4509","46","17060.00","2023-07-12 00:00:00","2023-08-06 00:00:00"
"4510","46","28509.00","2023-01-09 00:00:00","2023-01-12 00:00:00"
"4511","46","12126.00","2023-01-13 00:00:00","2023-01-20 00:00:00"
"4512","46","48990.00","2023-11-19 00:00:00","2023-11-26 00:00:00"
"4513","46","12530.00","2023-10-25 00:00:00","2023-10-28 00:00:00"
"4514","46","8165.00","2023-05-18 00:00:00","2023-06-02 00:00:00"
"4515","46","28193.00","2023-07-12 00:00:00","2023-07-15 00:00:00"
"4516","46","59714.00","2023-03-30 00:00:00","2023-04-23 00:00:00"
"4517","46","39005.00","2023-12-11 00:00:00","2023-12-21 00:00:00"
"4518","46","13052.00","2023-05-23 00:00:00","2023-06-01 00:00:00"
"4519","46","32152.00","2023-02-09 00:00:00","2023-03-08 00:00:00"
"4520","46","35043.00","2023-04-09 00:00:00","2023-04-18 00:00:00"
"4521","46","20646.00","2023-12-24 00:00:00","2024-01-05 00:00:00"
"4522","46","4699.00","2023-01-11 00:00:00","2023-02-06 00:00:00"
"4523","46","48556.00","2023-04-03 00:00:00","2023-04-28 00:00:00"
"4524","46","1693.00","2023-07-17 00:00:00","2023-07-18 00:00:00"
"4525","46","52270.00","2023-09-22 00:00:00","2023-09-29 00:00:00"
"4526","46","178.00","2023-06-13 00:00:00","2023-06-19 00:00:00"
"4527","46","41174.00","2023-12-26 00:00:00","2024-01-24 00:00:00"
"4528","46","236.00","2023-11-22 00:00:00","2023-12-06 00:00:00"
"4529","46","1514.00","2023-01-17 00:00:00","2023-01-21 00:00:00"
"4530","46","30892.00","2023-11-29 00:00:00","2023-12-21 00:00:00"
"4531","46","1865.00","2023-08-11 00:00:00","2023-08-14 00:00:00"
"4532","46","20997.00","2023-11-03 00:00:00","2023-11-20 00:00:00"
"4533","46","22689.00","2023-09-24 00:00:00","2023-09-24 00:00:00"
"4534","46","4018.00","2023-04-03 00:00:00","2023-04-16 00:00:00"
"4535","46","36232.00","2023-12-16 00:00:00","2023-12-18 00:00:00"
"4536","46","12385.00","2023-07-13 00:00:00","2023-08-10 00:00:00"
"4537","46","1071.00","2023-09-06 00:00:00","2023-09-07 00:00:00"
"4538","46","41287.00","2023-12-05 00:00:00","2023-12-06 00:00:00"
"4539","46","29545.00","2023-12-21 00:00:00","2024-01-09 00:00:00"
"4540","46","6748.00","2023-01-15 00:00:00","2023-01-20 00:00:00"
"4541","46","2895.00","2023-01-05 00:00:00","2023-02-02 00:00:00"
"4542","46","9655.00","2023-02-28 00:00:00","2023-03-24 00:00:00"
"4543","46","83665.00","2023-09-10 00:00:00","2023-09-27 00:00:00"
"4544","46","12297.00","2023-05-14 00:00:00","2023-05-23 00:00:00"
"4545","46","2437.00","2023-11-12 00:00:00","2023-11-15 00:00:00"
"4546","46","3502.00","2023-03-13 00:00:00","2023-04-09 00:00:00"
"4547","46","15137.00","2023-10-03 00:00:00","2023-10-14 00:00:00"
"4548","46","29343.00","2023-09-10 00:00:00","2023-09-10 00:00:00"
"4549","46","49513.00","2023-07-07 00:00:00","2023-07-23 00:00:00"
"4550","46","1745.00","2023-01-01 00:00:00","2023-01-30 00:00:00"
"4551","46","13998.00","2023-09-08 00:00:00","2023-09-15 00:00:00"
"4552","46","5679.00","2023-12-28 00:00:00","2024-01-20 00:00:00"
"4553","46","3459.00","2023-12-14 00:00:00","2024-01-12 00:00:00"
"4554","46","10874.00","2023-12-16 00:00:00","2023-12-26 00:00:00"
"4555","46","21290.00","2023-07-15 00:00:00","2023-07-15 00:00:00"
"4556","46","578.00","2023-07-30 00:00:00","2023-08-25 00:00:00"
"4557","46","12265.00","2023-03-10 00:00:00","2023-03-29 00:00:00"
"4558","46","84059.00","2023-11-25 00:00:00","2023-11-25 00:00:00"
"4559","46","20664.00","2023-10-08 00:00:00","2023-10-29 00:00:00"
"4560","46","283.00","2023-01-18 00:00:00","2023-01-22 00:00:00"
"4561","46","543.00","2023-09-14 00:00:00","2023-10-06 00:00:00"
"4562","46","758.00","2023-01-03 00:00:00","2023-01-05 00:00:00"
"4563","46","760.00","2023-03-11 00:00:00","2023-03-14 00:00:00"
"4564","46","17968.00","2023-10-30 00:00:00","2023-10-31 00:00:00"
"4565","46","10998.00","2023-03-02 00:00:00","2023-03-08 00:00:00"
"4566","46","3644.00","2023-06-04 00:00:00","2023-06-21 00:00:00"
"4567","46","25630.00","2023-07-28 00:00:00","2023-08-02 00:00:00"
"4568","46","1890.00","2023-01-20 00:00:00","2023-02-07 00:00:00"
"4569","46","27717.00","2023-07-27 00:00:00","2023-08-09 00:00:00"
"4570","46","1020.00","2023-03-07 00:00:00","2023-03-17 00:00:00"
"4571","46","2445.00","2023-07-08 00:00:00","2023-07-08 00:00:00"
"4572","46","295.00","2023-10-10 00:00:00","2023-10-29 00:00:00"
"4573","46","2174.00","2023-07-20 00:00:00","2023-08-13 00:00:00"
"4574","46","4052.00","2023-12-30 00:00:00","2024-01-07 00:00:00"
"4575","46","450.00","2023-02-12 00:00:00","2023-02-19 00:00:00"
"4576","46","1116.00","2023-07-04 00:00:00","2023-07-21 00:00:00"
"4577","46","12492.00","2023-11-23 00:00:00","2023-12-03 00:00:00"
"4578","46","51140.00","2023-09-23 00:00:00","2023-10-20 00:00:00"
"4579","46","12054.00","2023-01-27 00:00:00","2023-02-17 00:00:00"
"4580","46","24325.00","2023-12-29 00:00:00","2024-01-17 00:00:00"
"4581","46","2787.00","2023-05-09 00:00:00","2023-05-28 00:00:00"
"4582","46","9764.00","2023-09-15 00:00:00","2023-10-05 00:00:00"
"4583","46","80484.00","2023-12-25 00:00:00","2024-01-01 00:00:00"
"4584","46","2287.00","2023-02-21 00:00:00","2023-03-02 00:00:00"
"4585","46","2544.00","2023-01-24 00:00:00","2023-02-01 00:00:00"
"4586","46","561.00","2023-07-15 00:00:00","2023-07-24 00:00:00"
"4587","46","3552.00","2023-12-28 00:00:00","2023-12-30 00:00:00"
"4588","46","45215.00","2023-04-03 00:00:00","2023-04-09 00:00:00"
"4589","46","2834.00","2023-08-11 00:00:00","2023-08-17 00:00:00"
"4590","46","26023.00","2023-01-19 00:00:00","2023-02-16 00:00:00"
"4591","46","3882.00","2023-05-13 00:00:00","2023-06-08 00:00:00"
"4592","46","46518.00","2023-12-13 00:00:00","2024-01-09 00:00:00"
"4593","46","28632.00","2023-11-18 00:00:00","2023-12-13 00:00:00"
"4594","46","1175.00","2023-11-25 00:00:00","2023-12-02 00:00:00"
"4595","46","44240.00","2023-06-15 00:00:00","2023-07-12 00:00:00"
"4596","46","54227.00","2023-06-01 00:00:00","2023-06-08 00:00:00"
"4597","46","56800.00","2023-01-30 00:00:00","2023-02-03 00:00:00"
"4598","46","295.00","2023-04-03 00:00:00","2023-04-19 00:00:00"
"4599","46","2361.00","2023-12-04 00:00:00","2023-12-15 00:00:00"
"4600","46","868.00","2023-03-11 00:00:00","2023-03-11 00:00:00"
"4601","47","1108.00","2023-08-09 00:00:00","2023-08-10 00:00:00"
"4602","47","4747.00","2023-11-19 00:00:00","2023-11-25 00:00:00"
"4603","47","532.00","2023-12-22 00:00:00","2024-01-14 00:00:00"
"4604","47","215.00","2023-06-09 00:00:00","2023-06-26 00:00:00"
"4605","47","13285.00","2023-08-14 00:00:00","2023-08-18 00:00:00"
"4606","47","45264.00","2023-04-09 00:00:00","2023-04-09 00:00:00"
"4607","47","20133.00","2023-03-25 00:00:00","2023-04-14 00:00:00"
"4608","47","39233.00","2023-05-07 00:00:00","2023-05-21 00:00:00"
"4609","47","743.00","2023-01-13 00:00:00","2023-02-02 00:00:00"
"4610","47","39668.00","2023-02-10 00:00:00","2023-02-24 00:00:00"
"4611","47","36446.00","2023-12-04 00:00:00","2023-12-09 00:00:00"
"4612","47","8298.00","2023-05-08 00:00:00","2023-05-31 00:00:00"
"4613","47","18421.00","2023-03-26 00:00:00","2023-04-06 00:00:00"
"4614","47","29793.00","2023-10-23 00:00:00","2023-11-16 00:00:00"
"4615","47","42710.00","2023-10-29 00:00:00","2023-11-12 00:00:00"
"4616","47","36211.00","2023-09-25 00:00:00","2023-10-16 00:00:00"
"4617","47","48022.00","2023-09-11 00:00:00","2023-09-20 00:00:00"
"4618","47","3242.00","2023-01-20 00:00:00","2023-02-04 00:00:00"
"4619","47","2298.00","2023-07-03 00:00:00","2023-07-29 00:00:00"
"4620","47","73639.00","2023-05-21 00:00:00","2023-06-11 00:00:00"
"4621","47","15682.00","2023-08-26 00:00:00","2023-09-02 00:00:00"
"4622","47","28491.00","2023-08-12 00:00:00","2023-09-07 00:00:00"
"4623","47","21342.00","2023-01-15 00:00:00","2023-02-04 00:00:00"
"4624","47","13870.00","2023-08-23 00:00:00","2023-09-18 00:00:00"
"4625","47","283.00","2023-09-01 00:00:00","2023-09-28 00:00:00"
"4626","47","80110.00","2023-03-07 00:00:00","2023-03-24 00:00:00"
"4627","47","2089.00","2023-01-19 00:00:00","2023-02-09 00:00:00"
"4628","47","35700.00","2023-05-08 00:00:00","2023-05-11 00:00:00"
"4629","47","1726.00","2023-08-26 00:00:00","2023-09-02 00:00:00"
"4630","47","31191.00","2023-03-12 00:00:00","2023-03-25 00:00:00"
"4631","47","180.00","2023-04-19 00:00:00","2023-05-17 00:00:00"
"4632","47","15450.00","2023-04-01 00:00:00","2023-04-10 00:00:00"
"4633","47","357.00","2023-05-16 00:00:00","2023-05-31 00:00:00"
"4634","47","47587.00","2023-12-30 00:00:00","2024-01-08 00:00:00"
"4635","47","3848.00","2023-03-18 00:00:00","2023-04-10 00:00:00"
"4636","47","15491.00","2023-10-10 00:00:00","2023-11-06 00:00:00"
"4637","47","15976.00","2023-03-29 00:00:00","2023-04-23 00:00:00"
"4638","47","25694.00","2023-06-20 00:00:00","2023-06-27 00:00:00"
"4639","47","791.00","2023-05-19 00:00:00","2023-06-01 00:00:00"
"4640","47","361.00","2023-04-19 00:00:00","2023-05-06 00:00:00"
"4641","47","1268.00","2023-04-21 00:00:00","2023-04-24 00:00:00"
"4642","47","46299.00","2023-05-07 00:00:00","2023-05-24 00:00:00"
"4643","47","73505.00","2023-04-12 00:00:00","2023-04-23 00:00:00"
"4644","47","51677.00","2023-11-09 00:00:00","2023-11-25 00:00:00"
"4645","47","21384.00","2023-04-10 00:00:00","2023-04-22 00:00:00"
"4646","47","49381.00","2023-02-11 00:00:00","2023-02-23 00:00:00"
"4647","47","253.00","2023-05-28 00:00:00","2023-06-13 00:00:00"
"4648","47","1296.00","2023-12-22 00:00:00","2024-01-20 00:00:00"
"4649","47","4991.00","2023-04-04 00:00:00","2023-04-19 00:00:00"
"4650","47","805.00","2023-05-20 00:00:00","2023-05-29 00:00:00"
"4651","47","64172.00","2023-09-18 00:00:00","2023-10-13 00:00:00"
"4652","47","63935.00","2023-10-07 00:00:00","2023-10-08 00:00:00"
"4653","47","8789.00","2023-02-28 00:00:00","2023-03-02 00:00:00"
"4654","47","18362.00","2023-07-13 00:00:00","2023-08-01 00:00:00"
"4655","47","12748.00","2023-06-09 00:00:00","2023-07-05 00:00:00"
"4656","47","33311.00","2023-03-29 00:00:00","2023-04-09 00:00:00"
"4657","47","38445.00","2023-09-21 00:00:00","2023-10-08 00:00:00"
"4658","47","617.00","2023-02-05 00:00:00","2023-03-06 00:00:00"
"4659","47","33781.00","2023-05-10 00:00:00","2023-05-16 00:00:00"
"4660","47","45790.00","2023-07-03 00:00:00","2023-07-08 00:00:00"
"4661","47","30858.00","2023-05-21 00:00:00","2023-06-10 00:00:00"
"4662","47","19049.00","2023-04-14 00:00:00","2023-04-17 00:00:00"
"4663","47","319.00","2023-09-09 00:00:00","2023-09-18 00:00:00"
"4664","47","2440.00","2023-07-17 00:00:00","2023-07-18 00:00:00"
"4665","47","4233.00","2023-03-08 00:00:00","2023-03-25 00:00:00"
"4666","47","28742.00","2023-11-09 00:00:00","2023-11-22 00:00:00"
"4667","47","28825.00","2023-03-15 00:00:00","2023-04-05 00:00:00"
"4668","47","38581.00","2023-05-11 00:00:00","2023-06-07 00:00:00"
"4669","47","25730.00","2023-11-13 00:00:00","2023-11-20 00:00:00"
"4670","47","1238.00","2023-12-21 00:00:00","2023-12-23 00:00:00"
"4671","47","45409.00","2023-03-30 00:00:00","2023-04-19 00:00:00"
"4672","47","16688.00","2023-10-31 00:00:00","2023-11-02 00:00:00"
"4673","47","40082.00","2023-03-07 00:00:00","2023-03-16 00:00:00"
"4674","47","975.00","2023-05-30 00:00:00","2023-06-28 00:00:00"
"4675","47","1274.00","2023-09-15 00:00:00","2023-10-02 00:00:00"
"4676","47","24342.00","2023-04-23 00:00:00","2023-05-20 00:00:00"
"4677","47","19653.00","2023-01-26 00:00:00","2023-02-12 00:00:00"
"4678","47","12066.00","2023-01-03 00:00:00","2023-01-24 00:00:00"
"4679","47","564.00","2023-12-16 00:00:00","2024-01-02 00:00:00"
"4680","47","10643.00","2023-06-30 00:00:00","2023-07-06 00:00:00"
"4681","47","81329.00","2023-12-19 00:00:00","2023-12-30 00:00:00"
"4682","47","2967.00","2023-12-01 00:00:00","2023-12-20 00:00:00"
"4683","47","11201.00","2023-08-23 00:00:00","2023-08-27 00:00:00"
"4684","47","29112.00","2023-01-01 00:00:00","2023-01-12 00:00:00"
"4685","47","1670.00","2023-09-16 00:00:00","2023-09-23 00:00:00"
"4686","47","21693.00","2023-12-25 00:00:00","2024-01-16 00:00:00"
"4687","47","296.00","2023-06-17 00:00:00","2023-07-12 00:00:00"
"4688","47","36858.00","2023-08-19 00:00:00","2023-08-29 00:00:00"
"4689","47","128.00","2023-04-19 00:00:00","2023-05-15 00:00:00"
"4690","47","4113.00","2023-03-02 00:00:00","2023-03-25 00:00:00"
"4691","47","1946.00","2023-08-12 00:00:00","2023-08-23 00:00:00"
"4692","47","7497.00","2023-02-02 00:00:00","2023-02-03 00:00:00"
"4693","47","57.00","2023-05-08 00:00:00","2023-05-19 00:00:00"
"4694","47","21294.00","2023-02-18 00:00:00","2023-03-16 00:00:00"
"4695","47","3367.00","2023-02-22 00:00:00","2023-02-28 00:00:00"
"4696","47","35459.00","2023-09-22 00:00:00","2023-10-11 00:00:00"
"4697","47","18095.00","2023-04-26 00:00:00","2023-05-20 00:00:00"
"4698","47","24104.00","2023-04-29 00:00:00","2023-05-22 00:00:00"
"4699","47","21568.00","2023-08-02 00:00:00","2023-08-29 00:00:00"
"4700","47","5617.00","2023-02-02 00:00:00","2023-02-27 00:00:00"
"4701","48","31018.00","2023-09-29 00:00:00","2023-10-14 00:00:00"
"4702","48","8831.00","2023-04-09 00:00:00","2023-04-23 00:00:00"
"4703","48","10892.00","2023-06-19 00:00:00","2023-06-23 00:00:00"
"4704","48","55765.00","2023-10-29 00:00:00","2023-11-13 00:00:00"
"4705","48","9313.00","2023-04-13 00:00:00","2023-04-24 00:00:00"
"4706","48","2660.00","2023-08-29 00:00:00","2023-09-08 00:00:00"
"4707","48","38229.00","2023-11-14 00:00:00","2023-12-08 00:00:00"
"4708","48","3703.00","2023-05-05 00:00:00","2023-05-16 00:00:00"
"4709","48","368.00","2023-01-25 00:00:00","2023-02-13 00:00:00"
"4710","48","1913.00","2023-01-10 00:00:00","2023-01-26 00:00:00"
"4711","48","33186.00","2023-08-19 00:00:00","2023-09-10 00:00:00"
"4712","48","363.00","2023-11-06 00:00:00","2023-11-09 00:00:00"
"4713","48","43044.00","2023-05-10 00:00:00","2023-06-02 00:00:00"
"4714","48","40145.00","2023-07-12 00:00:00","2023-07-23 00:00:00"
"4715","48","1558.00","2023-01-11 00:00:00","2023-01-21 00:00:00"
"4716","48","1062.00","2023-02-07 00:00:00","2023-02-15 00:00:00"
"4717","48","30587.00","2023-04-27 00:00:00","2023-05-21 00:00:00"
"4718","48","14336.00","2023-12-11 00:00:00","2023-12-25 00:00:00"
"4719","48","1306.00","2023-10-25 00:00:00","2023-11-21 00:00:00"
"4720","48","16936.00","2023-07-03 00:00:00","2023-07-28 00:00:00"
"4721","48","28296.00","2023-01-17 00:00:00","2023-01-18 00:00:00"
"4722","48","36871.00","2023-06-01 00:00:00","2023-06-29 00:00:00"
"4723","48","18116.00","2023-11-25 00:00:00","2023-12-22 00:00:00"
"4724","48","2240.00","2023-08-01 00:00:00","2023-08-17 00:00:00"
"4725","48","7364.00","2023-06-28 00:00:00","2023-07-10 00:00:00"
"4726","48","135.00","2023-12-18 00:00:00","2024-01-08 00:00:00"
"4727","48","235.00","2023-03-04 00:00:00","2023-03-24 00:00:00"
"4728","48","45172.00","2023-05-15 00:00:00","2023-05-27 00:00:00"
"4729","48","31684.00","2023-10-23 00:00:00","2023-11-05 00:00:00"
"4730","48","10096.00","2023-10-18 00:00:00","2023-10-31 00:00:00"
"4731","48","17191.00","2023-01-25 00:00:00","2023-01-31 00:00:00"
"4732","48","36130.00","2023-11-17 00:00:00","2023-11-20 00:00:00"
"4733","48","47856.00","2023-11-05 00:00:00","2023-11-06 00:00:00"
"4734","48","3344.00","2023-07-21 00:00:00","2023-08-18 00:00:00"
"4735","48","1816.00","2023-08-28 00:00:00","2023-09-25 00:00:00"
"4736","48","2050.00","2023-01-19 00:00:00","2023-02-05 00:00:00"
"4737","48","908.00","2023-01-28 00:00:00","2023-02-23 00:00:00"
"4738","48","532.00","2023-02-04 00:00:00","2023-03-01 00:00:00"
"4739","48","28641.00","2023-11-19 00:00:00","2023-11-28 00:00:00"
"4740","48","1648.00","2023-04-25 00:00:00","2023-05-11 00:00:00"
"4741","48","59079.00","2023-05-05 00:00:00","2023-05-28 00:00:00"
"4742","48","406.00","2023-12-20 00:00:00","2024-01-05 00:00:00"
"4743","48","86131.00","2023-04-04 00:00:00","2023-05-02 00:00:00"
"4744","48","14394.00","2023-07-16 00:00:00","2023-07-19 00:00:00"
"4745","48","2024.00","2023-01-18 00:00:00","2023-01-25 00:00:00"
"4746","48","3552.00","2023-06-21 00:00:00","2023-07-01 00:00:00"
"4747","48","39774.00","2023-07-22 00:00:00","2023-07-23 00:00:00"
"4748","48","2411.00","2023-12-08 00:00:00","2023-12-30 00:00:00"
"4749","48","5577.00","2023-11-02 00:00:00","2023-11-26 00:00:00"
"4750","48","662.00","2023-02-19 00:00:00","2023-03-10 00:00:00"
"4751","48","1598.00","2023-11-04 00:00:00","2023-11-29 00:00:00"
"4752","48","8404.00","2023-11-23 00:00:00","2023-12-14 00:00:00"
"4753","48","4721.00","2023-06-04 00:00:00","2023-06-17 00:00:00"
"4754","48","47493.00","2023-01-18 00:00:00","2023-02-01 00:00:00"
"4755","48","8997.00","2023-06-11 00:00:00","2023-07-02 00:00:00"
"4756","48","58138.00","2023-02-13 00:00:00","2023-02-16 00:00:00"
"4757","48","15551.00","2023-10-22 00:00:00","2023-10-27 00:00:00"
"4758","48","5992.00","2023-05-05 00:00:00","2023-05-16 00:00:00"
"4759","48","1803.00","2023-09-27 00:00:00","2023-10-04 00:00:00"
"4760","48","1256.00","2023-12-17 00:00:00","2023-12-22 00:00:00"
"4761","48","771.00","2023-11-20 00:00:00","2023-12-06 00:00:00"
"4762","48","759.00","2023-04-07 00:00:00","2023-04-30 00:00:00"
"4763","48","2049.00","2023-05-04 00:00:00","2023-06-02 00:00:00"
"4764","48","15491.00","2023-11-02 00:00:00","2023-11-26 00:00:00"
"4765","48","75589.00","2023-05-22 00:00:00","2023-05-23 00:00:00"
"4766","48","22228.00","2023-02-17 00:00:00","2023-02-27 00:00:00"
"4767","48","2252.00","2023-12-24 00:00:00","2023-12-30 00:00:00"
"4768","48","2153.00","2023-04-29 00:00:00","2023-05-03 00:00:00"
"4769","48","30640.00","2023-03-01 00:00:00","2023-03-27 00:00:00"
"4770","48","35920.00","2023-11-23 00:00:00","2023-11-23 00:00:00"
"4771","48","690.00","2023-09-13 00:00:00","2023-10-06 00:00:00"
"4772","48","1090.00","2023-10-01 00:00:00","2023-10-24 00:00:00"
"4773","48","73961.00","2023-07-02 00:00:00","2023-07-15 00:00:00"
"4774","48","8314.00","2023-02-11 00:00:00","2023-02-23 00:00:00"
"4775","48","16839.00","2023-04-01 00:00:00","2023-04-22 00:00:00"
"4776","48","5313.00","2023-11-25 00:00:00","2023-12-08 00:00:00"
"4777","48","47992.00","2023-10-11 00:00:00","2023-10-13 00:00:00"
"4778","48","35547.00","2023-05-07 00:00:00","2023-06-03 00:00:00"
"4779","48","25715.00","2023-03-09 00:00:00","2023-03-29 00:00:00"
"4780","48","1066.00","2023-07-26 00:00:00","2023-07-29 00:00:00"
"4781","48","9289.00","2023-06-18 00:00:00","2023-06-29 00:00:00"
"4782","48","18142.00","2023-04-21 00:00:00","2023-04-30 00:00:00"
"4783","48","1044.00","2023-09-23 00:00:00","2023-10-08 00:00:00"
"4784","48","3187.00","2023-11-21 00:00:00","2023-12-07 00:00:00"
"4785","48","1437.00","2023-10-02 00:00:00","2023-10-25 00:00:00"
"4786","48","29666.00","2023-04-06 00:00:00","2023-04-07 00:00:00"
"4787","48","6018.00","2023-05-15 00:00:00","2023-06-06 00:00:00"
"4788","48","21875.00","2023-10-01 00:00:00","2023-10-07 00:00:00"
"4789","48","30642.00","2023-02-26 00:00:00","2023-03-03 00:00:00"
"4790","48","6095.00","2023-02-19 00:00:00","2023-03-17 00:00:00"
"4791","48","7507.00","2023-02-18 00:00:00","2023-03-09 00:00:00"
"4792","48","3317.00","2023-06-02 00:00:00","2023-07-01 00:00:00"
"4793","48","12096.00","2023-03-22 00:00:00","2023-04-10 00:00:00"
"4794","48","27312.00","2023-01-05 00:00:00","2023-01-24 00:00:00"
"4795","48","24296.00","2023-08-14 00:00:00","2023-09-07 00:00:00"
"4796","48","333.00","2023-04-19 00:00:00","2023-05-11 00:00:00"
"4797","48","32994.00","2023-08-13 00:00:00","2023-09-07 00:00:00"
"4798","48","15142.00","2023-12-08 00:00:00","2023-12-27 00:00:00"
"4799","48","51456.00","2023-10-03 00:00:00","2023-10-16 00:00:00"
"4800","48","11234.00","2023-08-28 00:00:00","2023-09-17 00:00:00"
"4801","49","48649.00","2023-02-02 00:00:00","2023-02-26 00:00:00"
"4802","49","371.00","2023-04-24 00:00:00","2023-04-25 00:00:00"
"4803","49","1248.00","2023-12-08 00:00:00","2023-12-16 00:00:00"
"4804","49","3551.00","2023-11-09 00:00:00","2023-11-12 00:00:00"
"4805","49","11590.00","2023-05-17 00:00:00","2023-05-26 00:00:00"
"4806","49","2146.00","2023-03-28 00:00:00","2023-04-06 00:00:00"
"4807","49","28737.00","2023-12-24 00:00:00","2024-01-17 00:00:00"
"4808","49","36512.00","2023-04-11 00:00:00","2023-04-15 00:00:00"
"4809","49","31099.00","2023-04-22 00:00:00","2023-05-07 00:00:00"
"4810","49","8117.00","2023-11-19 00:00:00","2023-12-07 00:00:00"
"4811","49","36552.00","2023-10-20 00:00:00","2023-11-06 00:00:00"
"4812","49","46487.00","2023-01-19 00:00:00","2023-02-08 00:00:00"
"4813","49","29557.00","2023-07-26 00:00:00","2023-07-31 00:00:00"
"4814","49","45267.00","2023-11-26 00:00:00","2023-11-26 00:00:00"
"4815","49","302.00","2023-12-31 00:00:00","2024-01-14 00:00:00"
"4816","49","9122.00","2023-09-19 00:00:00","2023-10-08 00:00:00"
"4817","49","23180.00","2023-07-20 00:00:00","2023-08-10 00:00:00"
"4818","49","19064.00","2023-08-23 00:00:00","2023-09-13 00:00:00"
"4819","49","35996.00","2023-08-04 00:00:00","2023-08-20 00:00:00"
"4820","49","1711.00","2023-04-01 00:00:00","2023-04-18 00:00:00"
"4821","49","2628.00","2023-03-23 00:00:00","2023-03-24 00:00:00"
"4822","49","27147.00","2023-09-19 00:00:00","2023-10-12 00:00:00"
"4823","49","12384.00","2023-08-18 00:00:00","2023-08-20 00:00:00"
"4824","49","189.00","2023-01-04 00:00:00","2023-01-29 00:00:00"
"4825","49","765.00","2023-04-11 00:00:00","2023-04-11 00:00:00"
"4826","49","17104.00","2023-11-27 00:00:00","2023-12-22 00:00:00"
"4827","49","9571.00","2023-10-23 00:00:00","2023-10-29 00:00:00"
"4828","49","25844.00","2023-03-28 00:00:00","2023-04-15 00:00:00"
"4829","49","534.00","2023-05-09 00:00:00","2023-05-15 00:00:00"
"4830","49","4941.00","2023-01-25 00:00:00","2023-02-08 00:00:00"
"4831","49","30827.00","2023-05-04 00:00:00","2023-05-21 00:00:00"
"4832","49","1285.00","2023-06-30 00:00:00","2023-07-19 00:00:00"
"4833","49","40349.00","2023-12-05 00:00:00","2023-12-09 00:00:00"
"4834","49","917.00","2023-05-08 00:00:00","2023-05-10 00:00:00"
"4835","49","47883.00","2023-06-23 00:00:00","2023-06-25 00:00:00"
"4836","49","16162.00","2023-12-03 00:00:00","2023-12-30 00:00:00"
"4837","49","485.00","2023-08-30 00:00:00","2023-09-22 00:00:00"
"4838","49","18491.00","2023-11-16 00:00:00","2023-12-12 00:00:00"
"4839","49","2586.00","2023-05-24 00:00:00","2023-06-16 00:00:00"
"4840","49","6724.00","2023-11-30 00:00:00","2023-12-23 00:00:00"
"4841","49","16655.00","2023-01-08 00:00:00","2023-01-31 00:00:00"
"4842","49","32048.00","2023-11-17 00:00:00","2023-12-10 00:00:00"
"4843","49","147.00","2023-07-21 00:00:00","2023-08-11 00:00:00"
"4844","49","29654.00","2023-02-06 00:00:00","2023-02-11 00:00:00"
"4845","49","14787.00","2023-10-29 00:00:00","2023-11-01 00:00:00"
"4846","49","6470.00","2023-05-10 00:00:00","2023-05-19 00:00:00"
"4847","49","24236.00","2023-10-12 00:00:00","2023-11-06 00:00:00"
"4848","49","8094.00","2023-07-13 00:00:00","2023-08-03 00:00:00"
"4849","49","37564.00","2023-03-14 00:00:00","2023-03-16 00:00:00"
"4850","49","764.00","2023-01-20 00:00:00","2023-01-24 00:00:00"
"4851","49","1500.00","2023-08-03 00:00:00","2023-08-07 00:00:00"
"4852","49","932.00","2023-12-01 00:00:00","2023-12-13 00:00:00"
"4853","49","7494.00","2023-07-23 00:00:00","2023-07-30 00:00:00"
"4854","49","30414.00","2023-02-09 00:00:00","2023-03-06 00:00:00"
"4855","49","25105.00","2023-07-19 00:00:00","2023-08-03 00:00:00"
"4856","49","353.00","2023-04-27 00:00:00","2023-05-17 00:00:00"
"4857","49","19563.00","2023-10-02 00:00:00","2023-10-08 00:00:00"
"4858","49","2244.00","2023-04-15 00:00:00","2023-04-25 00:00:00"
"4859","49","49468.00","2023-10-05 00:00:00","2023-10-06 00:00:00"
"4860","49","2043.00","2023-05-20 00:00:00","2023-06-13 00:00:00"
"4861","49","16073.00","2023-03-21 00:00:00","2023-04-14 00:00:00"
"4862","49","24226.00","2023-01-09 00:00:00","2023-01-11 00:00:00"
"4863","49","1828.00","2023-10-21 00:00:00","2023-11-15 00:00:00"
"4864","49","30845.00","2023-04-06 00:00:00","2023-04-19 00:00:00"
"4865","49","37023.00","2023-08-03 00:00:00","2023-08-22 00:00:00"
"4866","49","36268.00","2023-11-09 00:00:00","2023-11-09 00:00:00"
"4867","49","45846.00","2023-12-07 00:00:00","2023-12-14 00:00:00"
"4868","49","1201.00","2023-08-17 00:00:00","2023-08-20 00:00:00"
"4869","49","2457.00","2023-03-09 00:00:00","2023-03-19 00:00:00"
"4870","49","758.00","2023-06-12 00:00:00","2023-06-28 00:00:00"
"4871","49","24153.00","2023-07-30 00:00:00","2023-07-30 00:00:00"
"4872","49","3096.00","2023-08-10 00:00:00","2023-08-18 00:00:00"
"4873","49","50490.00","2023-12-04 00:00:00","2023-12-09 00:00:00"
"4874","49","2153.00","2023-02-26 00:00:00","2023-03-20 00:00:00"
"4875","49","1094.00","2023-11-01 00:00:00","2023-11-20 00:00:00"
"4876","49","1753.00","2023-09-11 00:00:00","2023-09-21 00:00:00"
"4877","49","6097.00","2023-06-10 00:00:00","2023-06-12 00:00:00"
"4878","49","45111.00","2023-11-11 00:00:00","2023-11-17 00:00:00"
"4879","49","5961.00","2023-04-28 00:00:00","2023-05-22 00:00:00"
"4880","49","14355.00","2023-07-09 00:00:00","2023-08-01 00:00:00"
"4881","49","75035.00","2023-09-15 00:00:00","2023-10-04 00:00:00"
"4882","49","7563.00","2023-03-28 00:00:00","2023-03-31 00:00:00"
"4883","49","95.00","2023-11-27 00:00:00","2023-12-21 00:00:00"
"4884","49","565.00","2023-12-19 00:00:00","2023-12-19 00:00:00"
"4885","49","21785.00","2023-02-07 00:00:00","2023-02-14 00:00:00"
"4886","49","37741.00","2023-07-05 00:00:00","2023-07-12 00:00:00"
"4887","49","16202.00","2023-01-09 00:00:00","2023-01-24 00:00:00"
"4888","49","3422.00","2023-05-16 00:00:00","2023-05-25 00:00:00"
"4889","49","425.00","2023-09-26 00:00:00","2023-10-07 00:00:00"
"4890","49","60096.00","2023-09-20 00:00:00","2023-09-29 00:00:00"
"4891","49","8427.00","2023-04-17 00:00:00","2023-04-19 00:00:00"
"4892","49","16575.00","2023-01-05 00:00:00","2023-01-23 00:00:00"
"4893","49","31206.00","2023-11-11 00:00:00","2023-11-30 00:00:00"
"4894","49","3493.00","2023-03-16 00:00:00","2023-04-07 00:00:00"
"4895","49","3152.00","2023-05-02 00:00:00","2023-05-24 00:00:00"
"4896","49","50622.00","2023-09-14 00:00:00","2023-10-09 00:00:00"
"4897","49","7524.00","2023-01-09 00:00:00","2023-01-28 00:00:00"
"4898","49","1755.00","2023-10-14 00:00:00","2023-11-05 00:00:00"
"4899","49","64688.00","2023-10-03 00:00:00","2023-10-14 00:00:00"
"4900","49","12403.00","2023-05-16 00:00:00","2023-05-29 00:00:00"
"4901","50","36779.00","2023-11-07 00:00:00","2023-11-17 00:00:00"
"4902","50","14095.00","2023-05-19 00:00:00","2023-06-11 00:00:00"
"4903","50","28753.00","2023-11-07 00:00:00","2023-11-10 00:00:00"
"4904","50","8929.00","2023-01-25 00:00:00","2023-02-20 00:00:00"
"4905","50","1692.00","2023-12-07 00:00:00","2023-12-19 00:00:00"
"4906","50","2387.00","2023-09-21 00:00:00","2023-10-10 00:00:00"
"4907","50","38374.00","2023-01-16 00:00:00","2023-01-19 00:00:00"
"4908","50","41797.00","2023-03-31 00:00:00","2023-04-01 00:00:00"
"4909","50","34161.00","2023-03-09 00:00:00","2023-03-20 00:00:00"
"4910","50","2390.00","2023-09-16 00:00:00","2023-09-20 00:00:00"
"4911","50","487.00","2023-06-13 00:00:00","2023-06-15 00:00:00"
"4912","50","3283.00","2023-10-10 00:00:00","2023-11-02 00:00:00"
"4913","50","8914.00","2023-05-26 00:00:00","2023-06-11 00:00:00"
"4914","50","13325.00","2023-08-16 00:00:00","2023-09-14 00:00:00"
"4915","50","83286.00","2023-07-20 00:00:00","2023-07-27 00:00:00"
"4916","50","66089.00","2023-10-11 00:00:00","2023-10-22 00:00:00"
"4917","50","18829.00","2023-02-11 00:00:00","2023-03-10 00:00:00"
"4918","50","15736.00","2023-09-04 00:00:00","2023-09-20 00:00:00"
"4919","50","9422.00","2023-06-24 00:00:00","2023-07-12 00:00:00"
"4920","50","500.00","2023-09-29 00:00:00","2023-10-21 00:00:00"
"4921","50","248.00","2023-01-10 00:00:00","2023-02-06 00:00:00"
"4922","50","716.00","2023-07-04 00:00:00","2023-07-13 00:00:00"
"4923","50","38291.00","2023-08-05 00:00:00","2023-08-21 00:00:00"
"4924","50","7362.00","2023-01-01 00:00:00","2023-01-07 00:00:00"
"4925","50","58339.00","2023-01-25 00:00:00","2023-02-15 00:00:00"
"4926","50","611.00","2023-06-23 00:00:00","2023-06-30 00:00:00"
"4927","50","573.00","2023-03-15 00:00:00","2023-04-12 00:00:00"
"4928","50","60169.00","2023-12-08 00:00:00","2023-12-30 00:00:00"
"4929","50","4592.00","2023-03-11 00:00:00","2023-03-15 00:00:00"
"4930","50","27144.00","2023-04-16 00:00:00","2023-04-25 00:00:00"
"4931","50","16401.00","2023-02-26 00:00:00","2023-03-18 00:00:00"
"4932","50","3795.00","2023-08-21 00:00:00","2023-08-21 00:00:00"
"4933","50","40139.00","2023-05-30 00:00:00","2023-06-10 00:00:00"
"4934","50","4935.00","2023-12-21 00:00:00","2023-12-31 00:00:00"
"4935","50","28435.00","2023-07-27 00:00:00","2023-08-20 00:00:00"
"4936","50","27722.00","2023-12-28 00:00:00","2024-01-08 00:00:00"
"4937","50","45154.00","2023-06-23 00:00:00","2023-07-03 00:00:00"
"4938","50","16917.00","2023-02-19 00:00:00","2023-03-12 00:00:00"
"4939","50","28927.00","2023-05-13 00:00:00","2023-05-16 00:00:00"
"4940","50","57027.00","2023-08-10 00:00:00","2023-08-12 00:00:00"
"4941","50","14477.00","2023-11-12 00:00:00","2023-11-24 00:00:00"
"4942","50","53337.00","2023-06-12 00:00:00","2023-06-18 00:00:00"
"4943","50","2829.00","2023-05-18 00:00:00","2023-05-22 00:00:00"
"4944","50","595.00","2023-09-08 00:00:00","2023-09-25 00:00:00"
"4945","50","1722.00","2023-09-06 00:00:00","2023-09-24 00:00:00"
"4946","50","39092.00","2023-08-04 00:00:00","2023-08-26 00:00:00"
"4947","50","22883.00","2023-12-09 00:00:00","2023-12-27 00:00:00"
"4948","50","3795.00","2023-08-31 00:00:00","2023-09-08 00:00:00"
"4949","50","335.00","2023-06-16 00:00:00","2023-07-15 00:00:00"
"4950","50","16657.00","2023-10-28 00:00:00","2023-10-29 00:00:00"
"4951","50","1033.00","2023-05-31 00:00:00","2023-06-02 00:00:00"
"4952","50","21687.00","2023-08-29 00:00:00","2023-08-30 00:00:00"
"4953","50","2813.00","2023-05-24 00:00:00","2023-06-12 00:00:00"
"4954","50","14213.00","2023-09-25 00:00:00","2023-10-22 00:00:00"
"4955","50","95444.00","2023-04-06 00:00:00","2023-04-30 00:00:00"
"4956","50","3767.00","2023-09-21 00:00:00","2023-10-04 00:00:00"
"4957","50","9257.00","2023-08-04 00:00:00","2023-08-17 00:00:00"
"4958","50","17287.00","2023-09-02 00:00:00","2023-09-08 00:00:00"
"4959","50","682.00","2023-09-15 00:00:00","2023-10-14 00:00:00"
"4960","50","38396.00","2023-09-28 00:00:00","2023-10-02 00:00:00"
"4961","50","35420.00","2023-05-29 00:00:00","2023-06-17 00:00:00"
"4962","50","42343.00","2023-07-27 00:00:00","2023-08-14 00:00:00"
"4963","50","27582.00","2023-09-04 00:00:00","2023-09-20 00:00:00"
"4964","50","31427.00","2023-09-20 00:00:00","2023-10-19 00:00:00"
"4965","50","26462.00","2023-02-12 00:00:00","2023-02-23 00:00:00"
"4966","50","19839.00","2023-12-03 00:00:00","2023-12-10 00:00:00"
"4967","50","58286.00","2023-01-08 00:00:00","2023-01-26 00:00:00"
"4968","50","27065.00","2023-02-04 00:00:00","2023-02-25 00:00:00"
"4969","50","15054.00","2023-07-28 00:00:00","2023-08-19 00:00:00"
"4970","50","24841.00","2023-11-24 00:00:00","2023-12-15 00:00:00"
"4971","50","1566.00","2023-07-27 00:00:00","2023-08-22 00:00:00"
"4972","50","14205.00","2023-12-25 00:00:00","2024-01-13 00:00:00"
"4973","50","9128.00","2023-12-14 00:00:00","2023-12-21 00:00:00"
"4974","50","4296.00","2023-11-16 00:00:00","2023-12-13 00:00:00"
"4975","50","26129.00","2023-10-05 00:00:00","2023-10-21 00:00:00"
"4976","50","714.00","2023-06-08 00:00:00","2023-06-20 00:00:00"
"4977","50","1385.00","2023-02-08 00:00:00","2023-02-08 00:00:00"
"4978","50","834.00","2023-02-03 00:00:00","2023-02-05 00:00:00"
"4979","50","38179.00","2023-03-11 00:00:00","2023-04-09 00:00:00"
"4980","50","27687.00","2023-09-27 00:00:00","2023-10-04 00:00:00"
"4981","50","6714.00","2023-04-07 00:00:00","2023-04-30 00:00:00"
"4982","50","364.00","2023-08-17 00:00:00","2023-08-30 00:00:00"
"4983","50","1594.00","2023-08-08 00:00:00","2023-08-13 00:00:00"
"4984","50","13546.00","2023-05-10 00:00:00","2023-05-31 00:00:00"
"4985","50","20736.00","2023-10-28 00:00:00","2023-11-23 00:00:00"
"4986","50","63488.00","2023-03-09 00:00:00","2023-03-09 00:00:00"
"4987","50","5287.00","2023-12-30 00:00:00","2024-01-22 00:00:00"
"4988","50","22811.00","2023-08-25 00:00:00","2023-09-20 00:00:00"
"4989","50","4798.00","2023-01-30 00:00:00","2023-02-11 00:00:00"
"4990","50","6314.00","2023-12-13 00:00:00","2023-12-25 00:00:00"
"4991","50","23619.00","2023-07-08 00:00:00","2023-07-09 00:00:00"
"4992","50","572.00","2023-06-30 00:00:00","2023-07-14 00:00:00"
"4993","50","16697.00","2023-08-25 00:00:00","2023-09-15 00:00:00"
"4994","50","10931.00","2023-01-30 00:00:00","2023-02-09 00:00:00"
"4995","50","4217.00","2023-04-04 00:00:00","2023-04-13 00:00:00"
"4996","50","2852.00","2023-11-26 00:00:00","2023-12-04 00:00:00"
"4997","50","36072.00","2023-01-28 00:00:00","2023-02-07 00:00:00"
"4998","50","28287.00","2023-07-22 00:00:00","2023-07-24 00:00:00"
"4999","50","45304.00","2023-02-15 00:00:00","2023-03-08 00:00:00"
"5000","50","2063.00","2023-01-25 00:00:00","2023-01-28 00:00:00"
"5001","51","15682.00","2023-04-28 00:00:00","2023-05-06 00:00:00"
"5002","51","46471.00","2023-07-05 00:00:00","2023-07-20 00:00:00"
"5003","51","15208.00","2023-03-18 00:00:00","2023-03-28 00:00:00"
"5004","51","24614.00","2023-12-21 00:00:00","2023-12-23 00:00:00"
"5005","51","4039.00","2023-12-07 00:00:00","2023-12-30 00:00:00"
"5006","51","436.00","2023-11-27 00:00:00","2023-12-08 00:00:00"
"5007","51","25627.00","2023-07-05 00:00:00","2023-07-12 00:00:00"
"5008","51","16374.00","2023-10-08 00:00:00","2023-10-17 00:00:00"
"5009","51","40631.00","2023-09-03 00:00:00","2023-09-26 00:00:00"
"5010","51","9068.00","2023-09-13 00:00:00","2023-09-15 00:00:00"
"5011","51","4205.00","2023-09-14 00:00:00","2023-10-07 00:00:00"
"5012","51","12534.00","2023-07-27 00:00:00","2023-08-08 00:00:00"
"5013","51","14347.00","2023-10-06 00:00:00","2023-10-27 00:00:00"
"5014","51","2556.00","2023-05-31 00:00:00","2023-06-09 00:00:00"
"5015","51","117.00","2023-08-04 00:00:00","2023-08-19 00:00:00"
"5016","51","16710.00","2023-02-25 00:00:00","2023-03-18 00:00:00"
"5017","51","16273.00","2023-09-13 00:00:00","2023-10-02 00:00:00"
"5018","51","1339.00","2023-01-28 00:00:00","2023-02-20 00:00:00"
"5019","51","11973.00","2023-01-25 00:00:00","2023-02-05 00:00:00"
"5020","51","45691.00","2023-08-07 00:00:00","2023-09-01 00:00:00"
"5021","51","1303.00","2023-05-05 00:00:00","2023-05-06 00:00:00"
"5022","51","27683.00","2023-01-15 00:00:00","2023-02-06 00:00:00"
"5023","51","609.00","2023-04-17 00:00:00","2023-05-06 00:00:00"
"5024","51","5042.00","2023-07-09 00:00:00","2023-07-20 00:00:00"
"5025","51","2870.00","2023-03-12 00:00:00","2023-04-06 00:00:00"
"5026","51","30953.00","2023-06-26 00:00:00","2023-07-20 00:00:00"
"5027","51","1728.00","2023-01-27 00:00:00","2023-02-04 00:00:00"
"5028","51","215.00","2023-12-02 00:00:00","2023-12-16 00:00:00"
"5029","51","487.00","2023-04-19 00:00:00","2023-05-04 00:00:00"
"5030","51","31311.00","2023-11-30 00:00:00","2023-12-23 00:00:00"
"5031","51","12360.00","2023-09-06 00:00:00","2023-09-10 00:00:00"
"5032","51","2318.00","2023-09-17 00:00:00","2023-09-28 00:00:00"
"5033","51","33609.00","2023-07-28 00:00:00","2023-08-26 00:00:00"
"5034","51","39120.00","2023-02-24 00:00:00","2023-02-25 00:00:00"
"5035","51","25609.00","2023-07-28 00:00:00","2023-08-12 00:00:00"
"5036","51","1457.00","2023-01-06 00:00:00","2023-01-26 00:00:00"
"5037","51","12325.00","2023-05-02 00:00:00","2023-05-16 00:00:00"
"5038","51","453.00","2023-11-16 00:00:00","2023-12-13 00:00:00"
"5039","51","7693.00","2023-01-19 00:00:00","2023-01-31 00:00:00"
"5040","51","4284.00","2023-12-02 00:00:00","2023-12-31 00:00:00"
"5041","51","3948.00","2023-10-09 00:00:00","2023-10-22 00:00:00"
"5042","51","482.00","2023-08-22 00:00:00","2023-08-27 00:00:00"
"5043","51","74991.00","2023-04-28 00:00:00","2023-04-29 00:00:00"
"5044","51","45347.00","2023-01-04 00:00:00","2023-01-08 00:00:00"
"5045","51","1281.00","2023-08-26 00:00:00","2023-09-12 00:00:00"
"5046","51","581.00","2023-05-09 00:00:00","2023-05-12 00:00:00"
"5047","51","13130.00","2023-10-07 00:00:00","2023-10-14 00:00:00"
"5048","51","32641.00","2023-08-18 00:00:00","2023-08-22 00:00:00"
"5049","51","77277.00","2023-09-01 00:00:00","2023-09-29 00:00:00"
"5050","51","4018.00","2023-02-09 00:00:00","2023-02-25 00:00:00"
"5051","51","917.00","2023-02-02 00:00:00","2023-02-20 00:00:00"
"5052","51","8389.00","2023-02-14 00:00:00","2023-02-15 00:00:00"
"5053","51","27045.00","2023-03-24 00:00:00","2023-04-01 00:00:00"
"5054","51","36768.00","2023-12-05 00:00:00","2023-12-16 00:00:00"
"5055","51","38093.00","2023-12-05 00:00:00","2024-01-02 00:00:00"
"5056","51","30512.00","2023-05-07 00:00:00","2023-05-26 00:00:00"
"5057","51","1462.00","2023-07-28 00:00:00","2023-08-24 00:00:00"
"5058","51","4986.00","2023-09-23 00:00:00","2023-09-26 00:00:00"
"5059","51","1988.00","2023-06-14 00:00:00","2023-06-21 00:00:00"
"5060","51","26747.00","2023-11-20 00:00:00","2023-11-29 00:00:00"
"5061","51","1526.00","2023-03-09 00:00:00","2023-03-26 00:00:00"
"5062","51","36790.00","2023-05-20 00:00:00","2023-06-01 00:00:00"
"5063","51","337.00","2023-05-29 00:00:00","2023-06-07 00:00:00"
"5064","51","1803.00","2023-11-22 00:00:00","2023-11-29 00:00:00"
"5065","51","12115.00","2023-01-09 00:00:00","2023-02-07 00:00:00"
"5066","51","327.00","2023-08-29 00:00:00","2023-09-20 00:00:00"
"5067","51","8137.00","2023-07-27 00:00:00","2023-08-06 00:00:00"
"5068","51","24141.00","2023-09-13 00:00:00","2023-09-24 00:00:00"
"5069","51","3838.00","2023-07-11 00:00:00","2023-07-16 00:00:00"
"5070","51","95.00","2023-11-07 00:00:00","2023-11-26 00:00:00"
"5071","51","353.00","2023-10-21 00:00:00","2023-11-16 00:00:00"
"5072","51","16378.00","2023-10-19 00:00:00","2023-11-15 00:00:00"
"5073","51","12189.00","2023-11-08 00:00:00","2023-11-27 00:00:00"
"5074","51","25092.00","2023-05-29 00:00:00","2023-06-26 00:00:00"
"5075","51","18374.00","2023-05-22 00:00:00","2023-06-16 00:00:00"
"5076","51","48486.00","2023-06-22 00:00:00","2023-07-19 00:00:00"
"5077","51","27777.00","2023-08-13 00:00:00","2023-09-04 00:00:00"
"5078","51","16116.00","2023-08-21 00:00:00","2023-08-29 00:00:00"
"5079","51","47884.00","2023-10-22 00:00:00","2023-10-22 00:00:00"
"5080","51","24886.00","2023-04-08 00:00:00","2023-05-07 00:00:00"
"5081","51","196.00","2023-05-24 00:00:00","2023-05-26 00:00:00"
"5082","51","1215.00","2023-05-24 00:00:00","2023-05-30 00:00:00"
"5083","51","28371.00","2023-12-06 00:00:00","2023-12-23 00:00:00"
"5084","51","2562.00","2023-12-28 00:00:00","2024-01-11 00:00:00"
"5085","51","2285.00","2023-01-27 00:00:00","2023-02-15 00:00:00"
"5086","51","28186.00","2023-12-06 00:00:00","2023-12-19 00:00:00"
"5087","51","16254.00","2023-07-14 00:00:00","2023-07-23 00:00:00"
"5088","51","4248.00","2023-07-04 00:00:00","2023-07-30 00:00:00"
"5089","51","30137.00","2023-05-03 00:00:00","2023-05-09 00:00:00"
"5090","51","2192.00","2023-04-03 00:00:00","2023-04-10 00:00:00"
"5091","51","641.00","2023-06-07 00:00:00","2023-06-17 00:00:00"
"5092","51","48239.00","2023-12-07 00:00:00","2024-01-01 00:00:00"
"5093","51","19421.00","2023-01-26 00:00:00","2023-01-27 00:00:00"
"5094","51","9994.00","2023-01-30 00:00:00","2023-02-06 00:00:00"
"5095","51","37628.00","2023-11-07 00:00:00","2023-11-20 00:00:00"
"5096","51","31391.00","2023-01-24 00:00:00","2023-02-17 00:00:00"
"5097","51","101164.00","2023-10-31 00:00:00","2023-11-09 00:00:00"
"5098","51","3238.00","2023-05-18 00:00:00","2023-06-06 00:00:00"
"5099","51","19130.00","2023-02-07 00:00:00","2023-03-02 00:00:00"
"5100","51","9610.00","2023-04-08 00:00:00","2023-05-06 00:00:00"
"5101","52","20292.00","2023-02-23 00:00:00","2023-02-26 00:00:00"
"5102","52","4158.00","2023-06-21 00:00:00","2023-07-20 00:00:00"
"5103","52","1783.00","2023-04-08 00:00:00","2023-04-13 00:00:00"
"5104","52","12492.00","2023-01-22 00:00:00","2023-02-02 00:00:00"
"5105","52","177.00","2023-02-15 00:00:00","2023-03-14 00:00:00"
"5106","52","20188.00","2023-05-16 00:00:00","2023-05-18 00:00:00"
"5107","52","702.00","2023-05-18 00:00:00","2023-06-12 00:00:00"
"5108","52","33122.00","2023-05-26 00:00:00","2023-06-03 00:00:00"
"5109","52","712.00","2023-12-06 00:00:00","2023-12-22 00:00:00"
"5110","52","29007.00","2023-09-08 00:00:00","2023-09-13 00:00:00"
"5111","52","69860.00","2023-06-06 00:00:00","2023-06-24 00:00:00"
"5112","52","23262.00","2023-05-03 00:00:00","2023-05-10 00:00:00"
"5113","52","18513.00","2023-10-15 00:00:00","2023-11-03 00:00:00"
"5114","52","16896.00","2023-07-19 00:00:00","2023-08-16 00:00:00"
"5115","52","2844.00","2023-09-10 00:00:00","2023-10-01 00:00:00"
"5116","52","2194.00","2023-01-25 00:00:00","2023-02-06 00:00:00"
"5117","52","51446.00","2023-04-16 00:00:00","2023-04-28 00:00:00"
"5118","52","15716.00","2023-07-23 00:00:00","2023-08-19 00:00:00"
"5119","52","11020.00","2023-12-18 00:00:00","2024-01-15 00:00:00"
"5120","52","18513.00","2023-05-27 00:00:00","2023-06-21 00:00:00"
"5121","52","18651.00","2023-10-02 00:00:00","2023-10-31 00:00:00"
"5122","52","23039.00","2023-06-13 00:00:00","2023-07-03 00:00:00"
"5123","52","48027.00","2023-03-07 00:00:00","2023-03-24 00:00:00"
"5124","52","2874.00","2023-01-23 00:00:00","2023-01-26 00:00:00"
"5125","52","21288.00","2023-07-27 00:00:00","2023-08-15 00:00:00"
"5126","52","31118.00","2023-11-14 00:00:00","2023-12-01 00:00:00"
"5127","52","18148.00","2023-08-06 00:00:00","2023-08-23 00:00:00"
"5128","52","3916.00","2023-11-23 00:00:00","2023-12-09 00:00:00"
"5129","52","4420.00","2023-01-05 00:00:00","2023-01-13 00:00:00"
"5130","52","3678.00","2023-05-02 00:00:00","2023-05-29 00:00:00"
"5131","52","32437.00","2023-07-13 00:00:00","2023-07-15 00:00:00"
"5132","52","358.00","2023-04-13 00:00:00","2023-05-10 00:00:00"
"5133","52","17137.00","2023-01-10 00:00:00","2023-01-23 00:00:00"
"5134","52","27563.00","2023-08-19 00:00:00","2023-08-20 00:00:00"
"5135","52","52823.00","2023-07-08 00:00:00","2023-07-30 00:00:00"
"5136","52","1397.00","2023-08-30 00:00:00","2023-08-31 00:00:00"
"5137","52","2891.00","2023-07-22 00:00:00","2023-07-31 00:00:00"
"5138","52","885.00","2023-08-16 00:00:00","2023-08-28 00:00:00"
"5139","52","13441.00","2023-11-17 00:00:00","2023-11-21 00:00:00"
"5140","52","519.00","2023-02-23 00:00:00","2023-03-13 00:00:00"
"5141","52","481.00","2023-08-04 00:00:00","2023-08-12 00:00:00"
"5142","52","21143.00","2023-11-26 00:00:00","2023-12-25 00:00:00"
"5143","52","75239.00","2023-10-03 00:00:00","2023-10-22 00:00:00"
"5144","52","838.00","2023-11-25 00:00:00","2023-12-12 00:00:00"
"5145","52","1215.00","2023-07-12 00:00:00","2023-07-22 00:00:00"
"5146","52","43565.00","2023-02-10 00:00:00","2023-02-12 00:00:00"
"5147","52","17336.00","2023-11-14 00:00:00","2023-12-01 00:00:00"
"5148","52","4518.00","2023-01-04 00:00:00","2023-01-28 00:00:00"
"5149","52","944.00","2023-12-12 00:00:00","2023-12-16 00:00:00"
"5150","52","24131.00","2023-10-25 00:00:00","2023-11-06 00:00:00"
"5151","52","27375.00","2023-08-07 00:00:00","2023-08-19 00:00:00"
"5152","52","12830.00","2023-12-28 00:00:00","2023-12-30 00:00:00"
"5153","52","26064.00","2023-09-02 00:00:00","2023-09-17 00:00:00"
"5154","52","2545.00","2023-04-24 00:00:00","2023-05-10 00:00:00"
"5155","52","3776.00","2023-01-06 00:00:00","2023-02-01 00:00:00"
"5156","52","3840.00","2023-06-15 00:00:00","2023-07-06 00:00:00"
"5157","52","22238.00","2023-06-16 00:00:00","2023-06-28 00:00:00"
"5158","52","815.00","2023-07-14 00:00:00","2023-08-06 00:00:00"
"5159","52","41994.00","2023-12-03 00:00:00","2023-12-26 00:00:00"
"5160","52","4017.00","2023-07-27 00:00:00","2023-08-25 00:00:00"
"5161","52","40321.00","2023-10-23 00:00:00","2023-11-09 00:00:00"
"5162","52","40494.00","2023-09-13 00:00:00","2023-10-08 00:00:00"
"5163","52","862.00","2023-09-06 00:00:00","2023-09-18 00:00:00"
"5164","52","6411.00","2023-05-15 00:00:00","2023-06-05 00:00:00"
"5165","52","3110.00","2023-05-07 00:00:00","2023-06-05 00:00:00"
"5166","52","35475.00","2023-02-06 00:00:00","2023-03-03 00:00:00"
"5167","52","437.00","2023-02-21 00:00:00","2023-03-15 00:00:00"
"5168","52","71484.00","2023-10-19 00:00:00","2023-11-17 00:00:00"
"5169","52","327.00","2023-02-28 00:00:00","2023-03-25 00:00:00"
"5170","52","154.00","2023-06-07 00:00:00","2023-06-16 00:00:00"
"5171","52","1941.00","2023-07-01 00:00:00","2023-07-03 00:00:00"
"5172","52","2564.00","2023-06-13 00:00:00","2023-07-08 00:00:00"
"5173","52","1974.00","2023-04-24 00:00:00","2023-05-11 00:00:00"
"5174","52","18017.00","2023-03-01 00:00:00","2023-03-04 00:00:00"
"5175","52","12193.00","2023-01-25 00:00:00","2023-02-12 00:00:00"
"5176","52","53978.00","2023-09-11 00:00:00","2023-09-17 00:00:00"
"5177","52","18912.00","2023-03-27 00:00:00","2023-04-25 00:00:00"
"5178","52","45707.00","2023-11-23 00:00:00","2023-12-21 00:00:00"
"5179","52","24680.00","2023-11-09 00:00:00","2023-11-15 00:00:00"
"5180","52","45963.00","2023-04-20 00:00:00","2023-05-18 00:00:00"
"5181","52","565.00","2023-08-08 00:00:00","2023-08-15 00:00:00"
"5182","52","63302.00","2023-12-07 00:00:00","2023-12-21 00:00:00"
"5183","52","36203.00","2023-08-25 00:00:00","2023-09-22 00:00:00"
"5184","52","1386.00","2023-09-11 00:00:00","2023-09-28 00:00:00"
"5185","52","12773.00","2023-06-28 00:00:00","2023-07-08 00:00:00"
"5186","52","1329.00","2023-03-01 00:00:00","2023-03-06 00:00:00"
"5187","52","16239.00","2023-08-04 00:00:00","2023-08-07 00:00:00"
"5188","52","157.00","2023-01-13 00:00:00","2023-02-07 00:00:00"
"5189","52","1595.00","2023-07-17 00:00:00","2023-07-26 00:00:00"
"5190","52","39087.00","2023-01-31 00:00:00","2023-02-21 00:00:00"
"5191","52","923.00","2023-04-02 00:00:00","2023-04-16 00:00:00"
"5192","52","39689.00","2023-10-29 00:00:00","2023-11-14 00:00:00"
"5193","52","3093.00","2023-01-09 00:00:00","2023-01-14 00:00:00"
"5194","52","464.00","2023-01-16 00:00:00","2023-01-27 00:00:00"
"5195","52","31068.00","2023-12-16 00:00:00","2023-12-29 00:00:00"
"5196","52","6386.00","2023-11-26 00:00:00","2023-12-14 00:00:00"
"5197","52","35038.00","2023-07-03 00:00:00","2023-07-09 00:00:00"
"5198","52","9277.00","2023-10-29 00:00:00","2023-11-14 00:00:00"
"5199","52","24513.00","2023-03-07 00:00:00","2023-03-11 00:00:00"
"5200","52","34630.00","2023-05-05 00:00:00","2023-05-15 00:00:00"
"5201","53","2527.00","2023-03-22 00:00:00","2023-04-19 00:00:00"
"5202","53","3392.00","2023-01-17 00:00:00","2023-01-28 00:00:00"
"5203","53","4601.00","2023-03-18 00:00:00","2023-04-02 00:00:00"
"5204","53","7320.00","2023-01-01 00:00:00","2023-01-18 00:00:00"
"5205","53","8593.00","2023-05-28 00:00:00","2023-06-07 00:00:00"
"5206","53","963.00","2023-01-12 00:00:00","2023-01-27 00:00:00"
"5207","53","45054.00","2023-04-10 00:00:00","2023-04-14 00:00:00"
"5208","53","36112.00","2023-05-01 00:00:00","2023-05-29 00:00:00"
"5209","53","27484.00","2023-06-13 00:00:00","2023-07-07 00:00:00"
"5210","53","1606.00","2023-04-26 00:00:00","2023-05-22 00:00:00"
"5211","53","40430.00","2023-12-15 00:00:00","2024-01-10 00:00:00"
"5212","53","7597.00","2023-03-30 00:00:00","2023-04-01 00:00:00"
"5213","53","1750.00","2023-11-17 00:00:00","2023-12-10 00:00:00"
"5214","53","35680.00","2023-01-15 00:00:00","2023-02-03 00:00:00"
"5215","53","7472.00","2023-05-23 00:00:00","2023-06-09 00:00:00"
"5216","53","16134.00","2023-05-04 00:00:00","2023-05-12 00:00:00"
"5217","53","17347.00","2023-03-03 00:00:00","2023-03-22 00:00:00"
"5218","53","13533.00","2023-01-01 00:00:00","2023-01-03 00:00:00"
"5219","53","40193.00","2023-03-02 00:00:00","2023-03-06 00:00:00"
"5220","53","12095.00","2023-11-08 00:00:00","2023-11-08 00:00:00"
"5221","53","99580.00","2023-12-18 00:00:00","2024-01-16 00:00:00"
"5222","53","2154.00","2023-01-11 00:00:00","2023-02-09 00:00:00"
"5223","53","2337.00","2023-12-04 00:00:00","2023-12-21 00:00:00"
"5224","53","2151.00","2023-02-27 00:00:00","2023-03-26 00:00:00"
"5225","53","3635.00","2023-01-17 00:00:00","2023-02-05 00:00:00"
"5226","53","9166.00","2023-02-07 00:00:00","2023-02-10 00:00:00"
"5227","53","18112.00","2023-07-18 00:00:00","2023-07-23 00:00:00"
"5228","53","987.00","2023-01-21 00:00:00","2023-02-07 00:00:00"
"5229","53","11289.00","2023-01-13 00:00:00","2023-01-13 00:00:00"
"5230","53","28324.00","2023-03-10 00:00:00","2023-03-27 00:00:00"
"5231","53","7075.00","2023-12-02 00:00:00","2023-12-07 00:00:00"
"5232","53","54993.00","2023-01-04 00:00:00","2023-01-26 00:00:00"
"5233","53","38164.00","2023-11-22 00:00:00","2023-12-01 00:00:00"
"5234","53","3615.00","2023-07-16 00:00:00","2023-07-16 00:00:00"
"5235","53","2983.00","2023-05-30 00:00:00","2023-06-05 00:00:00"
"5236","53","4165.00","2023-03-20 00:00:00","2023-04-08 00:00:00"
"5237","53","465.00","2023-07-22 00:00:00","2023-07-22 00:00:00"
"5238","53","26856.00","2023-10-03 00:00:00","2023-10-20 00:00:00"
"5239","53","1615.00","2023-07-28 00:00:00","2023-08-06 00:00:00"
"5240","53","1140.00","2023-08-07 00:00:00","2023-08-08 00:00:00"
"5241","53","28792.00","2023-12-13 00:00:00","2023-12-14 00:00:00"
"5242","53","36314.00","2023-09-05 00:00:00","2023-09-20 00:00:00"
"5243","53","28998.00","2023-01-26 00:00:00","2023-02-21 00:00:00"
"5244","53","12572.00","2023-03-17 00:00:00","2023-04-12 00:00:00"
"5245","53","2114.00","2023-07-04 00:00:00","2023-07-06 00:00:00"
"5246","53","428.00","2023-07-12 00:00:00","2023-08-04 00:00:00"
"5247","53","372.00","2023-07-19 00:00:00","2023-08-01 00:00:00"
"5248","53","616.00","2023-10-15 00:00:00","2023-11-07 00:00:00"
"5249","53","175.00","2023-12-25 00:00:00","2024-01-22 00:00:00"
"5250","53","25340.00","2023-09-01 00:00:00","2023-09-27 00:00:00"
"5251","53","563.00","2023-03-04 00:00:00","2023-03-10 00:00:00"
"5252","53","876.00","2023-07-14 00:00:00","2023-07-15 00:00:00"
"5253","53","1385.00","2023-08-29 00:00:00","2023-09-05 00:00:00"
"5254","53","11396.00","2023-05-13 00:00:00","2023-05-31 00:00:00"
"5255","53","974.00","2023-10-23 00:00:00","2023-11-21 00:00:00"
"5256","53","447.00","2023-01-14 00:00:00","2023-01-26 00:00:00"
"5257","53","32053.00","2023-07-13 00:00:00","2023-07-13 00:00:00"
"5258","53","27462.00","2023-12-08 00:00:00","2023-12-10 00:00:00"
"5259","53","20545.00","2023-09-30 00:00:00","2023-10-18 00:00:00"
"5260","53","77823.00","2023-03-16 00:00:00","2023-03-26 00:00:00"
"5261","53","18088.00","2023-07-18 00:00:00","2023-07-30 00:00:00"
"5262","53","293.00","2023-08-15 00:00:00","2023-08-19 00:00:00"
"5263","53","10191.00","2023-10-31 00:00:00","2023-11-01 00:00:00"
"5264","53","78989.00","2023-02-28 00:00:00","2023-03-17 00:00:00"
"5265","53","3193.00","2023-05-15 00:00:00","2023-06-07 00:00:00"
"5266","53","1020.00","2023-02-08 00:00:00","2023-03-04 00:00:00"
"5267","53","389.00","2023-05-26 00:00:00","2023-06-19 00:00:00"
"5268","53","18295.00","2023-06-19 00:00:00","2023-06-25 00:00:00"
"5269","53","25099.00","2023-06-26 00:00:00","2023-07-14 00:00:00"
"5270","53","386.00","2023-02-11 00:00:00","2023-03-03 00:00:00"
"5271","53","1793.00","2023-06-10 00:00:00","2023-06-28 00:00:00"
"5272","53","27580.00","2023-09-02 00:00:00","2023-10-01 00:00:00"
"5273","53","22772.00","2023-03-31 00:00:00","2023-04-29 00:00:00"
"5274","53","9533.00","2023-10-31 00:00:00","2023-11-15 00:00:00"
"5275","53","216.00","2023-06-10 00:00:00","2023-07-04 00:00:00"
"5276","53","175.00","2023-08-17 00:00:00","2023-08-21 00:00:00"
"5277","53","76.00","2023-06-02 00:00:00","2023-06-07 00:00:00"
"5278","53","3339.00","2023-05-12 00:00:00","2023-05-19 00:00:00"
"5279","53","864.00","2023-04-24 00:00:00","2023-05-20 00:00:00"
"5280","53","1484.00","2023-09-27 00:00:00","2023-10-05 00:00:00"
"5281","53","781.00","2023-10-06 00:00:00","2023-11-04 00:00:00"
"5282","53","20706.00","2023-06-03 00:00:00","2023-06-30 00:00:00"
"5283","53","4484.00","2023-06-04 00:00:00","2023-06-22 00:00:00"
"5284","53","12490.00","2023-07-10 00:00:00","2023-07-28 00:00:00"
"5285","53","29281.00","2023-11-01 00:00:00","2023-11-04 00:00:00"
"5286","53","2872.00","2023-11-12 00:00:00","2023-11-24 00:00:00"
"5287","53","755.00","2023-01-07 00:00:00","2023-01-17 00:00:00"
"5288","53","553.00","2023-10-25 00:00:00","2023-11-11 00:00:00"
"5289","53","261.00","2023-06-19 00:00:00","2023-07-03 00:00:00"
"5290","53","12912.00","2023-07-24 00:00:00","2023-08-16 00:00:00"
"5291","53","39351.00","2023-10-01 00:00:00","2023-10-20 00:00:00"
"5292","53","68866.00","2023-09-17 00:00:00","2023-09-19 00:00:00"
"5293","53","42974.00","2023-12-01 00:00:00","2023-12-29 00:00:00"
"5294","53","2394.00","2023-02-17 00:00:00","2023-03-17 00:00:00"
"5295","53","19192.00","2023-10-30 00:00:00","2023-11-26 00:00:00"
"5296","53","46963.00","2023-09-29 00:00:00","2023-10-01 00:00:00"
"5297","53","31567.00","2023-10-13 00:00:00","2023-11-10 00:00:00"
"5298","53","2166.00","2023-07-24 00:00:00","2023-08-02 00:00:00"
"5299","53","17075.00","2023-05-08 00:00:00","2023-05-30 00:00:00"
"5300","53","8523.00","2023-10-03 00:00:00","2023-10-06 00:00:00"
"5301","54","7435.00","2023-08-17 00:00:00","2023-09-13 00:00:00"
"5302","54","178.00","2023-10-18 00:00:00","2023-11-02 00:00:00"
"5303","54","4594.00","2023-05-26 00:00:00","2023-06-23 00:00:00"
"5304","54","12372.00","2023-01-19 00:00:00","2023-02-01 00:00:00"
"5305","54","5789.00","2023-09-09 00:00:00","2023-09-24 00:00:00"
"5306","54","11490.00","2023-10-14 00:00:00","2023-11-11 00:00:00"
"5307","54","1091.00","2023-04-19 00:00:00","2023-04-26 00:00:00"
"5308","54","5109.00","2023-01-09 00:00:00","2023-01-09 00:00:00"
"5309","54","3601.00","2023-12-01 00:00:00","2023-12-01 00:00:00"
"5310","54","9276.00","2023-09-30 00:00:00","2023-10-03 00:00:00"
"5311","54","3317.00","2023-05-17 00:00:00","2023-06-08 00:00:00"
"5312","54","623.00","2023-05-24 00:00:00","2023-05-30 00:00:00"
"5313","54","59022.00","2023-10-27 00:00:00","2023-11-13 00:00:00"
"5314","54","835.00","2023-03-01 00:00:00","2023-03-23 00:00:00"
"5315","54","3695.00","2023-11-25 00:00:00","2023-12-02 00:00:00"
"5316","54","24283.00","2023-02-03 00:00:00","2023-02-25 00:00:00"
"5317","54","18116.00","2023-05-25 00:00:00","2023-06-08 00:00:00"
"5318","54","18036.00","2023-02-11 00:00:00","2023-03-06 00:00:00"
"5319","54","657.00","2023-01-04 00:00:00","2023-01-18 00:00:00"
"5320","54","4733.00","2023-08-21 00:00:00","2023-09-12 00:00:00"
"5321","54","47993.00","2023-03-05 00:00:00","2023-03-23 00:00:00"
"5322","54","8511.00","2023-10-20 00:00:00","2023-10-24 00:00:00"
"5323","54","1135.00","2023-01-28 00:00:00","2023-02-25 00:00:00"
"5324","54","6096.00","2023-04-20 00:00:00","2023-04-24 00:00:00"
"5325","54","742.00","2023-01-08 00:00:00","2023-02-06 00:00:00"
"5326","54","2543.00","2023-03-24 00:00:00","2023-03-24 00:00:00"
"5327","54","43489.00","2023-06-07 00:00:00","2023-06-07 00:00:00"
"5328","54","591.00","2023-07-05 00:00:00","2023-07-21 00:00:00"
"5329","54","66167.00","2023-06-07 00:00:00","2023-07-05 00:00:00"
"5330","54","924.00","2023-07-31 00:00:00","2023-08-19 00:00:00"
"5331","54","22008.00","2023-04-22 00:00:00","2023-05-11 00:00:00"
"5332","54","26168.00","2023-04-29 00:00:00","2023-05-09 00:00:00"
"5333","54","2970.00","2023-06-05 00:00:00","2023-06-07 00:00:00"
"5334","54","3034.00","2023-07-23 00:00:00","2023-08-02 00:00:00"
"5335","54","35120.00","2023-06-09 00:00:00","2023-06-09 00:00:00"
"5336","54","2126.00","2023-02-28 00:00:00","2023-03-16 00:00:00"
"5337","54","43593.00","2023-04-30 00:00:00","2023-05-25 00:00:00"
"5338","54","6871.00","2023-09-20 00:00:00","2023-09-29 00:00:00"
"5339","54","47991.00","2023-06-26 00:00:00","2023-07-21 00:00:00"
"5340","54","1341.00","2023-12-30 00:00:00","2024-01-05 00:00:00"
"5341","54","29996.00","2023-06-29 00:00:00","2023-07-20 00:00:00"
"5342","54","7056.00","2023-01-15 00:00:00","2023-01-18 00:00:00"
"5343","54","1654.00","2023-08-11 00:00:00","2023-09-01 00:00:00"
"5344","54","57288.00","2023-09-09 00:00:00","2023-09-13 00:00:00"
"5345","54","8354.00","2023-02-16 00:00:00","2023-03-09 00:00:00"
"5346","54","167.00","2023-09-12 00:00:00","2023-10-03 00:00:00"
"5347","54","2802.00","2023-08-09 00:00:00","2023-08-12 00:00:00"
"5348","54","18455.00","2023-08-24 00:00:00","2023-08-25 00:00:00"
"5349","54","800.00","2023-10-01 00:00:00","2023-10-09 00:00:00"
"5350","54","10719.00","2023-02-09 00:00:00","2023-02-16 00:00:00"
"5351","54","2923.00","2023-10-02 00:00:00","2023-10-06 00:00:00"
"5352","54","34602.00","2023-09-14 00:00:00","2023-09-17 00:00:00"
"5353","54","3090.00","2023-12-23 00:00:00","2024-01-01 00:00:00"
"5354","54","3562.00","2023-08-27 00:00:00","2023-09-07 00:00:00"
"5355","54","26995.00","2023-01-15 00:00:00","2023-02-02 00:00:00"
"5356","54","2668.00","2023-03-14 00:00:00","2023-03-21 00:00:00"
"5357","54","9126.00","2023-12-17 00:00:00","2023-12-19 00:00:00"
"5358","54","5559.00","2023-01-27 00:00:00","2023-01-27 00:00:00"
"5359","54","9137.00","2023-04-21 00:00:00","2023-05-18 00:00:00"
"5360","54","38735.00","2023-07-07 00:00:00","2023-07-17 00:00:00"
"5361","54","806.00","2023-11-05 00:00:00","2023-11-25 00:00:00"
"5362","54","27513.00","2023-04-04 00:00:00","2023-04-12 00:00:00"
"5363","54","12994.00","2023-09-26 00:00:00","2023-10-02 00:00:00"
"5364","54","22325.00","2023-04-04 00:00:00","2023-04-08 00:00:00"
"5365","54","556.00","2023-05-13 00:00:00","2023-05-30 00:00:00"
"5366","54","2393.00","2023-01-03 00:00:00","2023-01-23 00:00:00"
"5367","54","3596.00","2023-11-22 00:00:00","2023-12-04 00:00:00"
"5368","54","18792.00","2023-06-17 00:00:00","2023-07-11 00:00:00"
"5369","54","9494.00","2023-04-03 00:00:00","2023-04-19 00:00:00"
"5370","54","28891.00","2023-02-13 00:00:00","2023-03-07 00:00:00"
"5371","54","16028.00","2023-02-25 00:00:00","2023-02-25 00:00:00"
"5372","54","912.00","2023-07-14 00:00:00","2023-07-25 00:00:00"
"5373","54","1230.00","2023-09-24 00:00:00","2023-09-29 00:00:00"
"5374","54","750.00","2023-06-27 00:00:00","2023-07-04 00:00:00"
"5375","54","553.00","2023-05-23 00:00:00","2023-06-18 00:00:00"
"5376","54","14561.00","2023-01-16 00:00:00","2023-01-19 00:00:00"
"5377","54","641.00","2023-09-21 00:00:00","2023-10-12 00:00:00"
"5378","54","3246.00","2023-06-28 00:00:00","2023-07-18 00:00:00"
"5379","54","19609.00","2023-10-25 00:00:00","2023-11-06 00:00:00"
"5380","54","16794.00","2023-09-02 00:00:00","2023-09-09 00:00:00"
"5381","54","26105.00","2023-12-04 00:00:00","2023-12-13 00:00:00"
"5382","54","46220.00","2023-08-29 00:00:00","2023-08-29 00:00:00"
"5383","54","11180.00","2023-11-18 00:00:00","2023-12-07 00:00:00"
"5384","54","1803.00","2023-05-24 00:00:00","2023-06-22 00:00:00"
"5385","54","1071.00","2023-09-01 00:00:00","2023-09-20 00:00:00"
"5386","54","32761.00","2023-06-10 00:00:00","2023-06-28 00:00:00"
"5387","54","20735.00","2023-11-11 00:00:00","2023-12-09 00:00:00"
"5388","54","30322.00","2023-11-25 00:00:00","2023-12-02 00:00:00"
"5389","54","28146.00","2023-12-25 00:00:00","2024-01-08 00:00:00"
"5390","54","3977.00","2023-11-19 00:00:00","2023-11-19 00:00:00"
"5391","54","45622.00","2023-02-05 00:00:00","2023-02-28 00:00:00"
"5392","54","1300.00","2023-07-23 00:00:00","2023-07-25 00:00:00"
"5393","54","53383.00","2023-12-25 00:00:00","2024-01-17 00:00:00"
"5394","54","402.00","2023-10-22 00:00:00","2023-11-06 00:00:00"
"5395","54","4421.00","2023-07-25 00:00:00","2023-08-07 00:00:00"
"5396","54","18229.00","2023-03-30 00:00:00","2023-04-12 00:00:00"
"5397","54","6971.00","2023-03-15 00:00:00","2023-03-18 00:00:00"
"5398","54","178.00","2023-06-28 00:00:00","2023-07-16 00:00:00"
"5399","54","53170.00","2023-03-24 00:00:00","2023-04-20 00:00:00"
"5400","54","813.00","2023-07-12 00:00:00","2023-07-18 00:00:00"
"5401","55","16057.00","2023-03-03 00:00:00","2023-03-07 00:00:00"
"5402","55","63050.00","2023-07-23 00:00:00","2023-07-29 00:00:00"
"5403","55","7175.00","2023-02-12 00:00:00","2023-03-01 00:00:00"
"5404","55","32694.00","2023-10-07 00:00:00","2023-11-01 00:00:00"
"5405","55","77551.00","2023-11-13 00:00:00","2023-11-24 00:00:00"
"5406","55","9874.00","2023-01-22 00:00:00","2023-02-13 00:00:00"
"5407","55","28492.00","2023-09-17 00:00:00","2023-09-29 00:00:00"
"5408","55","56287.00","2023-04-18 00:00:00","2023-04-22 00:00:00"
"5409","55","843.00","2023-11-28 00:00:00","2023-11-30 00:00:00"
"5410","55","6347.00","2023-10-11 00:00:00","2023-10-17 00:00:00"
"5411","55","180.00","2023-12-20 00:00:00","2024-01-17 00:00:00"
"5412","55","3576.00","2023-11-23 00:00:00","2023-11-26 00:00:00"
"5413","55","24320.00","2023-08-29 00:00:00","2023-09-05 00:00:00"
"5414","55","1127.00","2023-05-25 00:00:00","2023-05-26 00:00:00"
"5415","55","22130.00","2023-12-25 00:00:00","2024-01-17 00:00:00"
"5416","55","47355.00","2023-01-29 00:00:00","2023-02-19 00:00:00"
"5417","55","1233.00","2023-06-15 00:00:00","2023-06-30 00:00:00"
"5418","55","48093.00","2023-09-06 00:00:00","2023-09-17 00:00:00"
"5419","55","32291.00","2023-11-12 00:00:00","2023-12-04 00:00:00"
"5420","55","2749.00","2023-10-21 00:00:00","2023-11-11 00:00:00"
"5421","55","36172.00","2023-11-15 00:00:00","2023-11-27 00:00:00"
"5422","55","777.00","2023-02-04 00:00:00","2023-02-17 00:00:00"
"5423","55","2129.00","2023-07-21 00:00:00","2023-07-23 00:00:00"
"5424","55","4117.00","2023-02-17 00:00:00","2023-03-14 00:00:00"
"5425","55","61119.00","2023-11-25 00:00:00","2023-12-12 00:00:00"
"5426","55","719.00","2023-07-19 00:00:00","2023-08-10 00:00:00"
"5427","55","28292.00","2023-03-22 00:00:00","2023-04-11 00:00:00"
"5428","55","5170.00","2023-06-16 00:00:00","2023-06-23 00:00:00"
"5429","55","22526.00","2023-05-23 00:00:00","2023-06-18 00:00:00"
"5430","55","12707.00","2023-01-05 00:00:00","2023-01-20 00:00:00"
"5431","55","14117.00","2023-06-27 00:00:00","2023-07-06 00:00:00"
"5432","55","38290.00","2023-11-21 00:00:00","2023-12-16 00:00:00"
"5433","55","3043.00","2023-06-08 00:00:00","2023-06-19 00:00:00"
"5434","55","199.00","2023-10-28 00:00:00","2023-11-12 00:00:00"
"5435","55","49285.00","2023-10-12 00:00:00","2023-10-31 00:00:00"
"5436","55","9860.00","2023-03-08 00:00:00","2023-03-26 00:00:00"
"5437","55","35326.00","2023-08-11 00:00:00","2023-08-30 00:00:00"
"5438","55","152.00","2023-07-15 00:00:00","2023-08-09 00:00:00"
"5439","55","32356.00","2023-12-11 00:00:00","2023-12-28 00:00:00"
"5440","55","12304.00","2023-10-23 00:00:00","2023-11-08 00:00:00"
"5441","55","38739.00","2023-04-17 00:00:00","2023-04-25 00:00:00"
"5442","55","38490.00","2023-06-29 00:00:00","2023-07-25 00:00:00"
"5443","55","1783.00","2023-09-07 00:00:00","2023-09-17 00:00:00"
"5444","55","39553.00","2023-08-10 00:00:00","2023-08-28 00:00:00"
"5445","55","1054.00","2023-03-08 00:00:00","2023-03-19 00:00:00"
"5446","55","21160.00","2023-02-04 00:00:00","2023-02-18 00:00:00"
"5447","55","3246.00","2023-09-01 00:00:00","2023-09-11 00:00:00"
"5448","55","9563.00","2023-01-01 00:00:00","2023-01-19 00:00:00"
"5449","55","15231.00","2023-12-02 00:00:00","2023-12-30 00:00:00"
"5450","55","6017.00","2023-08-01 00:00:00","2023-08-21 00:00:00"
"5451","55","32791.00","2023-08-12 00:00:00","2023-08-26 00:00:00"
"5452","55","35992.00","2023-11-01 00:00:00","2023-11-20 00:00:00"
"5453","55","1254.00","2023-07-19 00:00:00","2023-07-27 00:00:00"
"5454","55","19365.00","2023-04-29 00:00:00","2023-05-02 00:00:00"
"5455","55","7804.00","2023-11-21 00:00:00","2023-12-19 00:00:00"
"5456","55","76.00","2023-04-14 00:00:00","2023-04-18 00:00:00"
"5457","55","2641.00","2023-05-19 00:00:00","2023-06-14 00:00:00"
"5458","55","25996.00","2023-06-28 00:00:00","2023-06-29 00:00:00"
"5459","55","12993.00","2023-01-23 00:00:00","2023-02-21 00:00:00"
"5460","55","837.00","2023-01-30 00:00:00","2023-02-05 00:00:00"
"5461","55","5077.00","2023-04-18 00:00:00","2023-05-12 00:00:00"
"5462","55","19306.00","2023-10-07 00:00:00","2023-10-27 00:00:00"
"5463","55","3271.00","2023-07-05 00:00:00","2023-08-02 00:00:00"
"5464","55","11123.00","2023-09-25 00:00:00","2023-10-23 00:00:00"
"5465","55","9028.00","2023-03-02 00:00:00","2023-03-12 00:00:00"
"5466","55","698.00","2023-01-08 00:00:00","2023-01-20 00:00:00"
"5467","55","202.00","2023-07-28 00:00:00","2023-08-01 00:00:00"
"5468","55","417.00","2023-06-02 00:00:00","2023-07-01 00:00:00"
"5469","55","12431.00","2023-02-23 00:00:00","2023-03-16 00:00:00"
"5470","55","2121.00","2023-12-16 00:00:00","2023-12-29 00:00:00"
"5471","55","5746.00","2023-02-03 00:00:00","2023-02-06 00:00:00"
"5472","55","16997.00","2023-03-03 00:00:00","2023-03-20 00:00:00"
"5473","55","11849.00","2023-09-10 00:00:00","2023-10-04 00:00:00"
"5474","55","711.00","2023-08-24 00:00:00","2023-09-10 00:00:00"
"5475","55","21115.00","2023-03-01 00:00:00","2023-03-09 00:00:00"
"5476","55","13997.00","2023-08-22 00:00:00","2023-09-16 00:00:00"
"5477","55","3985.00","2023-12-04 00:00:00","2023-12-24 00:00:00"
"5478","55","32800.00","2023-10-17 00:00:00","2023-10-23 00:00:00"
"5479","55","3242.00","2023-06-05 00:00:00","2023-06-23 00:00:00"
"5480","55","759.00","2023-03-08 00:00:00","2023-03-21 00:00:00"
"5481","55","436.00","2023-10-20 00:00:00","2023-11-01 00:00:00"
"5482","55","1464.00","2023-12-15 00:00:00","2023-12-29 00:00:00"
"5483","55","44854.00","2023-02-17 00:00:00","2023-02-19 00:00:00"
"5484","55","46290.00","2023-02-28 00:00:00","2023-03-14 00:00:00"
"5485","55","5104.00","2023-06-30 00:00:00","2023-07-15 00:00:00"
"5486","55","2277.00","2023-10-12 00:00:00","2023-10-22 00:00:00"
"5487","55","35074.00","2023-05-13 00:00:00","2023-05-17 00:00:00"
"5488","55","3721.00","2023-06-09 00:00:00","2023-06-14 00:00:00"
"5489","55","1245.00","2023-05-29 00:00:00","2023-06-05 00:00:00"
"5490","55","18685.00","2023-07-09 00:00:00","2023-07-11 00:00:00"
"5491","55","32389.00","2023-06-18 00:00:00","2023-07-07 00:00:00"
"5492","55","38518.00","2023-12-18 00:00:00","2024-01-06 00:00:00"
"5493","55","50334.00","2023-10-10 00:00:00","2023-11-05 00:00:00"
"5494","55","832.00","2023-12-21 00:00:00","2024-01-10 00:00:00"
"5495","55","3894.00","2023-10-17 00:00:00","2023-10-31 00:00:00"
"5496","55","2742.00","2023-01-08 00:00:00","2023-02-05 00:00:00"
"5497","55","1627.00","2023-09-15 00:00:00","2023-09-19 00:00:00"
"5498","55","12502.00","2023-04-16 00:00:00","2023-05-01 00:00:00"
"5499","55","215.00","2023-05-26 00:00:00","2023-06-06 00:00:00"
"5500","55","5051.00","2023-09-27 00:00:00","2023-09-28 00:00:00"
"5501","56","6643.00","2023-06-22 00:00:00","2023-07-14 00:00:00"
"5502","56","7563.00","2023-04-10 00:00:00","2023-05-01 00:00:00"
"5503","56","20025.00","2023-08-15 00:00:00","2023-08-24 00:00:00"
"5504","56","24173.00","2023-02-05 00:00:00","2023-02-18 00:00:00"
"5505","56","20382.00","2023-12-10 00:00:00","2023-12-15 00:00:00"
"5506","56","20713.00","2023-01-02 00:00:00","2023-01-14 00:00:00"
"5507","56","3290.00","2023-05-06 00:00:00","2023-05-18 00:00:00"
"5508","56","10326.00","2023-07-25 00:00:00","2023-07-27 00:00:00"
"5509","56","23091.00","2023-02-08 00:00:00","2023-03-05 00:00:00"
"5510","56","1946.00","2023-10-01 00:00:00","2023-10-10 00:00:00"
"5511","56","34124.00","2023-04-23 00:00:00","2023-04-26 00:00:00"
"5512","56","27402.00","2023-09-28 00:00:00","2023-10-16 00:00:00"
"5513","56","18513.00","2023-04-02 00:00:00","2023-04-30 00:00:00"
"5514","56","1924.00","2023-01-11 00:00:00","2023-01-27 00:00:00"
"5515","56","27054.00","2023-07-09 00:00:00","2023-07-31 00:00:00"
"5516","56","8227.00","2023-01-22 00:00:00","2023-02-12 00:00:00"
"5517","56","467.00","2023-06-14 00:00:00","2023-07-03 00:00:00"
"5518","56","33025.00","2023-03-14 00:00:00","2023-03-26 00:00:00"
"5519","56","22254.00","2023-08-28 00:00:00","2023-09-19 00:00:00"
"5520","56","2499.00","2023-12-17 00:00:00","2024-01-13 00:00:00"
"5521","56","3847.00","2023-05-21 00:00:00","2023-06-19 00:00:00"
"5522","56","14421.00","2023-04-27 00:00:00","2023-05-07 00:00:00"
"5523","56","534.00","2023-01-25 00:00:00","2023-02-17 00:00:00"
"5524","56","474.00","2023-11-22 00:00:00","2023-11-25 00:00:00"
"5525","56","1795.00","2023-06-27 00:00:00","2023-07-25 00:00:00"
"5526","56","894.00","2023-01-18 00:00:00","2023-01-30 00:00:00"
"5527","56","585.00","2023-03-20 00:00:00","2023-04-10 00:00:00"
"5528","56","3070.00","2023-11-23 00:00:00","2023-12-05 00:00:00"
"5529","56","40822.00","2023-11-26 00:00:00","2023-12-01 00:00:00"
"5530","56","4807.00","2023-02-24 00:00:00","2023-03-07 00:00:00"
"5531","56","10294.00","2023-06-09 00:00:00","2023-06-22 00:00:00"
"5532","56","23394.00","2023-05-12 00:00:00","2023-05-22 00:00:00"
"5533","56","26997.00","2023-05-16 00:00:00","2023-05-17 00:00:00"
"5534","56","21630.00","2023-02-24 00:00:00","2023-03-08 00:00:00"
"5535","56","36405.00","2023-10-02 00:00:00","2023-10-12 00:00:00"
"5536","56","567.00","2023-02-15 00:00:00","2023-03-10 00:00:00"
"5537","56","6075.00","2023-04-16 00:00:00","2023-05-04 00:00:00"
"5538","56","7022.00","2023-04-14 00:00:00","2023-04-27 00:00:00"
"5539","56","2834.00","2023-08-18 00:00:00","2023-08-27 00:00:00"
"5540","56","1719.00","2023-10-03 00:00:00","2023-10-20 00:00:00"
"5541","56","36495.00","2023-03-13 00:00:00","2023-03-31 00:00:00"
"5542","56","37232.00","2023-03-22 00:00:00","2023-04-13 00:00:00"
"5543","56","40463.00","2023-10-30 00:00:00","2023-11-05 00:00:00"
"5544","56","54140.00","2023-09-18 00:00:00","2023-10-15 00:00:00"
"5545","56","25238.00","2023-04-19 00:00:00","2023-04-28 00:00:00"
"5546","56","45865.00","2023-05-18 00:00:00","2023-06-15 00:00:00"
"5547","56","23136.00","2023-06-08 00:00:00","2023-07-03 00:00:00"
"5548","56","1204.00","2023-09-06 00:00:00","2023-09-15 00:00:00"
"5549","56","4868.00","2023-05-24 00:00:00","2023-05-25 00:00:00"
"5550","56","69341.00","2023-10-11 00:00:00","2023-10-26 00:00:00"
"5551","56","11819.00","2023-12-23 00:00:00","2024-01-11 00:00:00"
"5552","56","3369.00","2023-07-27 00:00:00","2023-07-28 00:00:00"
"5553","56","13659.00","2023-05-12 00:00:00","2023-06-07 00:00:00"
"5554","56","23888.00","2023-02-21 00:00:00","2023-03-03 00:00:00"
"5555","56","1595.00","2023-02-28 00:00:00","2023-03-05 00:00:00"
"5556","56","27142.00","2023-08-01 00:00:00","2023-08-17 00:00:00"
"5557","56","32454.00","2023-04-30 00:00:00","2023-05-18 00:00:00"
"5558","56","57640.00","2023-03-04 00:00:00","2023-03-16 00:00:00"
"5559","56","35732.00","2023-01-16 00:00:00","2023-01-22 00:00:00"
"5560","56","34584.00","2023-04-05 00:00:00","2023-04-10 00:00:00"
"5561","56","32341.00","2023-10-07 00:00:00","2023-10-29 00:00:00"
"5562","56","562.00","2023-12-18 00:00:00","2023-12-23 00:00:00"
"5563","56","364.00","2023-09-06 00:00:00","2023-09-11 00:00:00"
"5564","56","990.00","2023-02-07 00:00:00","2023-02-07 00:00:00"
"5565","56","19890.00","2023-08-22 00:00:00","2023-08-26 00:00:00"
"5566","56","64252.00","2023-08-24 00:00:00","2023-09-10 00:00:00"
"5567","56","456.00","2023-02-11 00:00:00","2023-03-12 00:00:00"
"5568","56","1406.00","2023-11-03 00:00:00","2023-11-07 00:00:00"
"5569","56","5836.00","2023-04-12 00:00:00","2023-05-06 00:00:00"
"5570","56","47426.00","2023-01-21 00:00:00","2023-02-11 00:00:00"
"5571","56","28841.00","2023-01-07 00:00:00","2023-01-08 00:00:00"
"5572","56","19046.00","2023-05-31 00:00:00","2023-06-02 00:00:00"
"5573","56","3265.00","2023-08-13 00:00:00","2023-09-06 00:00:00"
"5574","56","966.00","2023-10-03 00:00:00","2023-10-24 00:00:00"
"5575","56","1173.00","2023-09-01 00:00:00","2023-09-08 00:00:00"
"5576","56","1377.00","2023-05-29 00:00:00","2023-06-16 00:00:00"
"5577","56","18273.00","2023-04-20 00:00:00","2023-05-07 00:00:00"
"5578","56","18114.00","2023-07-07 00:00:00","2023-07-23 00:00:00"
"5579","56","1078.00","2023-01-12 00:00:00","2023-02-09 00:00:00"
"5580","56","2250.00","2023-05-28 00:00:00","2023-06-14 00:00:00"
"5581","56","40588.00","2023-11-05 00:00:00","2023-11-08 00:00:00"
"5582","56","5476.00","2023-09-06 00:00:00","2023-09-22 00:00:00"
"5583","56","8234.00","2023-02-17 00:00:00","2023-03-08 00:00:00"
"5584","56","2475.00","2023-05-10 00:00:00","2023-06-04 00:00:00"
"5585","56","27180.00","2023-11-01 00:00:00","2023-11-20 00:00:00"
"5586","56","37501.00","2023-02-21 00:00:00","2023-02-26 00:00:00"
"5587","56","20472.00","2023-08-08 00:00:00","2023-09-02 00:00:00"
"5588","56","40748.00","2023-11-22 00:00:00","2023-12-13 00:00:00"
"5589","56","1487.00","2023-02-12 00:00:00","2023-02-17 00:00:00"
"5590","56","3712.00","2023-05-16 00:00:00","2023-05-18 00:00:00"
"5591","56","96279.00","2023-01-27 00:00:00","2023-02-21 00:00:00"
"5592","56","2654.00","2023-01-26 00:00:00","2023-02-10 00:00:00"
"5593","56","27949.00","2023-09-17 00:00:00","2023-09-21 00:00:00"
"5594","56","957.00","2023-05-02 00:00:00","2023-05-17 00:00:00"
"5595","56","40344.00","2023-11-08 00:00:00","2023-11-30 00:00:00"
"5596","56","973.00","2023-10-17 00:00:00","2023-10-17 00:00:00"
"5597","56","12384.00","2023-05-04 00:00:00","2023-05-05 00:00:00"
"5598","56","45308.00","2023-01-02 00:00:00","2023-01-08 00:00:00"
"5599","56","19073.00","2023-03-15 00:00:00","2023-04-03 00:00:00"
"5600","56","3577.00","2023-07-08 00:00:00","2023-07-25 00:00:00"
"5601","57","4126.00","2023-11-12 00:00:00","2023-11-13 00:00:00"
"5602","57","16213.00","2023-04-30 00:00:00","2023-05-11 00:00:00"
"5603","57","9912.00","2023-04-13 00:00:00","2023-05-11 00:00:00"
"5604","57","258.00","2023-05-09 00:00:00","2023-06-04 00:00:00"
"5605","57","67033.00","2023-09-02 00:00:00","2023-09-25 00:00:00"
"5606","57","13355.00","2023-03-21 00:00:00","2023-04-04 00:00:00"
"5607","57","8574.00","2023-11-15 00:00:00","2023-11-29 00:00:00"
"5608","57","29212.00","2023-09-26 00:00:00","2023-09-27 00:00:00"
"5609","57","63186.00","2023-05-24 00:00:00","2023-06-11 00:00:00"
"5610","57","456.00","2023-10-17 00:00:00","2023-11-06 00:00:00"
"5611","57","49138.00","2023-07-06 00:00:00","2023-07-14 00:00:00"
"5612","57","740.00","2023-11-06 00:00:00","2023-11-17 00:00:00"
"5613","57","2710.00","2023-10-05 00:00:00","2023-10-25 00:00:00"
"5614","57","27242.00","2023-11-08 00:00:00","2023-11-12 00:00:00"
"5615","57","3951.00","2023-12-06 00:00:00","2023-12-29 00:00:00"
"5616","57","12996.00","2023-01-21 00:00:00","2023-02-03 00:00:00"
"5617","57","70233.00","2023-04-18 00:00:00","2023-04-20 00:00:00"
"5618","57","12475.00","2023-09-23 00:00:00","2023-10-09 00:00:00"
"5619","57","27740.00","2023-01-15 00:00:00","2023-02-07 00:00:00"
"5620","57","2154.00","2023-05-16 00:00:00","2023-05-20 00:00:00"
"5621","57","1870.00","2023-03-14 00:00:00","2023-03-16 00:00:00"
"5622","57","2388.00","2023-10-31 00:00:00","2023-11-14 00:00:00"
"5623","57","3797.00","2023-02-20 00:00:00","2023-03-09 00:00:00"
"5624","57","31019.00","2023-12-21 00:00:00","2023-12-29 00:00:00"
"5625","57","25477.00","2023-04-15 00:00:00","2023-05-14 00:00:00"
"5626","57","986.00","2023-05-21 00:00:00","2023-05-23 00:00:00"
"5627","57","48413.00","2023-02-12 00:00:00","2023-02-18 00:00:00"
"5628","57","26039.00","2023-04-06 00:00:00","2023-04-12 00:00:00"
"5629","57","16230.00","2023-01-16 00:00:00","2023-02-13 00:00:00"
"5630","57","4394.00","2023-06-02 00:00:00","2023-06-23 00:00:00"
"5631","57","9795.00","2023-09-02 00:00:00","2023-09-09 00:00:00"
"5632","57","248.00","2023-08-13 00:00:00","2023-09-11 00:00:00"
"5633","57","27841.00","2023-08-26 00:00:00","2023-08-28 00:00:00"
"5634","57","691.00","2023-04-18 00:00:00","2023-05-08 00:00:00"
"5635","57","36026.00","2023-03-27 00:00:00","2023-04-15 00:00:00"
"5636","57","1516.00","2023-04-29 00:00:00","2023-05-14 00:00:00"
"5637","57","412.00","2023-12-06 00:00:00","2023-12-16 00:00:00"
"5638","57","6226.00","2023-02-17 00:00:00","2023-03-18 00:00:00"
"5639","57","9533.00","2023-10-27 00:00:00","2023-10-30 00:00:00"
"5640","57","46528.00","2023-03-09 00:00:00","2023-03-28 00:00:00"
"5641","57","465.00","2023-05-16 00:00:00","2023-06-14 00:00:00"
"5642","57","41994.00","2023-06-27 00:00:00","2023-07-18 00:00:00"
"5643","57","24384.00","2023-06-05 00:00:00","2023-06-19 00:00:00"
"5644","57","46894.00","2023-03-06 00:00:00","2023-03-16 00:00:00"
"5645","57","40364.00","2023-12-09 00:00:00","2024-01-01 00:00:00"
"5646","57","6360.00","2023-12-25 00:00:00","2023-12-30 00:00:00"
"5647","57","540.00","2023-04-26 00:00:00","2023-05-02 00:00:00"
"5648","57","42800.00","2023-01-17 00:00:00","2023-01-29 00:00:00"
"5649","57","48451.00","2023-07-19 00:00:00","2023-07-20 00:00:00"
"5650","57","4303.00","2023-06-13 00:00:00","2023-06-23 00:00:00"
"5651","57","38467.00","2023-11-17 00:00:00","2023-12-02 00:00:00"
"5652","57","696.00","2023-01-13 00:00:00","2023-01-25 00:00:00"
"5653","57","3592.00","2023-06-29 00:00:00","2023-07-08 00:00:00"
"5654","57","6542.00","2023-02-01 00:00:00","2023-02-20 00:00:00"
"5655","57","493.00","2023-08-05 00:00:00","2023-08-07 00:00:00"
"5656","57","3095.00","2023-10-03 00:00:00","2023-10-27 00:00:00"
"5657","57","55714.00","2023-01-02 00:00:00","2023-01-27 00:00:00"
"5658","57","40381.00","2023-12-02 00:00:00","2023-12-05 00:00:00"
"5659","57","38128.00","2023-12-26 00:00:00","2024-01-02 00:00:00"
"5660","57","40963.00","2023-04-23 00:00:00","2023-05-10 00:00:00"
"5661","57","992.00","2023-05-27 00:00:00","2023-06-20 00:00:00"
"5662","57","2398.00","2023-03-18 00:00:00","2023-03-30 00:00:00"
"5663","57","93484.00","2023-08-10 00:00:00","2023-08-31 00:00:00"
"5664","57","20501.00","2023-07-26 00:00:00","2023-08-07 00:00:00"
"5665","57","1087.00","2023-01-28 00:00:00","2023-02-18 00:00:00"
"5666","57","1508.00","2023-03-19 00:00:00","2023-04-10 00:00:00"
"5667","57","1717.00","2023-06-06 00:00:00","2023-07-01 00:00:00"
"5668","57","46991.00","2023-12-08 00:00:00","2023-12-24 00:00:00"
"5669","57","1677.00","2023-06-08 00:00:00","2023-06-17 00:00:00"
"5670","57","7075.00","2023-07-07 00:00:00","2023-07-20 00:00:00"
"5671","57","83164.00","2023-12-19 00:00:00","2024-01-10 00:00:00"
"5672","57","1178.00","2023-06-29 00:00:00","2023-07-13 00:00:00"
"5673","57","18566.00","2023-07-08 00:00:00","2023-08-04 00:00:00"
"5674","57","7191.00","2023-01-02 00:00:00","2023-01-27 00:00:00"
"5675","57","40294.00","2023-10-04 00:00:00","2023-10-23 00:00:00"
"5676","57","12490.00","2023-12-28 00:00:00","2024-01-21 00:00:00"
"5677","57","2399.00","2023-10-28 00:00:00","2023-11-01 00:00:00"
"5678","57","17114.00","2023-09-11 00:00:00","2023-10-01 00:00:00"
"5679","57","24950.00","2023-10-19 00:00:00","2023-10-29 00:00:00"
"5680","57","12125.00","2023-01-26 00:00:00","2023-02-23 00:00:00"
"5681","57","1127.00","2023-05-29 00:00:00","2023-06-06 00:00:00"
"5682","57","20559.00","2023-09-12 00:00:00","2023-09-12 00:00:00"
"5683","57","15240.00","2023-10-04 00:00:00","2023-10-14 00:00:00"
"5684","57","16594.00","2023-07-23 00:00:00","2023-08-02 00:00:00"
"5685","57","50483.00","2023-08-09 00:00:00","2023-08-25 00:00:00"
"5686","57","3100.00","2023-01-14 00:00:00","2023-01-23 00:00:00"
"5687","57","3514.00","2023-04-30 00:00:00","2023-05-02 00:00:00"
"5688","57","44024.00","2023-08-15 00:00:00","2023-08-20 00:00:00"
"5689","57","13668.00","2023-10-02 00:00:00","2023-10-30 00:00:00"
"5690","57","3354.00","2023-05-02 00:00:00","2023-05-10 00:00:00"
"5691","57","5339.00","2023-04-19 00:00:00","2023-04-25 00:00:00"
"5692","57","1057.00","2023-11-06 00:00:00","2023-11-23 00:00:00"
"5693","57","118.00","2023-04-04 00:00:00","2023-04-24 00:00:00"
"5694","57","45625.00","2023-06-01 00:00:00","2023-06-09 00:00:00"
"5695","57","2032.00","2023-06-08 00:00:00","2023-06-28 00:00:00"
"5696","57","2092.00","2023-06-19 00:00:00","2023-06-23 00:00:00"
"5697","57","1015.00","2023-10-25 00:00:00","2023-11-07 00:00:00"
"5698","57","2226.00","2023-06-18 00:00:00","2023-06-29 00:00:00"
"5699","57","56472.00","2023-10-03 00:00:00","2023-10-08 00:00:00"
"5700","57","33381.00","2023-09-28 00:00:00","2023-10-04 00:00:00"
"5701","58","51474.00","2023-06-17 00:00:00","2023-06-25 00:00:00"
"5702","58","4584.00","2023-05-24 00:00:00","2023-06-03 00:00:00"
"5703","58","252.00","2023-05-14 00:00:00","2023-05-20 00:00:00"
"5704","58","699.00","2023-03-01 00:00:00","2023-03-24 00:00:00"
"5705","58","255.00","2023-09-10 00:00:00","2023-10-01 00:00:00"
"5706","58","19034.00","2023-03-07 00:00:00","2023-04-04 00:00:00"
"5707","58","917.00","2023-11-01 00:00:00","2023-11-09 00:00:00"
"5708","58","3194.00","2023-10-15 00:00:00","2023-10-18 00:00:00"
"5709","58","11921.00","2023-11-23 00:00:00","2023-12-14 00:00:00"
"5710","58","39052.00","2023-06-30 00:00:00","2023-07-02 00:00:00"
"5711","58","12182.00","2023-06-16 00:00:00","2023-06-28 00:00:00"
"5712","58","14343.00","2023-03-25 00:00:00","2023-03-25 00:00:00"
"5713","58","7489.00","2023-11-29 00:00:00","2023-12-25 00:00:00"
"5714","58","26754.00","2023-05-12 00:00:00","2023-06-09 00:00:00"
"5715","58","3312.00","2023-04-14 00:00:00","2023-05-05 00:00:00"
"5716","58","7771.00","2023-11-19 00:00:00","2023-12-12 00:00:00"
"5717","58","2862.00","2023-03-01 00:00:00","2023-03-17 00:00:00"
"5718","58","32421.00","2023-07-14 00:00:00","2023-07-24 00:00:00"
"5719","58","41343.00","2023-05-12 00:00:00","2023-06-10 00:00:00"
"5720","58","25707.00","2023-11-04 00:00:00","2023-11-13 00:00:00"
"5721","58","419.00","2023-02-02 00:00:00","2023-02-26 00:00:00"
"5722","58","2355.00","2023-01-02 00:00:00","2023-01-24 00:00:00"
"5723","58","31038.00","2023-03-10 00:00:00","2023-04-06 00:00:00"
"5724","58","515.00","2023-12-27 00:00:00","2024-01-05 00:00:00"
"5725","58","10784.00","2023-03-07 00:00:00","2023-03-24 00:00:00"
"5726","58","594.00","2023-10-31 00:00:00","2023-11-10 00:00:00"
"5727","58","1735.00","2023-02-14 00:00:00","2023-02-25 00:00:00"
"5728","58","2123.00","2023-05-29 00:00:00","2023-06-19 00:00:00"
"5729","58","3649.00","2023-09-09 00:00:00","2023-10-05 00:00:00"
"5730","58","19763.00","2023-10-31 00:00:00","2023-11-19 00:00:00"
"5731","58","4987.00","2023-09-05 00:00:00","2023-09-24 00:00:00"
"5732","58","4783.00","2023-06-25 00:00:00","2023-07-18 00:00:00"
"5733","58","3940.00","2023-05-06 00:00:00","2023-05-12 00:00:00"
"5734","58","29726.00","2023-09-30 00:00:00","2023-10-22 00:00:00"
"5735","58","1921.00","2023-06-19 00:00:00","2023-06-24 00:00:00"
"5736","58","52993.00","2023-06-20 00:00:00","2023-06-20 00:00:00"
"5737","58","3259.00","2023-11-08 00:00:00","2023-11-08 00:00:00"
"5738","58","2794.00","2023-06-09 00:00:00","2023-07-04 00:00:00"
"5739","58","9498.00","2023-10-31 00:00:00","2023-11-24 00:00:00"
"5740","58","259.00","2023-04-25 00:00:00","2023-04-30 00:00:00"
"5741","58","4257.00","2023-10-07 00:00:00","2023-10-19 00:00:00"
"5742","58","47158.00","2023-07-13 00:00:00","2023-07-13 00:00:00"
"5743","58","34412.00","2023-09-09 00:00:00","2023-09-27 00:00:00"
"5744","58","38884.00","2023-03-19 00:00:00","2023-04-17 00:00:00"
"5745","58","1982.00","2023-04-29 00:00:00","2023-05-07 00:00:00"
"5746","58","6006.00","2023-01-07 00:00:00","2023-01-26 00:00:00"
"5747","58","21346.00","2023-04-12 00:00:00","2023-05-01 00:00:00"
"5748","58","47964.00","2023-08-19 00:00:00","2023-08-29 00:00:00"
"5749","58","27856.00","2023-12-03 00:00:00","2023-12-10 00:00:00"
"5750","58","394.00","2023-07-18 00:00:00","2023-08-09 00:00:00"
"5751","58","3901.00","2023-05-27 00:00:00","2023-06-18 00:00:00"
"5752","58","390.00","2023-01-01 00:00:00","2023-01-16 00:00:00"
"5753","58","53947.00","2023-11-06 00:00:00","2023-12-01 00:00:00"
"5754","58","38.00","2023-01-18 00:00:00","2023-02-04 00:00:00"
"5755","58","34614.00","2023-10-04 00:00:00","2023-10-31 00:00:00"
"5756","58","8659.00","2023-07-18 00:00:00","2023-07-21 00:00:00"
"5757","58","10283.00","2023-02-09 00:00:00","2023-02-27 00:00:00"
"5758","58","49793.00","2023-01-19 00:00:00","2023-01-21 00:00:00"
"5759","58","41410.00","2023-06-21 00:00:00","2023-07-03 00:00:00"
"5760","58","6980.00","2023-06-27 00:00:00","2023-07-05 00:00:00"
"5761","58","503.00","2023-09-18 00:00:00","2023-09-27 00:00:00"
"5762","58","16241.00","2023-01-28 00:00:00","2023-02-21 00:00:00"
"5763","58","18083.00","2023-03-16 00:00:00","2023-03-28 00:00:00"
"5764","58","46007.00","2023-09-03 00:00:00","2023-09-08 00:00:00"
"5765","58","23125.00","2023-09-18 00:00:00","2023-10-15 00:00:00"
"5766","58","4871.00","2023-10-27 00:00:00","2023-11-10 00:00:00"
"5767","58","447.00","2023-01-30 00:00:00","2023-02-18 00:00:00"
"5768","58","2443.00","2023-12-24 00:00:00","2023-12-24 00:00:00"
"5769","58","293.00","2023-02-11 00:00:00","2023-03-02 00:00:00"
"5770","58","32056.00","2023-09-18 00:00:00","2023-09-25 00:00:00"
"5771","58","1265.00","2023-06-01 00:00:00","2023-06-13 00:00:00"
"5772","58","45253.00","2023-11-03 00:00:00","2023-11-19 00:00:00"
"5773","58","42567.00","2023-08-19 00:00:00","2023-09-14 00:00:00"
"5774","58","3282.00","2023-05-06 00:00:00","2023-05-11 00:00:00"
"5775","58","46317.00","2023-02-19 00:00:00","2023-02-19 00:00:00"
"5776","58","10264.00","2023-06-23 00:00:00","2023-07-15 00:00:00"
"5777","58","47447.00","2023-08-01 00:00:00","2023-08-12 00:00:00"
"5778","58","39011.00","2023-07-04 00:00:00","2023-07-13 00:00:00"
"5779","58","18175.00","2023-03-04 00:00:00","2023-04-01 00:00:00"
"5780","58","31491.00","2023-05-01 00:00:00","2023-05-04 00:00:00"
"5781","58","2304.00","2023-08-16 00:00:00","2023-09-01 00:00:00"
"5782","58","59647.00","2023-11-21 00:00:00","2023-12-16 00:00:00"
"5783","58","2135.00","2023-04-19 00:00:00","2023-05-07 00:00:00"
"5784","58","75976.00","2023-03-20 00:00:00","2023-04-01 00:00:00"
"5785","58","8691.00","2023-06-07 00:00:00","2023-06-18 00:00:00"
"5786","58","11173.00","2023-01-25 00:00:00","2023-01-25 00:00:00"
"5787","58","25291.00","2023-11-15 00:00:00","2023-11-25 00:00:00"
"5788","58","6861.00","2023-03-08 00:00:00","2023-03-13 00:00:00"
"5789","58","3188.00","2023-10-20 00:00:00","2023-10-26 00:00:00"
"5790","58","7613.00","2023-01-16 00:00:00","2023-02-10 00:00:00"
"5791","58","59426.00","2023-03-26 00:00:00","2023-04-16 00:00:00"
"5792","58","87830.00","2023-11-02 00:00:00","2023-11-23 00:00:00"
"5793","58","1067.00","2023-09-12 00:00:00","2023-09-17 00:00:00"
"5794","58","18313.00","2023-12-02 00:00:00","2023-12-20 00:00:00"
"5795","58","4090.00","2023-12-15 00:00:00","2023-12-24 00:00:00"
"5796","58","17392.00","2023-01-15 00:00:00","2023-02-02 00:00:00"
"5797","58","1755.00","2023-07-27 00:00:00","2023-08-08 00:00:00"
"5798","58","18103.00","2023-03-27 00:00:00","2023-03-31 00:00:00"
"5799","58","469.00","2023-01-03 00:00:00","2023-01-09 00:00:00"
"5800","58","32082.00","2023-03-26 00:00:00","2023-03-30 00:00:00"
"5801","59","36670.00","2023-03-06 00:00:00","2023-03-17 00:00:00"
"5802","59","1323.00","2023-09-07 00:00:00","2023-09-16 00:00:00"
"5803","59","1686.00","2023-12-04 00:00:00","2023-12-19 00:00:00"
"5804","59","176.00","2023-04-10 00:00:00","2023-04-10 00:00:00"
"5805","59","723.00","2023-07-20 00:00:00","2023-08-06 00:00:00"
"5806","59","2750.00","2023-02-17 00:00:00","2023-03-13 00:00:00"
"5807","59","345.00","2023-05-26 00:00:00","2023-06-23 00:00:00"
"5808","59","340.00","2023-04-13 00:00:00","2023-04-27 00:00:00"
"5809","59","2916.00","2023-12-05 00:00:00","2023-12-09 00:00:00"
"5810","59","1220.00","2023-06-05 00:00:00","2023-06-08 00:00:00"
"5811","59","10216.00","2023-07-31 00:00:00","2023-08-17 00:00:00"
"5812","59","29123.00","2023-05-15 00:00:00","2023-05-20 00:00:00"
"5813","59","50682.00","2023-01-04 00:00:00","2023-01-17 00:00:00"
"5814","59","322.00","2023-08-11 00:00:00","2023-08-18 00:00:00"
"5815","59","255.00","2023-08-30 00:00:00","2023-09-01 00:00:00"
"5816","59","78463.00","2023-01-07 00:00:00","2023-01-29 00:00:00"
"5817","59","9401.00","2023-11-06 00:00:00","2023-11-19 00:00:00"
"5818","59","22589.00","2023-10-16 00:00:00","2023-11-08 00:00:00"
"5819","59","702.00","2023-04-07 00:00:00","2023-04-26 00:00:00"
"5820","59","35511.00","2023-03-06 00:00:00","2023-03-31 00:00:00"
"5821","59","24065.00","2023-10-23 00:00:00","2023-10-26 00:00:00"
"5822","59","16941.00","2023-04-26 00:00:00","2023-04-30 00:00:00"
"5823","59","18961.00","2023-01-18 00:00:00","2023-01-22 00:00:00"
"5824","59","4153.00","2023-08-18 00:00:00","2023-08-18 00:00:00"
"5825","59","1179.00","2023-12-23 00:00:00","2023-12-26 00:00:00"
"5826","59","11488.00","2023-05-20 00:00:00","2023-06-04 00:00:00"
"5827","59","42065.00","2023-07-29 00:00:00","2023-08-21 00:00:00"
"5828","59","2454.00","2023-09-07 00:00:00","2023-09-15 00:00:00"
"5829","59","5143.00","2023-01-11 00:00:00","2023-01-18 00:00:00"
"5830","59","40691.00","2023-10-18 00:00:00","2023-10-26 00:00:00"
"5831","59","11750.00","2023-11-26 00:00:00","2023-12-16 00:00:00"
"5832","59","1320.00","2023-06-08 00:00:00","2023-07-07 00:00:00"
"5833","59","2366.00","2023-10-11 00:00:00","2023-10-26 00:00:00"
"5834","59","2633.00","2023-03-22 00:00:00","2023-04-10 00:00:00"
"5835","59","6174.00","2023-05-31 00:00:00","2023-06-06 00:00:00"
"5836","59","14746.00","2023-11-22 00:00:00","2023-12-08 00:00:00"
"5837","59","25686.00","2023-01-28 00:00:00","2023-02-04 00:00:00"
"5838","59","3099.00","2023-04-18 00:00:00","2023-05-01 00:00:00"
"5839","59","327.00","2023-02-23 00:00:00","2023-03-18 00:00:00"
"5840","59","3255.00","2023-11-10 00:00:00","2023-11-13 00:00:00"
"5841","59","8429.00","2023-03-11 00:00:00","2023-03-12 00:00:00"
"5842","59","2586.00","2023-08-01 00:00:00","2023-08-27 00:00:00"
"5843","59","16146.00","2023-06-24 00:00:00","2023-07-21 00:00:00"
"5844","59","593.00","2023-01-30 00:00:00","2023-02-17 00:00:00"
"5845","59","43126.00","2023-09-25 00:00:00","2023-10-14 00:00:00"
"5846","59","6976.00","2023-08-16 00:00:00","2023-09-04 00:00:00"
"5847","59","35471.00","2023-11-26 00:00:00","2023-12-03 00:00:00"
"5848","59","34150.00","2023-07-21 00:00:00","2023-07-28 00:00:00"
"5849","59","42732.00","2023-11-24 00:00:00","2023-12-03 00:00:00"
"5850","59","7668.00","2023-11-02 00:00:00","2023-11-06 00:00:00"
"5851","59","23514.00","2023-02-15 00:00:00","2023-02-19 00:00:00"
"5852","59","28586.00","2023-06-04 00:00:00","2023-06-19 00:00:00"
"5853","59","933.00","2023-06-08 00:00:00","2023-06-11 00:00:00"
"5854","59","705.00","2023-05-09 00:00:00","2023-06-05 00:00:00"
"5855","59","52350.00","2023-08-26 00:00:00","2023-08-27 00:00:00"
"5856","59","36345.00","2023-02-23 00:00:00","2023-02-26 00:00:00"
"5857","59","109.00","2023-01-24 00:00:00","2023-02-03 00:00:00"
"5858","59","3303.00","2023-11-05 00:00:00","2023-11-10 00:00:00"
"5859","59","45845.00","2023-10-25 00:00:00","2023-11-18 00:00:00"
"5860","59","2159.00","2023-05-02 00:00:00","2023-05-18 00:00:00"
"5861","59","5063.00","2023-11-22 00:00:00","2023-12-04 00:00:00"
"5862","59","71992.00","2023-12-29 00:00:00","2024-01-21 00:00:00"
"5863","59","2570.00","2023-10-29 00:00:00","2023-11-05 00:00:00"
"5864","59","18596.00","2023-07-24 00:00:00","2023-08-11 00:00:00"
"5865","59","625.00","2023-08-20 00:00:00","2023-08-21 00:00:00"
"5866","59","318.00","2023-03-22 00:00:00","2023-03-29 00:00:00"
"5867","59","2333.00","2023-04-27 00:00:00","2023-04-28 00:00:00"
"5868","59","36070.00","2023-08-21 00:00:00","2023-09-11 00:00:00"
"5869","59","3695.00","2023-10-05 00:00:00","2023-10-20 00:00:00"
"5870","59","1840.00","2023-06-28 00:00:00","2023-07-12 00:00:00"
"5871","59","678.00","2023-10-11 00:00:00","2023-10-29 00:00:00"
"5872","59","7691.00","2023-09-20 00:00:00","2023-09-25 00:00:00"
"5873","59","17572.00","2023-04-19 00:00:00","2023-05-05 00:00:00"
"5874","59","28780.00","2023-09-29 00:00:00","2023-10-14 00:00:00"
"5875","59","3312.00","2023-03-24 00:00:00","2023-04-09 00:00:00"
"5876","59","34489.00","2023-09-18 00:00:00","2023-10-14 00:00:00"
"5877","59","226.00","2023-02-07 00:00:00","2023-02-13 00:00:00"
"5878","59","16363.00","2023-10-12 00:00:00","2023-10-26 00:00:00"
"5879","59","14685.00","2023-01-14 00:00:00","2023-02-06 00:00:00"
"5880","59","3841.00","2023-09-13 00:00:00","2023-09-19 00:00:00"
"5881","59","864.00","2023-09-14 00:00:00","2023-09-30 00:00:00"
"5882","59","30124.00","2023-08-03 00:00:00","2023-08-08 00:00:00"
"5883","59","24572.00","2023-06-15 00:00:00","2023-07-08 00:00:00"
"5884","59","1050.00","2023-08-17 00:00:00","2023-09-03 00:00:00"
"5885","59","20683.00","2023-04-12 00:00:00","2023-04-30 00:00:00"
"5886","59","453.00","2023-02-12 00:00:00","2023-02-22 00:00:00"
"5887","59","21264.00","2023-02-07 00:00:00","2023-03-04 00:00:00"
"5888","59","19881.00","2023-01-08 00:00:00","2023-01-27 00:00:00"
"5889","59","831.00","2023-01-18 00:00:00","2023-01-30 00:00:00"
"5890","59","18544.00","2023-04-05 00:00:00","2023-04-11 00:00:00"
"5891","59","45571.00","2023-04-03 00:00:00","2023-04-15 00:00:00"
"5892","59","2231.00","2023-09-15 00:00:00","2023-10-01 00:00:00"
"5893","59","50077.00","2023-12-11 00:00:00","2023-12-15 00:00:00"
"5894","59","51021.00","2023-02-21 00:00:00","2023-02-21 00:00:00"
"5895","59","35463.00","2023-08-07 00:00:00","2023-08-31 00:00:00"
"5896","59","205.00","2023-02-15 00:00:00","2023-02-20 00:00:00"
"5897","59","37777.00","2023-05-04 00:00:00","2023-05-25 00:00:00"
"5898","59","404.00","2023-05-29 00:00:00","2023-06-04 00:00:00"
"5899","59","9056.00","2023-01-16 00:00:00","2023-02-03 00:00:00"
"5900","59","16137.00","2023-07-11 00:00:00","2023-07-19 00:00:00"
"5901","60","12258.00","2023-06-14 00:00:00","2023-06-24 00:00:00"
"5902","60","35141.00","2023-03-07 00:00:00","2023-03-08 00:00:00"
"5903","60","32365.00","2023-09-29 00:00:00","2023-10-19 00:00:00"
"5904","60","6789.00","2023-05-28 00:00:00","2023-06-11 00:00:00"
"5905","60","38476.00","2023-10-02 00:00:00","2023-10-26 00:00:00"
"5906","60","19573.00","2023-07-28 00:00:00","2023-08-23 00:00:00"
"5907","60","39490.00","2023-04-08 00:00:00","2023-04-08 00:00:00"
"5908","60","1428.00","2023-10-17 00:00:00","2023-10-25 00:00:00"
"5909","60","1607.00","2023-09-13 00:00:00","2023-09-15 00:00:00"
"5910","60","32560.00","2023-05-13 00:00:00","2023-05-13 00:00:00"
"5911","60","1700.00","2023-10-25 00:00:00","2023-11-05 00:00:00"
"5912","60","836.00","2023-10-13 00:00:00","2023-10-26 00:00:00"
"5913","60","4275.00","2023-07-13 00:00:00","2023-07-16 00:00:00"
"5914","60","501.00","2023-01-14 00:00:00","2023-01-25 00:00:00"
"5915","60","36446.00","2023-05-25 00:00:00","2023-05-25 00:00:00"
"5916","60","16849.00","2023-06-03 00:00:00","2023-06-25 00:00:00"
"5917","60","1343.00","2023-03-09 00:00:00","2023-03-11 00:00:00"
"5918","60","15803.00","2023-11-04 00:00:00","2023-11-13 00:00:00"
"5919","60","802.00","2023-12-07 00:00:00","2023-12-28 00:00:00"
"5920","60","37275.00","2023-12-23 00:00:00","2024-01-16 00:00:00"
"5921","60","31048.00","2023-02-24 00:00:00","2023-03-14 00:00:00"
"5922","60","1118.00","2023-10-19 00:00:00","2023-11-10 00:00:00"
"5923","60","30745.00","2023-10-25 00:00:00","2023-11-13 00:00:00"
"5924","60","9741.00","2023-12-27 00:00:00","2023-12-29 00:00:00"
"5925","60","54778.00","2023-06-26 00:00:00","2023-07-05 00:00:00"
"5926","60","3840.00","2023-08-29 00:00:00","2023-08-30 00:00:00"
"5927","60","3275.00","2023-01-01 00:00:00","2023-01-26 00:00:00"
"5928","60","19496.00","2023-07-10 00:00:00","2023-08-02 00:00:00"
"5929","60","3294.00","2023-09-22 00:00:00","2023-10-02 00:00:00"
"5930","60","39137.00","2023-08-30 00:00:00","2023-09-12 00:00:00"
"5931","60","21799.00","2023-06-02 00:00:00","2023-06-29 00:00:00"
"5932","60","1161.00","2023-09-05 00:00:00","2023-09-10 00:00:00"
"5933","60","875.00","2023-03-10 00:00:00","2023-04-03 00:00:00"
"5934","60","1098.00","2023-08-08 00:00:00","2023-08-11 00:00:00"
"5935","60","531.00","2023-11-13 00:00:00","2023-11-23 00:00:00"
"5936","60","3632.00","2023-09-08 00:00:00","2023-09-23 00:00:00"
"5937","60","23380.00","2023-05-13 00:00:00","2023-05-25 00:00:00"
"5938","60","245.00","2023-07-02 00:00:00","2023-07-25 00:00:00"
"5939","60","2972.00","2023-03-06 00:00:00","2023-03-23 00:00:00"
"5940","60","22551.00","2023-02-17 00:00:00","2023-03-15 00:00:00"
"5941","60","18650.00","2023-11-25 00:00:00","2023-12-17 00:00:00"
"5942","60","1864.00","2023-10-09 00:00:00","2023-10-13 00:00:00"
"5943","60","2533.00","2023-07-25 00:00:00","2023-08-21 00:00:00"
"5944","60","4774.00","2023-11-30 00:00:00","2023-12-19 00:00:00"
"5945","60","3809.00","2023-05-02 00:00:00","2023-05-09 00:00:00"
"5946","60","617.00","2023-12-21 00:00:00","2024-01-09 00:00:00"
"5947","60","603.00","2023-09-06 00:00:00","2023-09-20 00:00:00"
"5948","60","6677.00","2023-05-30 00:00:00","2023-06-06 00:00:00"
"5949","60","18694.00","2023-05-17 00:00:00","2023-06-07 00:00:00"
"5950","60","1642.00","2023-07-23 00:00:00","2023-08-13 00:00:00"
"5951","60","2485.00","2023-05-22 00:00:00","2023-05-25 00:00:00"
"5952","60","27994.00","2023-08-31 00:00:00","2023-09-09 00:00:00"
"5953","60","17032.00","2023-02-09 00:00:00","2023-03-04 00:00:00"
"5954","60","482.00","2023-11-14 00:00:00","2023-11-26 00:00:00"
"5955","60","9711.00","2023-08-07 00:00:00","2023-08-21 00:00:00"
"5956","60","17708.00","2023-04-09 00:00:00","2023-04-15 00:00:00"
"5957","60","881.00","2023-09-08 00:00:00","2023-09-09 00:00:00"
"5958","60","3048.00","2023-07-24 00:00:00","2023-08-04 00:00:00"
"5959","60","26394.00","2023-07-04 00:00:00","2023-07-16 00:00:00"
"5960","60","283.00","2023-04-11 00:00:00","2023-04-27 00:00:00"
"5961","60","21016.00","2023-05-10 00:00:00","2023-05-29 00:00:00"
"5962","60","15867.00","2023-09-06 00:00:00","2023-09-12 00:00:00"
"5963","60","136.00","2023-10-02 00:00:00","2023-10-17 00:00:00"
"5964","60","1488.00","2023-08-27 00:00:00","2023-09-18 00:00:00"
"5965","60","1063.00","2023-10-04 00:00:00","2023-10-21 00:00:00"
"5966","60","1014.00","2023-05-13 00:00:00","2023-05-21 00:00:00"
"5967","60","6480.00","2023-11-01 00:00:00","2023-11-12 00:00:00"
"5968","60","12812.00","2023-06-24 00:00:00","2023-07-13 00:00:00"
"5969","60","15714.00","2023-08-27 00:00:00","2023-09-05 00:00:00"
"5970","60","14093.00","2023-05-12 00:00:00","2023-05-14 00:00:00"
"5971","60","236.00","2023-05-04 00:00:00","2023-05-19 00:00:00"
"5972","60","10638.00","2023-03-25 00:00:00","2023-04-02 00:00:00"
"5973","60","2913.00","2023-07-01 00:00:00","2023-07-30 00:00:00"
"5974","60","2047.00","2023-06-16 00:00:00","2023-07-01 00:00:00"
"5975","60","18427.00","2023-02-15 00:00:00","2023-03-07 00:00:00"
"5976","60","4390.00","2023-10-09 00:00:00","2023-10-17 00:00:00"
"5977","60","18035.00","2023-12-29 00:00:00","2024-01-20 00:00:00"
"5978","60","694.00","2023-03-13 00:00:00","2023-03-15 00:00:00"
"5979","60","46698.00","2023-09-28 00:00:00","2023-10-23 00:00:00"
"5980","60","5410.00","2023-08-20 00:00:00","2023-09-08 00:00:00"
"5981","60","5070.00","2023-11-21 00:00:00","2023-11-27 00:00:00"
"5982","60","11547.00","2023-12-23 00:00:00","2023-12-29 00:00:00"
"5983","60","10466.00","2023-09-22 00:00:00","2023-10-16 00:00:00"
"5984","60","333.00","2023-10-18 00:00:00","2023-10-31 00:00:00"
"5985","60","1175.00","2023-08-27 00:00:00","2023-09-24 00:00:00"
"5986","60","16355.00","2023-01-28 00:00:00","2023-02-11 00:00:00"
"5987","60","38650.00","2023-05-29 00:00:00","2023-05-30 00:00:00"
"5988","60","23672.00","2023-06-13 00:00:00","2023-06-13 00:00:00"
"5989","60","2644.00","2023-05-06 00:00:00","2023-05-07 00:00:00"
"5990","60","27541.00","2023-06-16 00:00:00","2023-06-19 00:00:00"
"5991","60","1711.00","2023-05-20 00:00:00","2023-06-02 00:00:00"
"5992","60","740.00","2023-11-30 00:00:00","2023-12-05 00:00:00"
"5993","60","37081.00","2023-08-13 00:00:00","2023-09-06 00:00:00"
"5994","60","21280.00","2023-04-08 00:00:00","2023-04-10 00:00:00"
"5995","60","18787.00","2023-11-24 00:00:00","2023-12-06 00:00:00"
"5996","60","1035.00","2023-06-08 00:00:00","2023-06-24 00:00:00"
"5997","60","21115.00","2023-10-12 00:00:00","2023-11-03 00:00:00"
"5998","60","25313.00","2023-04-14 00:00:00","2023-05-06 00:00:00"
"5999","60","16639.00","2023-06-10 00:00:00","2023-06-11 00:00:00"
"6000","60","175.00","2023-12-03 00:00:00","2023-12-08 00:00:00"
"6001","61","28164.00","2023-06-09 00:00:00","2023-06-28 00:00:00"
"6002","61","15351.00","2023-03-11 00:00:00","2023-03-23 00:00:00"
"6003","61","30197.00","2023-01-30 00:00:00","2023-02-03 00:00:00"
"6004","61","44860.00","2023-10-06 00:00:00","2023-10-22 00:00:00"
"6005","61","736.00","2023-11-29 00:00:00","2023-12-12 00:00:00"
"6006","61","482.00","2023-03-21 00:00:00","2023-03-31 00:00:00"
"6007","61","1168.00","2023-04-20 00:00:00","2023-04-21 00:00:00"
"6008","61","1088.00","2023-04-04 00:00:00","2023-04-21 00:00:00"
"6009","61","35690.00","2023-10-02 00:00:00","2023-10-07 00:00:00"
"6010","61","27341.00","2023-03-12 00:00:00","2023-03-25 00:00:00"
"6011","61","1595.00","2023-10-22 00:00:00","2023-11-04 00:00:00"
"6012","61","1894.00","2023-10-27 00:00:00","2023-11-15 00:00:00"
"6013","61","37631.00","2023-07-03 00:00:00","2023-08-01 00:00:00"
"6014","61","44992.00","2023-06-03 00:00:00","2023-06-12 00:00:00"
"6015","61","3735.00","2023-07-12 00:00:00","2023-08-07 00:00:00"
"6016","61","3054.00","2023-03-18 00:00:00","2023-03-26 00:00:00"
"6017","61","2156.00","2023-11-09 00:00:00","2023-12-01 00:00:00"
"6018","61","31191.00","2023-05-02 00:00:00","2023-05-26 00:00:00"
"6019","61","51588.00","2023-10-23 00:00:00","2023-11-03 00:00:00"
"6020","61","356.00","2023-01-23 00:00:00","2023-02-06 00:00:00"
"6021","61","30589.00","2023-01-27 00:00:00","2023-01-29 00:00:00"
"6022","61","9620.00","2023-03-07 00:00:00","2023-03-29 00:00:00"
"6023","61","20055.00","2023-02-06 00:00:00","2023-03-06 00:00:00"
"6024","61","45833.00","2023-01-31 00:00:00","2023-02-02 00:00:00"
"6025","61","3363.00","2023-07-04 00:00:00","2023-07-25 00:00:00"
"6026","61","9002.00","2023-07-16 00:00:00","2023-08-14 00:00:00"
"6027","61","2483.00","2023-06-22 00:00:00","2023-06-26 00:00:00"
"6028","61","2602.00","2023-11-20 00:00:00","2023-12-17 00:00:00"
"6029","61","18082.00","2023-10-08 00:00:00","2023-10-13 00:00:00"
"6030","61","35014.00","2023-03-08 00:00:00","2023-04-03 00:00:00"
"6031","61","12130.00","2023-09-19 00:00:00","2023-10-06 00:00:00"
"6032","61","36908.00","2023-12-13 00:00:00","2023-12-23 00:00:00"
"6033","61","30800.00","2023-01-26 00:00:00","2023-01-29 00:00:00"
"6034","61","4299.00","2023-01-31 00:00:00","2023-02-26 00:00:00"
"6035","61","24490.00","2023-04-23 00:00:00","2023-05-20 00:00:00"
"6036","61","2862.00","2023-07-24 00:00:00","2023-08-17 00:00:00"
"6037","61","7134.00","2023-09-14 00:00:00","2023-10-12 00:00:00"
"6038","61","14393.00","2023-09-27 00:00:00","2023-10-01 00:00:00"
"6039","61","4054.00","2023-10-27 00:00:00","2023-11-21 00:00:00"
"6040","61","768.00","2023-04-18 00:00:00","2023-04-24 00:00:00"
"6041","61","267.00","2023-05-10 00:00:00","2023-05-17 00:00:00"
"6042","61","380.00","2023-01-27 00:00:00","2023-02-22 00:00:00"
"6043","61","3613.00","2023-10-23 00:00:00","2023-10-31 00:00:00"
"6044","61","432.00","2023-04-30 00:00:00","2023-05-24 00:00:00"
"6045","61","44993.00","2023-06-30 00:00:00","2023-07-04 00:00:00"
"6046","61","265.00","2023-10-31 00:00:00","2023-11-13 00:00:00"
"6047","61","16403.00","2023-05-16 00:00:00","2023-05-23 00:00:00"
"6048","61","203.00","2023-06-12 00:00:00","2023-06-20 00:00:00"
"6049","61","3973.00","2023-08-29 00:00:00","2023-09-14 00:00:00"
"6050","61","1245.00","2023-03-17 00:00:00","2023-04-12 00:00:00"
"6051","61","34053.00","2023-06-07 00:00:00","2023-06-10 00:00:00"
"6052","61","46006.00","2023-07-23 00:00:00","2023-08-12 00:00:00"
"6053","61","22119.00","2023-12-16 00:00:00","2023-12-19 00:00:00"
"6054","61","24024.00","2023-02-21 00:00:00","2023-03-05 00:00:00"
"6055","61","5510.00","2023-10-18 00:00:00","2023-10-31 00:00:00"
"6056","61","1373.00","2023-05-25 00:00:00","2023-05-28 00:00:00"
"6057","61","18852.00","2023-08-04 00:00:00","2023-08-10 00:00:00"
"6058","61","1889.00","2023-04-15 00:00:00","2023-05-09 00:00:00"
"6059","61","40829.00","2023-02-06 00:00:00","2023-02-23 00:00:00"
"6060","61","27349.00","2023-03-20 00:00:00","2023-04-01 00:00:00"
"6061","61","14136.00","2023-11-15 00:00:00","2023-12-01 00:00:00"
"6062","61","34934.00","2023-04-23 00:00:00","2023-05-15 00:00:00"
"6063","61","465.00","2023-11-03 00:00:00","2023-12-02 00:00:00"
"6064","61","2097.00","2023-07-09 00:00:00","2023-07-10 00:00:00"
"6065","61","18195.00","2023-03-13 00:00:00","2023-03-26 00:00:00"
"6066","61","11096.00","2023-12-08 00:00:00","2024-01-03 00:00:00"
"6067","61","1210.00","2023-09-21 00:00:00","2023-10-14 00:00:00"
"6068","61","1266.00","2023-12-28 00:00:00","2024-01-02 00:00:00"
"6069","61","38141.00","2023-07-23 00:00:00","2023-08-07 00:00:00"
"6070","61","583.00","2023-05-31 00:00:00","2023-06-02 00:00:00"
"6071","61","3296.00","2023-09-12 00:00:00","2023-09-19 00:00:00"
"6072","61","851.00","2023-12-30 00:00:00","2024-01-15 00:00:00"
"6073","61","24794.00","2023-05-19 00:00:00","2023-05-24 00:00:00"
"6074","61","8475.00","2023-03-28 00:00:00","2023-04-01 00:00:00"
"6075","61","6264.00","2023-07-06 00:00:00","2023-07-14 00:00:00"
"6076","61","18571.00","2023-05-15 00:00:00","2023-05-16 00:00:00"
"6077","61","19167.00","2023-10-09 00:00:00","2023-10-17 00:00:00"
"6078","61","855.00","2023-05-12 00:00:00","2023-06-10 00:00:00"
"6079","61","3992.00","2023-01-28 00:00:00","2023-02-13 00:00:00"
"6080","61","25211.00","2023-12-04 00:00:00","2023-12-04 00:00:00"
"6081","61","12067.00","2023-08-12 00:00:00","2023-08-14 00:00:00"
"6082","61","2934.00","2023-09-02 00:00:00","2023-09-27 00:00:00"
"6083","61","1085.00","2023-01-06 00:00:00","2023-02-02 00:00:00"
"6084","61","942.00","2023-04-06 00:00:00","2023-04-20 00:00:00"
"6085","61","944.00","2023-10-15 00:00:00","2023-11-07 00:00:00"
"6086","61","9054.00","2023-05-23 00:00:00","2023-06-12 00:00:00"
"6087","61","45124.00","2023-02-24 00:00:00","2023-03-19 00:00:00"
"6088","61","3093.00","2023-03-15 00:00:00","2023-04-02 00:00:00"
"6089","61","3344.00","2023-10-26 00:00:00","2023-11-15 00:00:00"
"6090","61","16322.00","2023-10-19 00:00:00","2023-10-24 00:00:00"
"6091","61","24294.00","2023-12-25 00:00:00","2024-01-18 00:00:00"
"6092","61","693.00","2023-12-26 00:00:00","2024-01-08 00:00:00"
"6093","61","5128.00","2023-10-20 00:00:00","2023-11-05 00:00:00"
"6094","61","12750.00","2023-10-24 00:00:00","2023-11-20 00:00:00"
"6095","61","36251.00","2023-09-20 00:00:00","2023-09-27 00:00:00"
"6096","61","56087.00","2023-04-26 00:00:00","2023-05-15 00:00:00"
"6097","61","1342.00","2023-11-24 00:00:00","2023-12-14 00:00:00"
"6098","61","2844.00","2023-02-14 00:00:00","2023-03-15 00:00:00"
"6099","61","28918.00","2023-04-22 00:00:00","2023-04-23 00:00:00"
"6100","61","48948.00","2023-03-03 00:00:00","2023-03-18 00:00:00"
"6101","62","1805.00","2023-12-18 00:00:00","2023-12-30 00:00:00"
"6102","62","48990.00","2023-05-08 00:00:00","2023-05-08 00:00:00"
"6103","62","774.00","2023-01-21 00:00:00","2023-02-02 00:00:00"
"6104","62","30160.00","2023-05-10 00:00:00","2023-05-16 00:00:00"
"6105","62","9098.00","2023-06-16 00:00:00","2023-07-14 00:00:00"
"6106","62","37574.00","2023-12-10 00:00:00","2024-01-02 00:00:00"
"6107","62","12146.00","2023-12-12 00:00:00","2023-12-30 00:00:00"
"6108","62","46492.00","2023-07-20 00:00:00","2023-07-31 00:00:00"
"6109","62","274.00","2023-02-25 00:00:00","2023-03-05 00:00:00"
"6110","62","245.00","2023-02-22 00:00:00","2023-02-22 00:00:00"
"6111","62","276.00","2023-01-30 00:00:00","2023-02-08 00:00:00"
"6112","62","1393.00","2023-11-06 00:00:00","2023-11-25 00:00:00"
"6113","62","1801.00","2023-01-09 00:00:00","2023-01-20 00:00:00"
"6114","62","1213.00","2023-08-28 00:00:00","2023-09-02 00:00:00"
"6115","62","885.00","2023-04-12 00:00:00","2023-05-10 00:00:00"
"6116","62","47016.00","2023-07-05 00:00:00","2023-07-21 00:00:00"
"6117","62","16539.00","2023-05-05 00:00:00","2023-05-18 00:00:00"
"6118","62","13492.00","2023-07-25 00:00:00","2023-07-26 00:00:00"
"6119","62","1270.00","2023-09-04 00:00:00","2023-10-03 00:00:00"
"6120","62","2348.00","2023-05-10 00:00:00","2023-05-23 00:00:00"
"6121","62","24894.00","2023-06-08 00:00:00","2023-07-05 00:00:00"
"6122","62","10681.00","2023-06-17 00:00:00","2023-07-16 00:00:00"
"6123","62","673.00","2023-12-04 00:00:00","2023-12-16 00:00:00"
"6124","62","37785.00","2023-06-08 00:00:00","2023-06-27 00:00:00"
"6125","62","415.00","2023-09-17 00:00:00","2023-09-30 00:00:00"
"6126","62","2110.00","2023-11-19 00:00:00","2023-11-23 00:00:00"
"6127","62","24730.00","2023-07-06 00:00:00","2023-07-08 00:00:00"
"6128","62","4149.00","2023-09-01 00:00:00","2023-09-01 00:00:00"
"6129","62","424.00","2023-04-28 00:00:00","2023-05-07 00:00:00"
"6130","62","30779.00","2023-11-29 00:00:00","2023-12-01 00:00:00"
"6131","62","32794.00","2023-04-10 00:00:00","2023-04-25 00:00:00"
"6132","62","41995.00","2023-06-09 00:00:00","2023-06-20 00:00:00"
"6133","62","2994.00","2023-04-06 00:00:00","2023-04-09 00:00:00"
"6134","62","20095.00","2023-07-09 00:00:00","2023-07-28 00:00:00"
"6135","62","54755.00","2023-09-17 00:00:00","2023-09-21 00:00:00"
"6136","62","38196.00","2023-05-17 00:00:00","2023-05-23 00:00:00"
"6137","62","52022.00","2023-07-28 00:00:00","2023-08-17 00:00:00"
"6138","62","44933.00","2023-12-17 00:00:00","2023-12-25 00:00:00"
"6139","62","963.00","2023-06-27 00:00:00","2023-06-29 00:00:00"
"6140","62","675.00","2023-01-14 00:00:00","2023-01-20 00:00:00"
"6141","62","5061.00","2023-05-22 00:00:00","2023-06-01 00:00:00"
"6142","62","913.00","2023-12-07 00:00:00","2023-12-26 00:00:00"
"6143","62","1263.00","2023-09-11 00:00:00","2023-09-13 00:00:00"
"6144","62","6392.00","2023-10-03 00:00:00","2023-10-07 00:00:00"
"6145","62","22645.00","2023-06-05 00:00:00","2023-06-19 00:00:00"
"6146","62","54272.00","2023-07-19 00:00:00","2023-08-14 00:00:00"
"6147","62","21516.00","2023-08-22 00:00:00","2023-08-30 00:00:00"
"6148","62","4491.00","2023-09-23 00:00:00","2023-10-12 00:00:00"
"6149","62","1064.00","2023-10-16 00:00:00","2023-10-30 00:00:00"
"6150","62","29846.00","2023-07-02 00:00:00","2023-07-21 00:00:00"
"6151","62","16461.00","2023-01-13 00:00:00","2023-02-10 00:00:00"
"6152","62","2849.00","2023-05-15 00:00:00","2023-05-22 00:00:00"
"6153","62","32390.00","2023-02-24 00:00:00","2023-03-19 00:00:00"
"6154","62","1100.00","2023-11-30 00:00:00","2023-12-25 00:00:00"
"6155","62","5347.00","2023-01-12 00:00:00","2023-02-06 00:00:00"
"6156","62","6539.00","2023-10-03 00:00:00","2023-10-11 00:00:00"
"6157","62","12175.00","2023-08-13 00:00:00","2023-08-24 00:00:00"
"6158","62","49633.00","2023-03-13 00:00:00","2023-03-31 00:00:00"
"6159","62","40292.00","2023-01-18 00:00:00","2023-01-24 00:00:00"
"6160","62","786.00","2023-06-18 00:00:00","2023-06-19 00:00:00"
"6161","62","13281.00","2023-10-27 00:00:00","2023-10-30 00:00:00"
"6162","62","48953.00","2023-01-06 00:00:00","2023-01-21 00:00:00"
"6163","62","1249.00","2023-07-13 00:00:00","2023-08-01 00:00:00"
"6164","62","4263.00","2023-09-24 00:00:00","2023-09-29 00:00:00"
"6165","62","695.00","2023-04-25 00:00:00","2023-05-15 00:00:00"
"6166","62","78787.00","2023-08-17 00:00:00","2023-08-26 00:00:00"
"6167","62","21393.00","2023-10-14 00:00:00","2023-10-24 00:00:00"
"6168","62","51836.00","2023-12-15 00:00:00","2024-01-13 00:00:00"
"6169","62","1022.00","2023-10-01 00:00:00","2023-10-15 00:00:00"
"6170","62","37995.00","2023-01-13 00:00:00","2023-01-14 00:00:00"
"6171","62","1805.00","2023-06-28 00:00:00","2023-07-07 00:00:00"
"6172","62","24969.00","2023-05-07 00:00:00","2023-05-28 00:00:00"
"6173","62","13601.00","2023-01-04 00:00:00","2023-01-26 00:00:00"
"6174","62","40055.00","2023-05-07 00:00:00","2023-05-24 00:00:00"
"6175","62","5395.00","2023-02-08 00:00:00","2023-03-01 00:00:00"
"6176","62","4535.00","2023-08-16 00:00:00","2023-08-27 00:00:00"
"6177","62","27094.00","2023-03-12 00:00:00","2023-03-23 00:00:00"
"6178","62","968.00","2023-04-09 00:00:00","2023-04-15 00:00:00"
"6179","62","7094.00","2023-12-19 00:00:00","2024-01-12 00:00:00"
"6180","62","1584.00","2023-12-10 00:00:00","2023-12-31 00:00:00"
"6181","62","8155.00","2023-10-07 00:00:00","2023-10-27 00:00:00"
"6182","62","67327.00","2023-10-14 00:00:00","2023-11-12 00:00:00"
"6183","62","84341.00","2023-11-29 00:00:00","2023-12-18 00:00:00"
"6184","62","36679.00","2023-10-21 00:00:00","2023-11-02 00:00:00"
"6185","62","36287.00","2023-11-11 00:00:00","2023-11-21 00:00:00"
"6186","62","1126.00","2023-08-08 00:00:00","2023-08-23 00:00:00"
"6187","62","15508.00","2023-07-19 00:00:00","2023-08-01 00:00:00"
"6188","62","43498.00","2023-12-10 00:00:00","2023-12-30 00:00:00"
"6189","62","18643.00","2023-03-11 00:00:00","2023-03-22 00:00:00"
"6190","62","3360.00","2023-07-08 00:00:00","2023-08-01 00:00:00"
"6191","62","1762.00","2023-10-04 00:00:00","2023-10-22 00:00:00"
"6192","62","27161.00","2023-08-01 00:00:00","2023-08-01 00:00:00"
"6193","62","13396.00","2023-08-10 00:00:00","2023-09-04 00:00:00"
"6194","62","868.00","2023-12-18 00:00:00","2024-01-06 00:00:00"
"6195","62","5139.00","2023-12-29 00:00:00","2024-01-07 00:00:00"
"6196","62","13270.00","2023-12-11 00:00:00","2024-01-06 00:00:00"
"6197","62","28549.00","2023-03-02 00:00:00","2023-03-05 00:00:00"
"6198","62","35897.00","2023-07-18 00:00:00","2023-08-10 00:00:00"
"6199","62","3657.00","2023-09-03 00:00:00","2023-09-16 00:00:00"
"6200","62","10029.00","2023-12-16 00:00:00","2023-12-22 00:00:00"
"6201","63","15469.00","2023-02-10 00:00:00","2023-02-24 00:00:00"
"6202","63","2256.00","2023-11-03 00:00:00","2023-11-24 00:00:00"
"6203","63","40047.00","2023-03-04 00:00:00","2023-03-23 00:00:00"
"6204","63","54308.00","2023-06-08 00:00:00","2023-06-28 00:00:00"
"6205","63","18103.00","2023-03-20 00:00:00","2023-04-03 00:00:00"
"6206","63","3267.00","2023-09-12 00:00:00","2023-10-09 00:00:00"
"6207","63","13409.00","2023-08-08 00:00:00","2023-08-09 00:00:00"
"6208","63","47126.00","2023-10-10 00:00:00","2023-11-08 00:00:00"
"6209","63","4492.00","2023-06-28 00:00:00","2023-06-30 00:00:00"
"6210","63","818.00","2023-08-21 00:00:00","2023-08-31 00:00:00"
"6211","63","627.00","2023-08-17 00:00:00","2023-08-21 00:00:00"
"6212","63","37008.00","2023-09-04 00:00:00","2023-09-24 00:00:00"
"6213","63","45327.00","2023-10-04 00:00:00","2023-10-30 00:00:00"
"6214","63","19609.00","2023-04-28 00:00:00","2023-05-23 00:00:00"
"6215","63","1371.00","2023-06-20 00:00:00","2023-06-28 00:00:00"
"6216","63","38157.00","2023-10-23 00:00:00","2023-11-01 00:00:00"
"6217","63","14992.00","2023-11-20 00:00:00","2023-11-24 00:00:00"
"6218","63","820.00","2023-05-12 00:00:00","2023-06-04 00:00:00"
"6219","63","8606.00","2023-12-15 00:00:00","2024-01-03 00:00:00"
"6220","63","12527.00","2023-11-12 00:00:00","2023-11-12 00:00:00"
"6221","63","3685.00","2023-09-24 00:00:00","2023-10-10 00:00:00"
"6222","63","71685.00","2023-09-15 00:00:00","2023-09-25 00:00:00"
"6223","63","1122.00","2023-01-27 00:00:00","2023-01-27 00:00:00"
"6224","63","22233.00","2023-10-19 00:00:00","2023-10-24 00:00:00"
"6225","63","8471.00","2023-04-13 00:00:00","2023-05-10 00:00:00"
"6226","63","526.00","2023-10-22 00:00:00","2023-11-19 00:00:00"
"6227","63","6938.00","2023-03-29 00:00:00","2023-04-27 00:00:00"
"6228","63","583.00","2023-01-07 00:00:00","2023-01-30 00:00:00"
"6229","63","37004.00","2023-10-18 00:00:00","2023-10-26 00:00:00"
"6230","63","435.00","2023-12-29 00:00:00","2024-01-17 00:00:00"
"6231","63","22389.00","2023-06-08 00:00:00","2023-07-03 00:00:00"
"6232","63","29746.00","2023-11-17 00:00:00","2023-12-05 00:00:00"
"6233","63","31865.00","2023-09-02 00:00:00","2023-09-09 00:00:00"
"6234","63","1167.00","2023-04-06 00:00:00","2023-04-10 00:00:00"
"6235","63","21193.00","2023-05-21 00:00:00","2023-06-04 00:00:00"
"6236","63","16274.00","2023-12-18 00:00:00","2024-01-02 00:00:00"
"6237","63","7469.00","2023-07-06 00:00:00","2023-07-19 00:00:00"
"6238","63","6738.00","2023-08-26 00:00:00","2023-09-12 00:00:00"
"6239","63","46759.00","2023-12-21 00:00:00","2024-01-15 00:00:00"
"6240","63","22086.00","2023-11-13 00:00:00","2023-12-07 00:00:00"
"6241","63","377.00","2023-02-10 00:00:00","2023-03-05 00:00:00"
"6242","63","1212.00","2023-01-25 00:00:00","2023-01-29 00:00:00"
"6243","63","36135.00","2023-02-28 00:00:00","2023-03-29 00:00:00"
"6244","63","41835.00","2023-11-12 00:00:00","2023-11-29 00:00:00"
"6245","63","39357.00","2023-07-29 00:00:00","2023-08-23 00:00:00"
"6246","63","1929.00","2023-03-20 00:00:00","2023-04-04 00:00:00"
"6247","63","17300.00","2023-09-28 00:00:00","2023-10-07 00:00:00"
"6248","63","37432.00","2023-03-07 00:00:00","2023-03-23 00:00:00"
"6249","63","62724.00","2023-11-30 00:00:00","2023-11-30 00:00:00"
"6250","63","9431.00","2023-12-17 00:00:00","2023-12-25 00:00:00"
"6251","63","756.00","2023-05-13 00:00:00","2023-06-03 00:00:00"
"6252","63","17302.00","2023-11-16 00:00:00","2023-11-30 00:00:00"
"6253","63","2703.00","2023-02-24 00:00:00","2023-03-24 00:00:00"
"6254","63","2823.00","2023-08-16 00:00:00","2023-08-27 00:00:00"
"6255","63","3161.00","2023-11-22 00:00:00","2023-12-02 00:00:00"
"6256","63","22278.00","2023-02-11 00:00:00","2023-02-26 00:00:00"
"6257","63","16531.00","2023-04-30 00:00:00","2023-05-05 00:00:00"
"6258","63","20914.00","2023-09-17 00:00:00","2023-10-11 00:00:00"
"6259","63","45033.00","2023-10-02 00:00:00","2023-10-24 00:00:00"
"6260","63","18753.00","2023-04-28 00:00:00","2023-05-08 00:00:00"
"6261","63","26534.00","2023-01-04 00:00:00","2023-01-21 00:00:00"
"6262","63","790.00","2023-07-15 00:00:00","2023-08-05 00:00:00"
"6263","63","4243.00","2023-02-22 00:00:00","2023-02-24 00:00:00"
"6264","63","69045.00","2023-06-15 00:00:00","2023-06-22 00:00:00"
"6265","63","7918.00","2023-09-18 00:00:00","2023-09-18 00:00:00"
"6266","63","57988.00","2023-05-29 00:00:00","2023-05-29 00:00:00"
"6267","63","506.00","2023-08-14 00:00:00","2023-08-21 00:00:00"
"6268","63","747.00","2023-05-05 00:00:00","2023-05-07 00:00:00"
"6269","63","14205.00","2023-09-17 00:00:00","2023-10-04 00:00:00"
"6270","63","2895.00","2023-01-12 00:00:00","2023-02-05 00:00:00"
"6271","63","3343.00","2023-05-31 00:00:00","2023-05-31 00:00:00"
"6272","63","46539.00","2023-06-28 00:00:00","2023-07-06 00:00:00"
"6273","63","3903.00","2023-10-12 00:00:00","2023-10-19 00:00:00"
"6274","63","30218.00","2023-12-04 00:00:00","2023-12-09 00:00:00"
"6275","63","36995.00","2023-01-08 00:00:00","2023-01-22 00:00:00"
"6276","63","42033.00","2023-04-18 00:00:00","2023-04-28 00:00:00"
"6277","63","4471.00","2023-12-22 00:00:00","2024-01-19 00:00:00"
"6278","63","885.00","2023-09-18 00:00:00","2023-10-07 00:00:00"
"6279","63","1144.00","2023-10-10 00:00:00","2023-10-30 00:00:00"
"6280","63","8096.00","2023-12-12 00:00:00","2024-01-08 00:00:00"
"6281","63","876.00","2023-09-24 00:00:00","2023-10-04 00:00:00"
"6282","63","47289.00","2023-04-19 00:00:00","2023-05-03 00:00:00"
"6283","63","25227.00","2023-04-19 00:00:00","2023-04-30 00:00:00"
"6284","63","3294.00","2023-11-17 00:00:00","2023-11-25 00:00:00"
"6285","63","20085.00","2023-03-22 00:00:00","2023-04-03 00:00:00"
"6286","63","223.00","2023-08-31 00:00:00","2023-09-08 00:00:00"
"6287","63","10985.00","2023-02-12 00:00:00","2023-02-22 00:00:00"
"6288","63","11976.00","2023-07-28 00:00:00","2023-08-20 00:00:00"
"6289","63","16191.00","2023-12-14 00:00:00","2023-12-27 00:00:00"
"6290","63","95083.00","2023-03-09 00:00:00","2023-03-10 00:00:00"
"6291","63","652.00","2023-11-11 00:00:00","2023-12-05 00:00:00"
"6292","63","11056.00","2023-01-12 00:00:00","2023-01-12 00:00:00"
"6293","63","83457.00","2023-04-02 00:00:00","2023-04-25 00:00:00"
"6294","63","5096.00","2023-11-27 00:00:00","2023-12-03 00:00:00"
"6295","63","604.00","2023-03-15 00:00:00","2023-03-16 00:00:00"
"6296","63","30313.00","2023-01-06 00:00:00","2023-01-11 00:00:00"
"6297","63","24598.00","2023-05-01 00:00:00","2023-05-21 00:00:00"
"6298","63","525.00","2023-07-28 00:00:00","2023-08-22 00:00:00"
"6299","63","11486.00","2023-01-21 00:00:00","2023-02-04 00:00:00"
"6300","63","18514.00","2023-07-24 00:00:00","2023-08-13 00:00:00"
"6301","64","66702.00","2023-01-31 00:00:00","2023-02-05 00:00:00"
"6302","64","36129.00","2023-10-21 00:00:00","2023-10-26 00:00:00"
"6303","64","53304.00","2023-12-20 00:00:00","2024-01-15 00:00:00"
"6304","64","681.00","2023-05-17 00:00:00","2023-05-25 00:00:00"
"6305","64","12293.00","2023-06-25 00:00:00","2023-07-23 00:00:00"
"6306","64","26427.00","2023-05-18 00:00:00","2023-05-30 00:00:00"
"6307","64","18218.00","2023-02-19 00:00:00","2023-03-11 00:00:00"
"6308","64","3077.00","2023-08-02 00:00:00","2023-08-12 00:00:00"
"6309","64","18465.00","2023-01-17 00:00:00","2023-02-06 00:00:00"
"6310","64","1977.00","2023-03-18 00:00:00","2023-03-26 00:00:00"
"6311","64","2184.00","2023-12-14 00:00:00","2023-12-19 00:00:00"
"6312","64","6101.00","2023-09-07 00:00:00","2023-09-30 00:00:00"
"6313","64","24900.00","2023-11-03 00:00:00","2023-11-11 00:00:00"
"6314","64","55279.00","2023-08-04 00:00:00","2023-08-21 00:00:00"
"6315","64","1923.00","2023-04-02 00:00:00","2023-04-26 00:00:00"
"6316","64","3553.00","2023-03-02 00:00:00","2023-03-28 00:00:00"
"6317","64","1348.00","2023-02-25 00:00:00","2023-02-26 00:00:00"
"6318","64","67.00","2023-11-17 00:00:00","2023-12-16 00:00:00"
"6319","64","372.00","2023-03-11 00:00:00","2023-04-07 00:00:00"
"6320","64","41393.00","2023-08-12 00:00:00","2023-08-22 00:00:00"
"6321","64","38718.00","2023-05-05 00:00:00","2023-05-27 00:00:00"
"6322","64","3552.00","2023-07-17 00:00:00","2023-08-09 00:00:00"
"6323","64","12111.00","2023-09-26 00:00:00","2023-09-29 00:00:00"
"6324","64","3517.00","2023-10-27 00:00:00","2023-11-20 00:00:00"
"6325","64","1221.00","2023-07-30 00:00:00","2023-08-28 00:00:00"
"6326","64","36416.00","2023-11-05 00:00:00","2023-11-15 00:00:00"
"6327","64","12343.00","2023-06-19 00:00:00","2023-07-01 00:00:00"
"6328","64","6392.00","2023-05-23 00:00:00","2023-06-17 00:00:00"
"6329","64","1011.00","2023-05-12 00:00:00","2023-05-28 00:00:00"
"6330","64","6933.00","2023-03-25 00:00:00","2023-04-23 00:00:00"
"6331","64","33090.00","2023-08-15 00:00:00","2023-08-15 00:00:00"
"6332","64","25950.00","2023-08-03 00:00:00","2023-08-09 00:00:00"
"6333","64","29687.00","2023-03-10 00:00:00","2023-03-15 00:00:00"
"6334","64","53657.00","2023-05-20 00:00:00","2023-06-18 00:00:00"
"6335","64","18520.00","2023-04-22 00:00:00","2023-05-15 00:00:00"
"6336","64","27233.00","2023-05-08 00:00:00","2023-05-31 00:00:00"
"6337","64","9274.00","2023-11-21 00:00:00","2023-11-27 00:00:00"
"6338","64","2264.00","2023-11-11 00:00:00","2023-12-06 00:00:00"
"6339","64","2499.00","2023-12-02 00:00:00","2023-12-29 00:00:00"
"6340","64","2994.00","2023-04-13 00:00:00","2023-05-09 00:00:00"
"6341","64","42585.00","2023-07-30 00:00:00","2023-07-30 00:00:00"
"6342","64","21423.00","2023-12-16 00:00:00","2023-12-25 00:00:00"
"6343","64","23337.00","2023-05-15 00:00:00","2023-05-24 00:00:00"
"6344","64","1673.00","2023-11-07 00:00:00","2023-11-14 00:00:00"
"6345","64","2514.00","2023-08-27 00:00:00","2023-08-28 00:00:00"
"6346","64","14541.00","2023-01-31 00:00:00","2023-02-26 00:00:00"
"6347","64","13513.00","2023-03-21 00:00:00","2023-04-15 00:00:00"
"6348","64","758.00","2023-11-20 00:00:00","2023-12-01 00:00:00"
"6349","64","768.00","2023-01-15 00:00:00","2023-01-24 00:00:00"
"6350","64","52613.00","2023-07-03 00:00:00","2023-07-10 00:00:00"
"6351","64","1337.00","2023-01-26 00:00:00","2023-02-20 00:00:00"
"6352","64","5275.00","2023-10-01 00:00:00","2023-10-03 00:00:00"
"6353","64","12481.00","2023-09-03 00:00:00","2023-09-20 00:00:00"
"6354","64","44993.00","2023-04-06 00:00:00","2023-04-26 00:00:00"
"6355","64","496.00","2023-06-27 00:00:00","2023-07-19 00:00:00"
"6356","64","47021.00","2023-08-21 00:00:00","2023-09-06 00:00:00"
"6357","64","4864.00","2023-03-05 00:00:00","2023-03-21 00:00:00"
"6358","64","1135.00","2023-02-11 00:00:00","2023-02-16 00:00:00"
"6359","64","2043.00","2023-05-31 00:00:00","2023-06-03 00:00:00"
"6360","64","281.00","2023-03-21 00:00:00","2023-04-06 00:00:00"
"6361","64","33485.00","2023-05-27 00:00:00","2023-05-31 00:00:00"
"6362","64","6622.00","2023-10-22 00:00:00","2023-10-26 00:00:00"
"6363","64","2943.00","2023-07-15 00:00:00","2023-08-05 00:00:00"
"6364","64","32566.00","2023-10-28 00:00:00","2023-11-20 00:00:00"
"6365","64","2822.00","2023-12-26 00:00:00","2023-12-29 00:00:00"
"6366","64","33390.00","2023-04-05 00:00:00","2023-04-19 00:00:00"
"6367","64","16027.00","2023-03-31 00:00:00","2023-04-04 00:00:00"
"6368","64","21996.00","2023-08-17 00:00:00","2023-09-14 00:00:00"
"6369","64","11795.00","2023-07-27 00:00:00","2023-08-12 00:00:00"
"6370","64","1608.00","2023-06-25 00:00:00","2023-07-17 00:00:00"
"6371","64","29712.00","2023-05-30 00:00:00","2023-06-15 00:00:00"
"6372","64","1698.00","2023-01-17 00:00:00","2023-02-13 00:00:00"
"6373","64","683.00","2023-08-15 00:00:00","2023-08-30 00:00:00"
"6374","64","8982.00","2023-11-02 00:00:00","2023-11-15 00:00:00"
"6375","64","16071.00","2023-04-20 00:00:00","2023-05-11 00:00:00"
"6376","64","58486.00","2023-04-09 00:00:00","2023-04-09 00:00:00"
"6377","64","40631.00","2023-11-21 00:00:00","2023-12-01 00:00:00"
"6378","64","10239.00","2023-05-01 00:00:00","2023-05-11 00:00:00"
"6379","64","30159.00","2023-05-14 00:00:00","2023-06-11 00:00:00"
"6380","64","9513.00","2023-08-24 00:00:00","2023-09-09 00:00:00"
"6381","64","23209.00","2023-09-07 00:00:00","2023-09-09 00:00:00"
"6382","64","2345.00","2023-03-25 00:00:00","2023-03-25 00:00:00"
"6383","64","67843.00","2023-05-19 00:00:00","2023-05-31 00:00:00"
"6384","64","375.00","2023-08-29 00:00:00","2023-09-07 00:00:00"
"6385","64","4041.00","2023-05-06 00:00:00","2023-05-10 00:00:00"
"6386","64","54968.00","2023-11-11 00:00:00","2023-11-22 00:00:00"
"6387","64","3462.00","2023-08-19 00:00:00","2023-08-20 00:00:00"
"6388","64","2195.00","2023-06-03 00:00:00","2023-06-06 00:00:00"
"6389","64","100558.00","2023-06-15 00:00:00","2023-07-06 00:00:00"
"6390","64","37250.00","2023-03-18 00:00:00","2023-04-09 00:00:00"
"6391","64","64990.00","2023-10-12 00:00:00","2023-10-18 00:00:00"
"6392","64","704.00","2023-09-05 00:00:00","2023-09-08 00:00:00"
"6393","64","7075.00","2023-04-08 00:00:00","2023-04-24 00:00:00"
"6394","64","37341.00","2023-04-29 00:00:00","2023-05-09 00:00:00"
"6395","64","33325.00","2023-06-13 00:00:00","2023-06-20 00:00:00"
"6396","64","3726.00","2023-03-03 00:00:00","2023-03-26 00:00:00"
"6397","64","23094.00","2023-02-26 00:00:00","2023-03-22 00:00:00"
"6398","64","8557.00","2023-12-09 00:00:00","2023-12-31 00:00:00"
"6399","64","331.00","2023-05-09 00:00:00","2023-05-11 00:00:00"
"6400","64","2128.00","2023-04-12 00:00:00","2023-04-17 00:00:00"
"6401","65","40756.00","2023-11-12 00:00:00","2023-12-08 00:00:00"
"6402","65","6404.00","2023-12-23 00:00:00","2024-01-01 00:00:00"
"6403","65","1457.00","2023-01-26 00:00:00","2023-02-24 00:00:00"
"6404","65","8498.00","2023-12-19 00:00:00","2024-01-16 00:00:00"
"6405","65","224.00","2023-09-18 00:00:00","2023-10-11 00:00:00"
"6406","65","374.00","2023-04-07 00:00:00","2023-04-14 00:00:00"
"6407","65","1215.00","2023-01-06 00:00:00","2023-01-26 00:00:00"
"6408","65","2533.00","2023-06-19 00:00:00","2023-07-12 00:00:00"
"6409","65","1272.00","2023-01-18 00:00:00","2023-01-28 00:00:00"
"6410","65","18281.00","2023-06-15 00:00:00","2023-06-23 00:00:00"
"6411","65","786.00","2023-08-17 00:00:00","2023-08-18 00:00:00"
"6412","65","25844.00","2023-07-17 00:00:00","2023-08-01 00:00:00"
"6413","65","1426.00","2023-06-18 00:00:00","2023-07-11 00:00:00"
"6414","65","32141.00","2023-03-24 00:00:00","2023-04-22 00:00:00"
"6415","65","1742.00","2023-04-10 00:00:00","2023-04-30 00:00:00"
"6416","65","40090.00","2023-01-30 00:00:00","2023-02-11 00:00:00"
"6417","65","9494.00","2023-04-16 00:00:00","2023-04-17 00:00:00"
"6418","65","59488.00","2023-05-19 00:00:00","2023-06-01 00:00:00"
"6419","65","27193.00","2023-01-19 00:00:00","2023-02-13 00:00:00"
"6420","65","45994.00","2023-05-06 00:00:00","2023-05-17 00:00:00"
"6421","65","1079.00","2023-03-08 00:00:00","2023-03-13 00:00:00"
"6422","65","3619.00","2023-12-03 00:00:00","2023-12-08 00:00:00"
"6423","65","1614.00","2023-01-13 00:00:00","2023-02-04 00:00:00"
"6424","65","32495.00","2023-07-21 00:00:00","2023-08-01 00:00:00"
"6425","65","712.00","2023-02-21 00:00:00","2023-03-16 00:00:00"
"6426","65","55033.00","2023-01-24 00:00:00","2023-01-28 00:00:00"
"6427","65","13250.00","2023-10-19 00:00:00","2023-10-22 00:00:00"
"6428","65","21163.00","2023-07-18 00:00:00","2023-07-31 00:00:00"
"6429","65","4312.00","2023-03-03 00:00:00","2023-03-15 00:00:00"
"6430","65","354.00","2023-09-18 00:00:00","2023-10-13 00:00:00"
"6431","65","2441.00","2023-01-14 00:00:00","2023-02-07 00:00:00"
"6432","65","10730.00","2023-12-18 00:00:00","2023-12-20 00:00:00"
"6433","65","9205.00","2023-09-10 00:00:00","2023-09-20 00:00:00"
"6434","65","34714.00","2023-10-25 00:00:00","2023-10-29 00:00:00"
"6435","65","22258.00","2023-02-24 00:00:00","2023-03-20 00:00:00"
"6436","65","6017.00","2023-09-26 00:00:00","2023-10-13 00:00:00"
"6437","65","53378.00","2023-07-29 00:00:00","2023-08-05 00:00:00"
"6438","65","3591.00","2023-04-12 00:00:00","2023-04-27 00:00:00"
"6439","65","4367.00","2023-10-30 00:00:00","2023-11-17 00:00:00"
"6440","65","15076.00","2023-03-28 00:00:00","2023-04-07 00:00:00"
"6441","65","1574.00","2023-04-09 00:00:00","2023-04-15 00:00:00"
"6442","65","36758.00","2023-04-11 00:00:00","2023-04-28 00:00:00"
"6443","65","17768.00","2023-05-11 00:00:00","2023-05-31 00:00:00"
"6444","65","4140.00","2023-04-23 00:00:00","2023-04-25 00:00:00"
"6445","65","21793.00","2023-09-11 00:00:00","2023-09-12 00:00:00"
"6446","65","19291.00","2023-11-08 00:00:00","2023-12-07 00:00:00"
"6447","65","997.00","2023-08-03 00:00:00","2023-08-16 00:00:00"
"6448","65","1284.00","2023-01-20 00:00:00","2023-02-11 00:00:00"
"6449","65","892.00","2023-09-04 00:00:00","2023-09-22 00:00:00"
"6450","65","39161.00","2023-04-25 00:00:00","2023-05-16 00:00:00"
"6451","65","30438.00","2023-07-10 00:00:00","2023-07-31 00:00:00"
"6452","65","3495.00","2023-07-17 00:00:00","2023-07-22 00:00:00"
"6453","65","683.00","2023-09-26 00:00:00","2023-10-09 00:00:00"
"6454","65","6257.00","2023-09-04 00:00:00","2023-09-13 00:00:00"
"6455","65","2007.00","2023-02-01 00:00:00","2023-02-28 00:00:00"
"6456","65","23590.00","2023-10-16 00:00:00","2023-10-30 00:00:00"
"6457","65","334.00","2023-08-22 00:00:00","2023-09-04 00:00:00"
"6458","65","9273.00","2023-02-26 00:00:00","2023-03-25 00:00:00"
"6459","65","27046.00","2023-05-24 00:00:00","2023-06-05 00:00:00"
"6460","65","40086.00","2023-10-17 00:00:00","2023-10-19 00:00:00"
"6461","65","7662.00","2023-06-14 00:00:00","2023-06-26 00:00:00"
"6462","65","15593.00","2023-11-06 00:00:00","2023-11-12 00:00:00"
"6463","65","15104.00","2023-11-16 00:00:00","2023-12-07 00:00:00"
"6464","65","381.00","2023-09-02 00:00:00","2023-09-07 00:00:00"
"6465","65","16192.00","2023-03-13 00:00:00","2023-03-19 00:00:00"
"6466","65","44995.00","2023-12-09 00:00:00","2023-12-09 00:00:00"
"6467","65","59786.00","2023-04-18 00:00:00","2023-05-03 00:00:00"
"6468","65","603.00","2023-05-10 00:00:00","2023-06-06 00:00:00"
"6469","65","36056.00","2023-11-20 00:00:00","2023-12-06 00:00:00"
"6470","65","11813.00","2023-05-15 00:00:00","2023-06-03 00:00:00"
"6471","65","37710.00","2023-01-18 00:00:00","2023-01-30 00:00:00"
"6472","65","42341.00","2023-02-07 00:00:00","2023-02-25 00:00:00"
"6473","65","37067.00","2023-08-23 00:00:00","2023-08-23 00:00:00"
"6474","65","73886.00","2023-06-10 00:00:00","2023-06-29 00:00:00"
"6475","65","38164.00","2023-02-01 00:00:00","2023-02-02 00:00:00"
"6476","65","32995.00","2023-07-13 00:00:00","2023-08-11 00:00:00"
"6477","65","10032.00","2023-10-20 00:00:00","2023-10-22 00:00:00"
"6478","65","31992.00","2023-05-11 00:00:00","2023-05-12 00:00:00"
"6479","65","34184.00","2023-04-14 00:00:00","2023-04-24 00:00:00"
"6480","65","47040.00","2023-11-02 00:00:00","2023-11-30 00:00:00"
"6481","65","5252.00","2023-06-10 00:00:00","2023-07-06 00:00:00"
"6482","65","30593.00","2023-03-29 00:00:00","2023-04-19 00:00:00"
"6483","65","2215.00","2023-10-17 00:00:00","2023-10-27 00:00:00"
"6484","65","5752.00","2023-07-30 00:00:00","2023-08-24 00:00:00"
"6485","65","53051.00","2023-02-13 00:00:00","2023-02-13 00:00:00"
"6486","65","2040.00","2023-05-14 00:00:00","2023-06-07 00:00:00"
"6487","65","328.00","2023-09-03 00:00:00","2023-09-04 00:00:00"
"6488","65","12778.00","2023-09-23 00:00:00","2023-10-22 00:00:00"
"6489","65","7072.00","2023-12-29 00:00:00","2024-01-21 00:00:00"
"6490","65","12383.00","2023-05-27 00:00:00","2023-06-15 00:00:00"
"6491","65","13996.00","2023-05-02 00:00:00","2023-05-12 00:00:00"
"6492","65","7235.00","2023-01-28 00:00:00","2023-02-19 00:00:00"
"6493","65","22707.00","2023-01-14 00:00:00","2023-02-10 00:00:00"
"6494","65","27650.00","2023-03-24 00:00:00","2023-04-07 00:00:00"
"6495","65","32684.00","2023-12-21 00:00:00","2023-12-23 00:00:00"
"6496","65","32273.00","2023-01-20 00:00:00","2023-02-01 00:00:00"
"6497","65","3316.00","2023-04-28 00:00:00","2023-05-20 00:00:00"
"6498","65","35995.00","2023-12-23 00:00:00","2024-01-08 00:00:00"
"6499","65","44995.00","2023-10-01 00:00:00","2023-10-28 00:00:00"
"6500","65","2499.00","2023-04-02 00:00:00","2023-04-23 00:00:00"
"6501","66","95507.00","2023-04-10 00:00:00","2023-04-13 00:00:00"
"6502","66","8059.00","2023-08-11 00:00:00","2023-08-13 00:00:00"
"6503","66","2995.00","2023-11-13 00:00:00","2023-11-26 00:00:00"
"6504","66","1515.00","2023-05-08 00:00:00","2023-06-02 00:00:00"
"6505","66","932.00","2023-02-23 00:00:00","2023-03-15 00:00:00"
"6506","66","36425.00","2023-04-18 00:00:00","2023-05-07 00:00:00"
"6507","66","32055.00","2023-10-17 00:00:00","2023-11-08 00:00:00"
"6508","66","8862.00","2023-06-17 00:00:00","2023-07-05 00:00:00"
"6509","66","45094.00","2023-08-02 00:00:00","2023-08-16 00:00:00"
"6510","66","55992.00","2023-10-22 00:00:00","2023-11-17 00:00:00"
"6511","66","77503.00","2023-10-26 00:00:00","2023-11-11 00:00:00"
"6512","66","3528.00","2023-09-23 00:00:00","2023-09-28 00:00:00"
"6513","66","21584.00","2023-02-25 00:00:00","2023-02-28 00:00:00"
"6514","66","40271.00","2023-12-02 00:00:00","2023-12-20 00:00:00"
"6515","66","24401.00","2023-09-03 00:00:00","2023-09-03 00:00:00"
"6516","66","2688.00","2023-12-14 00:00:00","2023-12-18 00:00:00"
"6517","66","342.00","2023-06-23 00:00:00","2023-07-07 00:00:00"
"6518","66","2599.00","2023-07-20 00:00:00","2023-08-15 00:00:00"
"6519","66","24894.00","2023-09-19 00:00:00","2023-09-23 00:00:00"
"6520","66","3264.00","2023-10-13 00:00:00","2023-11-04 00:00:00"
"6521","66","9543.00","2023-02-08 00:00:00","2023-03-02 00:00:00"
"6522","66","9897.00","2023-05-15 00:00:00","2023-06-07 00:00:00"
"6523","66","21091.00","2023-10-30 00:00:00","2023-11-15 00:00:00"
"6524","66","4797.00","2023-02-06 00:00:00","2023-02-16 00:00:00"
"6525","66","4090.00","2023-06-28 00:00:00","2023-07-02 00:00:00"
"6526","66","1396.00","2023-12-20 00:00:00","2023-12-23 00:00:00"
"6527","66","18057.00","2023-02-22 00:00:00","2023-03-04 00:00:00"
"6528","66","72825.00","2023-05-10 00:00:00","2023-05-24 00:00:00"
"6529","66","1192.00","2023-05-12 00:00:00","2023-05-21 00:00:00"
"6530","66","3695.00","2023-05-31 00:00:00","2023-06-05 00:00:00"
"6531","66","35202.00","2023-02-08 00:00:00","2023-02-27 00:00:00"
"6532","66","101985.00","2023-02-11 00:00:00","2023-03-03 00:00:00"
"6533","66","903.00","2023-05-23 00:00:00","2023-05-31 00:00:00"
"6534","66","832.00","2023-07-22 00:00:00","2023-08-13 00:00:00"
"6535","66","391.00","2023-08-03 00:00:00","2023-08-14 00:00:00"
"6536","66","454.00","2023-07-21 00:00:00","2023-08-07 00:00:00"
"6537","66","27711.00","2023-03-16 00:00:00","2023-03-25 00:00:00"
"6538","66","4229.00","2023-07-16 00:00:00","2023-08-14 00:00:00"
"6539","66","14276.00","2023-02-05 00:00:00","2023-02-13 00:00:00"
"6540","66","4166.00","2023-05-24 00:00:00","2023-06-04 00:00:00"
"6541","66","4339.00","2023-01-13 00:00:00","2023-01-29 00:00:00"
"6542","66","45205.00","2023-04-21 00:00:00","2023-04-29 00:00:00"
"6543","66","40253.00","2023-10-17 00:00:00","2023-10-23 00:00:00"
"6544","66","41944.00","2023-08-17 00:00:00","2023-09-01 00:00:00"
"6545","66","54233.00","2023-01-31 00:00:00","2023-02-24 00:00:00"
"6546","66","266.00","2023-08-01 00:00:00","2023-08-19 00:00:00"
"6547","66","6781.00","2023-09-05 00:00:00","2023-09-23 00:00:00"
"6548","66","1563.00","2023-10-15 00:00:00","2023-10-19 00:00:00"
"6549","66","1411.00","2023-12-24 00:00:00","2024-01-06 00:00:00"
"6550","66","19220.00","2023-10-13 00:00:00","2023-10-19 00:00:00"
"6551","66","15452.00","2023-06-17 00:00:00","2023-07-07 00:00:00"
"6552","66","1145.00","2023-04-23 00:00:00","2023-05-21 00:00:00"
"6553","66","69162.00","2023-09-07 00:00:00","2023-09-20 00:00:00"
"6554","66","4410.00","2023-01-26 00:00:00","2023-02-16 00:00:00"
"6555","66","18362.00","2023-12-29 00:00:00","2024-01-24 00:00:00"
"6556","66","44045.00","2023-04-11 00:00:00","2023-04-19 00:00:00"
"6557","66","11975.00","2023-09-14 00:00:00","2023-10-13 00:00:00"
"6558","66","13137.00","2023-07-30 00:00:00","2023-08-28 00:00:00"
"6559","66","23498.00","2023-07-22 00:00:00","2023-08-14 00:00:00"
"6560","66","15456.00","2023-09-09 00:00:00","2023-09-14 00:00:00"
"6561","66","2276.00","2023-02-23 00:00:00","2023-03-10 00:00:00"
"6562","66","2591.00","2023-06-06 00:00:00","2023-07-05 00:00:00"
"6563","66","41247.00","2023-08-05 00:00:00","2023-08-22 00:00:00"
"6564","66","4374.00","2023-11-04 00:00:00","2023-12-02 00:00:00"
"6565","66","12645.00","2023-11-13 00:00:00","2023-12-01 00:00:00"
"6566","66","1925.00","2023-04-02 00:00:00","2023-04-28 00:00:00"
"6567","66","576.00","2023-10-12 00:00:00","2023-10-31 00:00:00"
"6568","66","3209.00","2023-08-12 00:00:00","2023-08-12 00:00:00"
"6569","66","46583.00","2023-06-14 00:00:00","2023-06-28 00:00:00"
"6570","66","16056.00","2023-06-04 00:00:00","2023-06-18 00:00:00"
"6571","66","10506.00","2023-07-20 00:00:00","2023-08-08 00:00:00"
"6572","66","10413.00","2023-01-24 00:00:00","2023-02-01 00:00:00"
"6573","66","30967.00","2023-06-04 00:00:00","2023-06-20 00:00:00"
"6574","66","35586.00","2023-11-02 00:00:00","2023-11-30 00:00:00"
"6575","66","3931.00","2023-09-20 00:00:00","2023-10-14 00:00:00"
"6576","66","41393.00","2023-02-16 00:00:00","2023-02-25 00:00:00"
"6577","66","1276.00","2023-06-23 00:00:00","2023-07-01 00:00:00"
"6578","66","41020.00","2023-07-09 00:00:00","2023-07-12 00:00:00"
"6579","66","2645.00","2023-08-01 00:00:00","2023-08-21 00:00:00"
"6580","66","28443.00","2023-07-10 00:00:00","2023-08-07 00:00:00"
"6581","66","28893.00","2023-01-03 00:00:00","2023-01-31 00:00:00"
"6582","66","18684.00","2023-09-19 00:00:00","2023-10-02 00:00:00"
"6583","66","44627.00","2023-01-19 00:00:00","2023-01-28 00:00:00"
"6584","66","13336.00","2023-12-15 00:00:00","2024-01-13 00:00:00"
"6585","66","21531.00","2023-12-28 00:00:00","2024-01-06 00:00:00"
"6586","66","1248.00","2023-06-24 00:00:00","2023-07-04 00:00:00"
"6587","66","78991.00","2023-04-08 00:00:00","2023-04-16 00:00:00"
"6588","66","21193.00","2023-05-18 00:00:00","2023-06-11 00:00:00"
"6589","66","5108.00","2023-11-17 00:00:00","2023-12-16 00:00:00"
"6590","66","645.00","2023-11-10 00:00:00","2023-11-29 00:00:00"
"6591","66","32490.00","2023-08-14 00:00:00","2023-08-27 00:00:00"
"6592","66","13493.00","2023-11-09 00:00:00","2023-11-20 00:00:00"
"6593","66","3790.00","2023-05-14 00:00:00","2023-06-07 00:00:00"
"6594","66","15818.00","2023-12-15 00:00:00","2024-01-13 00:00:00"
"6595","66","14027.00","2023-01-07 00:00:00","2023-02-03 00:00:00"
"6596","66","415.00","2023-11-09 00:00:00","2023-12-07 00:00:00"
"6597","66","2722.00","2023-11-21 00:00:00","2023-12-17 00:00:00"
"6598","66","2114.00","2023-10-26 00:00:00","2023-10-31 00:00:00"
"6599","66","27126.00","2023-08-04 00:00:00","2023-08-29 00:00:00"
"6600","66","2473.00","2023-12-26 00:00:00","2024-01-09 00:00:00"
"6601","67","35141.00","2023-07-15 00:00:00","2023-08-04 00:00:00"
"6602","67","22967.00","2023-07-03 00:00:00","2023-07-26 00:00:00"
"6603","67","3551.00","2023-08-04 00:00:00","2023-08-29 00:00:00"
"6604","67","41117.00","2023-04-28 00:00:00","2023-05-15 00:00:00"
"6605","67","36341.00","2023-11-15 00:00:00","2023-12-10 00:00:00"
"6606","67","21610.00","2023-01-15 00:00:00","2023-01-27 00:00:00"
"6607","67","90.00","2023-07-24 00:00:00","2023-08-20 00:00:00"
"6608","67","638.00","2023-08-30 00:00:00","2023-09-15 00:00:00"
"6609","67","1138.00","2023-01-01 00:00:00","2023-01-07 00:00:00"
"6610","67","7245.00","2023-03-19 00:00:00","2023-04-11 00:00:00"
"6611","67","3432.00","2023-10-11 00:00:00","2023-10-26 00:00:00"
"6612","67","4820.00","2023-07-11 00:00:00","2023-08-03 00:00:00"
"6613","67","7292.00","2023-12-07 00:00:00","2023-12-27 00:00:00"
"6614","67","1524.00","2023-03-06 00:00:00","2023-03-12 00:00:00"
"6615","67","24298.00","2023-09-30 00:00:00","2023-10-04 00:00:00"
"6616","67","58481.00","2023-06-24 00:00:00","2023-06-30 00:00:00"
"6617","67","1215.00","2023-05-02 00:00:00","2023-05-31 00:00:00"
"6618","67","34982.00","2023-02-03 00:00:00","2023-02-06 00:00:00"
"6619","67","33084.00","2023-02-15 00:00:00","2023-02-16 00:00:00"
"6620","67","3296.00","2023-06-24 00:00:00","2023-06-26 00:00:00"
"6621","67","24345.00","2023-08-02 00:00:00","2023-08-05 00:00:00"
"6622","67","1745.00","2023-11-19 00:00:00","2023-11-20 00:00:00"
"6623","67","1249.00","2023-11-09 00:00:00","2023-11-27 00:00:00"
"6624","67","12729.00","2023-10-07 00:00:00","2023-10-27 00:00:00"
"6625","67","58484.00","2023-10-02 00:00:00","2023-10-03 00:00:00"
"6626","67","2958.00","2023-05-02 00:00:00","2023-05-18 00:00:00"
"6627","67","1194.00","2023-05-05 00:00:00","2023-06-03 00:00:00"
"6628","67","44321.00","2023-02-09 00:00:00","2023-03-01 00:00:00"
"6629","67","14665.00","2023-04-03 00:00:00","2023-04-05 00:00:00"
"6630","67","53994.00","2023-08-17 00:00:00","2023-08-22 00:00:00"
"6631","67","15192.00","2023-09-04 00:00:00","2023-09-25 00:00:00"
"6632","67","1715.00","2023-10-09 00:00:00","2023-10-09 00:00:00"
"6633","67","16573.00","2023-02-22 00:00:00","2023-03-04 00:00:00"
"6634","67","28360.00","2023-04-05 00:00:00","2023-04-06 00:00:00"
"6635","67","1891.00","2023-02-22 00:00:00","2023-03-20 00:00:00"
"6636","67","954.00","2023-04-04 00:00:00","2023-04-21 00:00:00"
"6637","67","1578.00","2023-07-01 00:00:00","2023-07-23 00:00:00"
"6638","67","2756.00","2023-12-18 00:00:00","2024-01-04 00:00:00"
"6639","67","21301.00","2023-08-20 00:00:00","2023-08-24 00:00:00"
"6640","67","1909.00","2023-07-20 00:00:00","2023-07-21 00:00:00"
"6641","67","7984.00","2023-10-05 00:00:00","2023-10-10 00:00:00"
"6642","67","882.00","2023-07-15 00:00:00","2023-07-24 00:00:00"
"6643","67","915.00","2023-03-31 00:00:00","2023-04-11 00:00:00"
"6644","67","45053.00","2023-10-31 00:00:00","2023-11-01 00:00:00"
"6645","67","1935.00","2023-09-21 00:00:00","2023-10-02 00:00:00"
"6646","67","2718.00","2023-05-23 00:00:00","2023-06-01 00:00:00"
"6647","67","1475.00","2023-05-03 00:00:00","2023-05-20 00:00:00"
"6648","67","5088.00","2023-03-29 00:00:00","2023-04-12 00:00:00"
"6649","67","1693.00","2023-03-23 00:00:00","2023-04-15 00:00:00"
"6650","67","1385.00","2023-03-29 00:00:00","2023-04-09 00:00:00"
"6651","67","30025.00","2023-02-11 00:00:00","2023-02-11 00:00:00"
"6652","67","33448.00","2023-05-13 00:00:00","2023-05-30 00:00:00"
"6653","67","854.00","2023-03-07 00:00:00","2023-03-30 00:00:00"
"6654","67","54253.00","2023-10-03 00:00:00","2023-10-03 00:00:00"
"6655","67","1697.00","2023-07-05 00:00:00","2023-07-27 00:00:00"
"6656","67","4779.00","2023-07-04 00:00:00","2023-07-20 00:00:00"
"6657","67","534.00","2023-05-11 00:00:00","2023-05-28 00:00:00"
"6658","67","1289.00","2023-11-08 00:00:00","2023-11-19 00:00:00"
"6659","67","615.00","2023-08-04 00:00:00","2023-08-18 00:00:00"
"6660","67","111777.00","2023-02-19 00:00:00","2023-03-17 00:00:00"
"6661","67","1003.00","2023-05-20 00:00:00","2023-05-30 00:00:00"
"6662","67","40024.00","2023-08-18 00:00:00","2023-08-26 00:00:00"
"6663","67","1977.00","2023-06-08 00:00:00","2023-06-10 00:00:00"
"6664","67","35570.00","2023-09-02 00:00:00","2023-09-12 00:00:00"
"6665","67","7086.00","2023-09-01 00:00:00","2023-09-16 00:00:00"
"6666","67","44867.00","2023-09-29 00:00:00","2023-10-05 00:00:00"
"6667","67","1770.00","2023-06-12 00:00:00","2023-06-16 00:00:00"
"6668","67","66397.00","2023-07-06 00:00:00","2023-07-28 00:00:00"
"6669","67","12214.00","2023-07-04 00:00:00","2023-07-24 00:00:00"
"6670","67","48218.00","2023-10-20 00:00:00","2023-11-16 00:00:00"
"6671","67","658.00","2023-02-01 00:00:00","2023-02-11 00:00:00"
"6672","67","23883.00","2023-08-11 00:00:00","2023-08-29 00:00:00"
"6673","67","56348.00","2023-06-16 00:00:00","2023-07-01 00:00:00"
"6674","67","35817.00","2023-04-12 00:00:00","2023-04-29 00:00:00"
"6675","67","215.00","2023-10-19 00:00:00","2023-11-06 00:00:00"
"6676","67","5105.00","2023-11-24 00:00:00","2023-12-16 00:00:00"
"6677","67","36694.00","2023-03-08 00:00:00","2023-03-31 00:00:00"
"6678","67","28856.00","2023-06-28 00:00:00","2023-07-20 00:00:00"
"6679","67","38973.00","2023-02-12 00:00:00","2023-02-16 00:00:00"
"6680","67","95.00","2023-02-14 00:00:00","2023-03-01 00:00:00"
"6681","67","474.00","2023-04-07 00:00:00","2023-04-17 00:00:00"
"6682","67","37029.00","2023-03-30 00:00:00","2023-04-23 00:00:00"
"6683","67","487.00","2023-03-02 00:00:00","2023-03-22 00:00:00"
"6684","67","2177.00","2023-10-08 00:00:00","2023-10-27 00:00:00"
"6685","67","666.00","2023-08-28 00:00:00","2023-09-04 00:00:00"
"6686","67","15071.00","2023-02-22 00:00:00","2023-03-10 00:00:00"
"6687","67","28203.00","2023-03-16 00:00:00","2023-04-13 00:00:00"
"6688","67","31381.00","2023-08-08 00:00:00","2023-08-16 00:00:00"
"6689","67","17521.00","2023-12-05 00:00:00","2023-12-16 00:00:00"
"6690","67","2369.00","2023-05-23 00:00:00","2023-06-21 00:00:00"
"6691","67","693.00","2023-06-24 00:00:00","2023-07-09 00:00:00"
"6692","67","9482.00","2023-07-22 00:00:00","2023-07-28 00:00:00"
"6693","67","19134.00","2023-06-25 00:00:00","2023-07-19 00:00:00"
"6694","67","33764.00","2023-07-24 00:00:00","2023-07-27 00:00:00"
"6695","67","1802.00","2023-07-17 00:00:00","2023-08-15 00:00:00"
"6696","67","47661.00","2023-03-19 00:00:00","2023-03-20 00:00:00"
"6697","67","2061.00","2023-05-15 00:00:00","2023-05-26 00:00:00"
"6698","67","492.00","2023-02-10 00:00:00","2023-02-23 00:00:00"
"6699","67","2584.00","2023-12-21 00:00:00","2024-01-17 00:00:00"
"6700","67","42250.00","2023-03-25 00:00:00","2023-04-12 00:00:00"
"6701","68","2638.00","2023-10-25 00:00:00","2023-11-19 00:00:00"
"6702","68","49807.00","2023-10-08 00:00:00","2023-10-19 00:00:00"
"6703","68","71080.00","2023-08-28 00:00:00","2023-09-03 00:00:00"
"6704","68","23993.00","2023-02-03 00:00:00","2023-02-14 00:00:00"
"6705","68","1920.00","2023-01-26 00:00:00","2023-02-24 00:00:00"
"6706","68","24034.00","2023-10-18 00:00:00","2023-10-24 00:00:00"
"6707","68","4962.00","2023-05-03 00:00:00","2023-05-12 00:00:00"
"6708","68","339.00","2023-11-16 00:00:00","2023-11-26 00:00:00"
"6709","68","12476.00","2023-04-06 00:00:00","2023-04-15 00:00:00"
"6710","68","17234.00","2023-03-09 00:00:00","2023-03-09 00:00:00"
"6711","68","37026.00","2023-12-02 00:00:00","2023-12-20 00:00:00"
"6712","68","35536.00","2023-08-22 00:00:00","2023-08-24 00:00:00"
"6713","68","2023.00","2023-01-24 00:00:00","2023-01-28 00:00:00"
"6714","68","2015.00","2023-06-16 00:00:00","2023-07-03 00:00:00"
"6715","68","34143.00","2023-01-31 00:00:00","2023-02-25 00:00:00"
"6716","68","15039.00","2023-10-21 00:00:00","2023-11-14 00:00:00"
"6717","68","361.00","2023-12-13 00:00:00","2024-01-06 00:00:00"
"6718","68","3252.00","2023-01-04 00:00:00","2023-01-17 00:00:00"
"6719","68","1239.00","2023-08-27 00:00:00","2023-09-24 00:00:00"
"6720","68","1797.00","2023-11-20 00:00:00","2023-11-24 00:00:00"
"6721","68","12369.00","2023-03-26 00:00:00","2023-04-12 00:00:00"
"6722","68","37357.00","2023-01-24 00:00:00","2023-02-18 00:00:00"
"6723","68","56194.00","2023-08-03 00:00:00","2023-08-03 00:00:00"
"6724","68","27858.00","2023-11-23 00:00:00","2023-11-26 00:00:00"
"6725","68","35428.00","2023-01-29 00:00:00","2023-02-06 00:00:00"
"6726","68","30776.00","2023-08-14 00:00:00","2023-09-12 00:00:00"
"6727","68","32056.00","2023-06-18 00:00:00","2023-07-10 00:00:00"
"6728","68","32254.00","2023-03-29 00:00:00","2023-04-05 00:00:00"
"6729","68","28456.00","2023-02-07 00:00:00","2023-02-23 00:00:00"
"6730","68","515.00","2023-09-05 00:00:00","2023-09-07 00:00:00"
"6731","68","1080.00","2023-12-24 00:00:00","2024-01-03 00:00:00"
"6732","68","35418.00","2023-05-21 00:00:00","2023-06-13 00:00:00"
"6733","68","435.00","2023-10-23 00:00:00","2023-11-10 00:00:00"
"6734","68","23499.00","2023-07-05 00:00:00","2023-07-10 00:00:00"
"6735","68","2694.00","2023-05-20 00:00:00","2023-05-29 00:00:00"
"6736","68","10144.00","2023-02-10 00:00:00","2023-03-02 00:00:00"
"6737","68","6195.00","2023-01-22 00:00:00","2023-01-28 00:00:00"
"6738","68","10812.00","2023-10-08 00:00:00","2023-10-23 00:00:00"
"6739","68","20056.00","2023-12-03 00:00:00","2023-12-03 00:00:00"
"6740","68","32076.00","2023-04-15 00:00:00","2023-05-11 00:00:00"
"6741","68","5590.00","2023-04-10 00:00:00","2023-04-24 00:00:00"
"6742","68","1613.00","2023-12-24 00:00:00","2024-01-11 00:00:00"
"6743","68","39673.00","2023-06-22 00:00:00","2023-06-29 00:00:00"
"6744","68","20666.00","2023-12-31 00:00:00","2024-01-05 00:00:00"
"6745","68","1468.00","2023-09-21 00:00:00","2023-10-20 00:00:00"
"6746","68","2004.00","2023-07-28 00:00:00","2023-08-15 00:00:00"
"6747","68","54112.00","2023-08-30 00:00:00","2023-09-08 00:00:00"
"6748","68","3185.00","2023-04-07 00:00:00","2023-04-07 00:00:00"
"6749","68","21536.00","2023-11-19 00:00:00","2023-11-20 00:00:00"
"6750","68","483.00","2023-09-26 00:00:00","2023-10-11 00:00:00"
"6751","68","158.00","2023-03-29 00:00:00","2023-03-31 00:00:00"
"6752","68","186.00","2023-08-17 00:00:00","2023-09-07 00:00:00"
"6753","68","45789.00","2023-04-02 00:00:00","2023-04-23 00:00:00"
"6754","68","4942.00","2023-05-30 00:00:00","2023-06-11 00:00:00"
"6755","68","9261.00","2023-07-12 00:00:00","2023-07-19 00:00:00"
"6756","68","10794.00","2023-06-28 00:00:00","2023-07-20 00:00:00"
"6757","68","1090.00","2023-05-27 00:00:00","2023-06-01 00:00:00"
"6758","68","1307.00","2023-01-28 00:00:00","2023-02-01 00:00:00"
"6759","68","1167.00","2023-09-28 00:00:00","2023-10-19 00:00:00"
"6760","68","4210.00","2023-11-07 00:00:00","2023-11-15 00:00:00"
"6761","68","702.00","2023-09-25 00:00:00","2023-10-21 00:00:00"
"6762","68","15684.00","2023-03-06 00:00:00","2023-04-01 00:00:00"
"6763","68","2502.00","2023-12-28 00:00:00","2023-12-29 00:00:00"
"6764","68","18715.00","2023-07-01 00:00:00","2023-07-02 00:00:00"
"6765","68","1148.00","2023-09-04 00:00:00","2023-09-05 00:00:00"
"6766","68","51023.00","2023-11-04 00:00:00","2023-11-05 00:00:00"
"6767","68","4288.00","2023-03-27 00:00:00","2023-04-10 00:00:00"
"6768","68","97375.00","2023-06-09 00:00:00","2023-06-09 00:00:00"
"6769","68","9441.00","2023-01-10 00:00:00","2023-02-06 00:00:00"
"6770","68","543.00","2023-06-09 00:00:00","2023-06-26 00:00:00"
"6771","68","45381.00","2023-04-05 00:00:00","2023-04-25 00:00:00"
"6772","68","73677.00","2023-01-27 00:00:00","2023-02-21 00:00:00"
"6773","68","935.00","2023-04-14 00:00:00","2023-04-29 00:00:00"
"6774","68","9598.00","2023-03-29 00:00:00","2023-04-17 00:00:00"
"6775","68","17329.00","2023-04-02 00:00:00","2023-04-07 00:00:00"
"6776","68","27790.00","2023-06-23 00:00:00","2023-07-19 00:00:00"
"6777","68","77230.00","2023-08-03 00:00:00","2023-08-15 00:00:00"
"6778","68","15993.00","2023-09-13 00:00:00","2023-10-05 00:00:00"
"6779","68","314.00","2023-04-26 00:00:00","2023-04-28 00:00:00"
"6780","68","36114.00","2023-09-18 00:00:00","2023-10-16 00:00:00"
"6781","68","15340.00","2023-12-23 00:00:00","2023-12-27 00:00:00"
"6782","68","3546.00","2023-05-10 00:00:00","2023-06-02 00:00:00"
"6783","68","4903.00","2023-02-08 00:00:00","2023-02-14 00:00:00"
"6784","68","1077.00","2023-04-02 00:00:00","2023-04-28 00:00:00"
"6785","68","30799.00","2023-01-02 00:00:00","2023-01-18 00:00:00"
"6786","68","28554.00","2023-05-31 00:00:00","2023-06-03 00:00:00"
"6787","68","10807.00","2023-05-30 00:00:00","2023-06-24 00:00:00"
"6788","68","696.00","2023-03-13 00:00:00","2023-03-13 00:00:00"
"6789","68","20430.00","2023-03-02 00:00:00","2023-03-19 00:00:00"
"6790","68","10746.00","2023-03-17 00:00:00","2023-03-26 00:00:00"
"6791","68","20887.00","2023-05-12 00:00:00","2023-05-29 00:00:00"
"6792","68","1390.00","2023-04-01 00:00:00","2023-04-20 00:00:00"
"6793","68","14055.00","2023-01-31 00:00:00","2023-02-13 00:00:00"
"6794","68","46330.00","2023-08-27 00:00:00","2023-09-09 00:00:00"
"6795","68","6975.00","2023-01-28 00:00:00","2023-02-21 00:00:00"
"6796","68","60039.00","2023-07-24 00:00:00","2023-08-03 00:00:00"
"6797","68","57390.00","2023-03-31 00:00:00","2023-04-19 00:00:00"
"6798","68","433.00","2023-05-04 00:00:00","2023-05-12 00:00:00"
"6799","68","9581.00","2023-08-17 00:00:00","2023-09-07 00:00:00"
"6800","68","2290.00","2023-06-30 00:00:00","2023-07-12 00:00:00"
"6801","69","11208.00","2023-03-03 00:00:00","2023-03-23 00:00:00"
"6802","69","19433.00","2023-10-03 00:00:00","2023-10-24 00:00:00"
"6803","69","1298.00","2023-09-03 00:00:00","2023-09-25 00:00:00"
"6804","69","24370.00","2023-06-02 00:00:00","2023-06-02 00:00:00"
"6805","69","25347.00","2023-12-26 00:00:00","2024-01-13 00:00:00"
"6806","69","437.00","2023-12-13 00:00:00","2024-01-05 00:00:00"
"6807","69","27073.00","2023-02-28 00:00:00","2023-03-25 00:00:00"
"6808","69","3218.00","2023-03-04 00:00:00","2023-03-07 00:00:00"
"6809","69","634.00","2023-12-21 00:00:00","2024-01-16 00:00:00"
"6810","69","9773.00","2023-01-03 00:00:00","2023-01-26 00:00:00"
"6811","69","21997.00","2023-10-17 00:00:00","2023-10-29 00:00:00"
"6812","69","31172.00","2023-12-24 00:00:00","2023-12-24 00:00:00"
"6813","69","25589.00","2023-01-14 00:00:00","2023-02-01 00:00:00"
"6814","69","6517.00","2023-05-13 00:00:00","2023-05-19 00:00:00"
"6815","69","18226.00","2023-03-02 00:00:00","2023-03-25 00:00:00"
"6816","69","1492.00","2023-08-12 00:00:00","2023-08-27 00:00:00"
"6817","69","17833.00","2023-04-24 00:00:00","2023-05-13 00:00:00"
"6818","69","36626.00","2023-10-18 00:00:00","2023-11-09 00:00:00"
"6819","69","37392.00","2023-07-03 00:00:00","2023-07-31 00:00:00"
"6820","69","2215.00","2023-11-02 00:00:00","2023-11-27 00:00:00"
"6821","69","920.00","2023-01-14 00:00:00","2023-01-23 00:00:00"
"6822","69","42089.00","2023-05-19 00:00:00","2023-05-28 00:00:00"
"6823","69","18227.00","2023-07-22 00:00:00","2023-08-07 00:00:00"
"6824","69","5410.00","2023-04-12 00:00:00","2023-04-14 00:00:00"
"6825","69","1737.00","2023-06-08 00:00:00","2023-06-17 00:00:00"
"6826","69","6453.00","2023-10-11 00:00:00","2023-10-23 00:00:00"
"6827","69","15403.00","2023-04-25 00:00:00","2023-05-05 00:00:00"
"6828","69","9296.00","2023-04-06 00:00:00","2023-05-02 00:00:00"
"6829","69","12578.00","2023-09-22 00:00:00","2023-10-20 00:00:00"
"6830","69","16012.00","2023-10-13 00:00:00","2023-10-17 00:00:00"
"6831","69","40402.00","2023-10-01 00:00:00","2023-10-21 00:00:00"
"6832","69","16813.00","2023-07-02 00:00:00","2023-07-26 00:00:00"
"6833","69","32953.00","2023-10-05 00:00:00","2023-10-23 00:00:00"
"6834","69","30783.00","2023-03-16 00:00:00","2023-03-23 00:00:00"
"6835","69","20709.00","2023-01-17 00:00:00","2023-01-22 00:00:00"
"6836","69","575.00","2023-05-31 00:00:00","2023-06-29 00:00:00"
"6837","69","3335.00","2023-08-02 00:00:00","2023-08-28 00:00:00"
"6838","69","4937.00","2023-09-04 00:00:00","2023-09-14 00:00:00"
"6839","69","10651.00","2023-03-05 00:00:00","2023-03-09 00:00:00"
"6840","69","39024.00","2023-09-23 00:00:00","2023-10-07 00:00:00"
"6841","69","8821.00","2023-09-15 00:00:00","2023-10-06 00:00:00"
"6842","69","3594.00","2023-08-25 00:00:00","2023-09-23 00:00:00"
"6843","69","6989.00","2023-06-22 00:00:00","2023-06-23 00:00:00"
"6844","69","45351.00","2023-02-25 00:00:00","2023-03-08 00:00:00"
"6845","69","56680.00","2023-07-23 00:00:00","2023-08-18 00:00:00"
"6846","69","1459.00","2023-09-08 00:00:00","2023-09-15 00:00:00"
"6847","69","2159.00","2023-10-27 00:00:00","2023-11-02 00:00:00"
"6848","69","14769.00","2023-11-10 00:00:00","2023-11-28 00:00:00"
"6849","69","1026.00","2023-11-28 00:00:00","2023-12-22 00:00:00"
"6850","69","1455.00","2023-07-04 00:00:00","2023-07-29 00:00:00"
"6851","69","717.00","2023-02-24 00:00:00","2023-03-19 00:00:00"
"6852","69","36320.00","2023-03-05 00:00:00","2023-03-08 00:00:00"
"6853","69","17847.00","2023-01-21 00:00:00","2023-01-27 00:00:00"
"6854","69","21932.00","2023-09-07 00:00:00","2023-10-01 00:00:00"
"6855","69","9176.00","2023-01-25 00:00:00","2023-02-06 00:00:00"
"6856","69","492.00","2023-06-28 00:00:00","2023-07-22 00:00:00"
"6857","69","19390.00","2023-06-16 00:00:00","2023-06-29 00:00:00"
"6858","69","61990.00","2023-04-29 00:00:00","2023-05-23 00:00:00"
"6859","69","27819.00","2023-04-25 00:00:00","2023-05-14 00:00:00"
"6860","69","4024.00","2023-08-02 00:00:00","2023-08-31 00:00:00"
"6861","69","9294.00","2023-01-14 00:00:00","2023-02-10 00:00:00"
"6862","69","254.00","2023-08-17 00:00:00","2023-09-13 00:00:00"
"6863","69","40833.00","2023-03-25 00:00:00","2023-03-27 00:00:00"
"6864","69","17242.00","2023-02-22 00:00:00","2023-03-09 00:00:00"
"6865","69","5708.00","2023-08-18 00:00:00","2023-09-08 00:00:00"
"6866","69","38407.00","2023-10-15 00:00:00","2023-11-02 00:00:00"
"6867","69","15115.00","2023-07-27 00:00:00","2023-08-15 00:00:00"
"6868","69","35929.00","2023-09-21 00:00:00","2023-10-02 00:00:00"
"6869","69","1017.00","2023-11-07 00:00:00","2023-11-11 00:00:00"
"6870","69","71549.00","2023-02-21 00:00:00","2023-03-17 00:00:00"
"6871","69","12854.00","2023-02-26 00:00:00","2023-03-14 00:00:00"
"6872","69","2211.00","2023-07-25 00:00:00","2023-08-05 00:00:00"
"6873","69","7161.00","2023-02-20 00:00:00","2023-03-04 00:00:00"
"6874","69","8329.00","2023-05-21 00:00:00","2023-06-09 00:00:00"
"6875","69","52367.00","2023-09-25 00:00:00","2023-10-17 00:00:00"
"6876","69","835.00","2023-11-20 00:00:00","2023-11-29 00:00:00"
"6877","69","752.00","2023-10-22 00:00:00","2023-11-02 00:00:00"
"6878","69","3072.00","2023-07-29 00:00:00","2023-08-27 00:00:00"
"6879","69","2108.00","2023-03-18 00:00:00","2023-04-07 00:00:00"
"6880","69","8098.00","2023-11-04 00:00:00","2023-11-06 00:00:00"
"6881","69","71992.00","2023-03-19 00:00:00","2023-04-02 00:00:00"
"6882","69","421.00","2023-02-21 00:00:00","2023-03-16 00:00:00"
"6883","69","36489.00","2023-07-17 00:00:00","2023-07-20 00:00:00"
"6884","69","152.00","2023-04-29 00:00:00","2023-05-04 00:00:00"
"6885","69","6995.00","2023-08-15 00:00:00","2023-08-22 00:00:00"
"6886","69","13432.00","2023-07-21 00:00:00","2023-08-06 00:00:00"
"6887","69","1985.00","2023-02-07 00:00:00","2023-02-25 00:00:00"
"6888","69","23338.00","2023-12-21 00:00:00","2023-12-29 00:00:00"
"6889","69","1849.00","2023-01-28 00:00:00","2023-02-17 00:00:00"
"6890","69","865.00","2023-06-14 00:00:00","2023-06-17 00:00:00"
"6891","69","18629.00","2023-01-04 00:00:00","2023-01-15 00:00:00"
"6892","69","36072.00","2023-03-07 00:00:00","2023-03-25 00:00:00"
"6893","69","46804.00","2023-11-22 00:00:00","2023-12-10 00:00:00"
"6894","69","22690.00","2023-06-02 00:00:00","2023-06-20 00:00:00"
"6895","69","85872.00","2023-08-15 00:00:00","2023-09-06 00:00:00"
"6896","69","6895.00","2023-08-17 00:00:00","2023-09-01 00:00:00"
"6897","69","50610.00","2023-04-08 00:00:00","2023-04-27 00:00:00"
"6898","69","45489.00","2023-06-08 00:00:00","2023-06-17 00:00:00"
"6899","69","16072.00","2023-05-14 00:00:00","2023-05-15 00:00:00"
"6900","69","3739.00","2023-05-16 00:00:00","2023-06-07 00:00:00"
"6901","70","9244.00","2023-06-24 00:00:00","2023-07-23 00:00:00"
"6902","70","15145.00","2023-07-27 00:00:00","2023-08-03 00:00:00"
"6903","70","19363.00","2023-09-11 00:00:00","2023-09-18 00:00:00"
"6904","70","5979.00","2023-04-14 00:00:00","2023-05-11 00:00:00"
"6905","70","9945.00","2023-09-29 00:00:00","2023-10-01 00:00:00"
"6906","70","1783.00","2023-07-08 00:00:00","2023-07-11 00:00:00"
"6907","70","22866.00","2023-04-04 00:00:00","2023-04-05 00:00:00"
"6908","70","31140.00","2023-06-29 00:00:00","2023-07-05 00:00:00"
"6909","70","60167.00","2023-05-05 00:00:00","2023-05-25 00:00:00"
"6910","70","1636.00","2023-04-17 00:00:00","2023-05-14 00:00:00"
"6911","70","30202.00","2023-02-15 00:00:00","2023-02-16 00:00:00"
"6912","70","34335.00","2023-12-04 00:00:00","2023-12-26 00:00:00"
"6913","70","2253.00","2023-03-21 00:00:00","2023-04-06 00:00:00"
"6914","70","234.00","2023-01-25 00:00:00","2023-02-07 00:00:00"
"6915","70","48994.00","2023-11-19 00:00:00","2023-11-19 00:00:00"
"6916","70","1804.00","2023-05-05 00:00:00","2023-05-14 00:00:00"
"6917","70","61367.00","2023-03-12 00:00:00","2023-03-21 00:00:00"
"6918","70","11758.00","2023-12-21 00:00:00","2024-01-15 00:00:00"
"6919","70","1104.00","2023-01-22 00:00:00","2023-01-24 00:00:00"
"6920","70","32087.00","2023-12-10 00:00:00","2024-01-03 00:00:00"
"6921","70","45290.00","2023-11-26 00:00:00","2023-12-09 00:00:00"
"6922","70","9197.00","2023-03-02 00:00:00","2023-03-27 00:00:00"
"6923","70","15828.00","2023-01-04 00:00:00","2023-01-23 00:00:00"
"6924","70","6681.00","2023-07-21 00:00:00","2023-08-13 00:00:00"
"6925","70","27513.00","2023-04-26 00:00:00","2023-05-01 00:00:00"
"6926","70","510.00","2023-06-07 00:00:00","2023-07-01 00:00:00"
"6927","70","22767.00","2023-08-11 00:00:00","2023-08-22 00:00:00"
"6928","70","37879.00","2023-02-05 00:00:00","2023-03-02 00:00:00"
"6929","70","26165.00","2023-10-14 00:00:00","2023-10-26 00:00:00"
"6930","70","22888.00","2023-05-28 00:00:00","2023-06-15 00:00:00"
"6931","70","10062.00","2023-12-30 00:00:00","2024-01-23 00:00:00"
"6932","70","28311.00","2023-04-18 00:00:00","2023-04-21 00:00:00"
"6933","70","20638.00","2023-09-14 00:00:00","2023-10-08 00:00:00"
"6934","70","19038.00","2023-06-07 00:00:00","2023-06-17 00:00:00"
"6935","70","12532.00","2023-04-14 00:00:00","2023-05-03 00:00:00"
"6936","70","32478.00","2023-07-29 00:00:00","2023-08-05 00:00:00"
"6937","70","5189.00","2023-06-01 00:00:00","2023-06-02 00:00:00"
"6938","70","118.00","2023-09-05 00:00:00","2023-10-03 00:00:00"
"6939","70","14002.00","2023-03-31 00:00:00","2023-04-01 00:00:00"
"6940","70","3543.00","2023-03-10 00:00:00","2023-03-10 00:00:00"
"6941","70","911.00","2023-11-25 00:00:00","2023-12-18 00:00:00"
"6942","70","1075.00","2023-02-17 00:00:00","2023-03-14 00:00:00"
"6943","70","382.00","2023-04-10 00:00:00","2023-04-24 00:00:00"
"6944","70","3036.00","2023-10-25 00:00:00","2023-11-17 00:00:00"
"6945","70","1909.00","2023-05-22 00:00:00","2023-06-15 00:00:00"
"6946","70","1567.00","2023-03-21 00:00:00","2023-03-29 00:00:00"
"6947","70","80272.00","2023-12-11 00:00:00","2023-12-29 00:00:00"
"6948","70","16391.00","2023-06-24 00:00:00","2023-07-02 00:00:00"
"6949","70","33572.00","2023-04-04 00:00:00","2023-04-14 00:00:00"
"6950","70","20842.00","2023-06-17 00:00:00","2023-06-26 00:00:00"
"6951","70","30175.00","2023-02-27 00:00:00","2023-03-26 00:00:00"
"6952","70","1821.00","2023-01-13 00:00:00","2023-01-27 00:00:00"
"6953","70","10627.00","2023-09-22 00:00:00","2023-10-01 00:00:00"
"6954","70","700.00","2023-11-23 00:00:00","2023-12-13 00:00:00"
"6955","70","9534.00","2023-12-31 00:00:00","2024-01-17 00:00:00"
"6956","70","942.00","2023-06-21 00:00:00","2023-07-01 00:00:00"
"6957","70","28595.00","2023-09-15 00:00:00","2023-10-08 00:00:00"
"6958","70","89156.00","2023-02-28 00:00:00","2023-03-23 00:00:00"
"6959","70","16145.00","2023-06-20 00:00:00","2023-07-15 00:00:00"
"6960","70","60012.00","2023-04-11 00:00:00","2023-04-20 00:00:00"
"6961","70","4177.00","2023-02-27 00:00:00","2023-03-01 00:00:00"
"6962","70","37687.00","2023-01-23 00:00:00","2023-02-06 00:00:00"
"6963","70","12728.00","2023-04-02 00:00:00","2023-04-15 00:00:00"
"6964","70","21622.00","2023-09-23 00:00:00","2023-10-01 00:00:00"
"6965","70","17522.00","2023-05-19 00:00:00","2023-05-19 00:00:00"
"6966","70","374.00","2023-06-28 00:00:00","2023-07-04 00:00:00"
"6967","70","3561.00","2023-07-30 00:00:00","2023-08-22 00:00:00"
"6968","70","31093.00","2023-03-28 00:00:00","2023-04-08 00:00:00"
"6969","70","7364.00","2023-02-03 00:00:00","2023-02-08 00:00:00"
"6970","70","4291.00","2023-12-27 00:00:00","2023-12-30 00:00:00"
"6971","70","18931.00","2023-11-06 00:00:00","2023-11-07 00:00:00"
"6972","70","16488.00","2023-10-05 00:00:00","2023-10-24 00:00:00"
"6973","70","1572.00","2023-02-18 00:00:00","2023-02-26 00:00:00"
"6974","70","1590.00","2023-05-05 00:00:00","2023-05-14 00:00:00"
"6975","70","3992.00","2023-12-02 00:00:00","2023-12-03 00:00:00"
"6976","70","11550.00","2023-09-06 00:00:00","2023-09-24 00:00:00"
"6977","70","3294.00","2023-03-31 00:00:00","2023-04-03 00:00:00"
"6978","70","4509.00","2023-11-21 00:00:00","2023-12-15 00:00:00"
"6979","70","73805.00","2023-06-19 00:00:00","2023-06-29 00:00:00"
"6980","70","10512.00","2023-03-08 00:00:00","2023-03-26 00:00:00"
"6981","70","12791.00","2023-08-08 00:00:00","2023-09-04 00:00:00"
"6982","70","7779.00","2023-01-28 00:00:00","2023-02-04 00:00:00"
"6983","70","739.00","2023-02-20 00:00:00","2023-03-01 00:00:00"
"6984","70","38058.00","2023-11-02 00:00:00","2023-11-08 00:00:00"
"6985","70","100.00","2023-09-20 00:00:00","2023-09-20 00:00:00"
"6986","70","756.00","2023-12-08 00:00:00","2023-12-29 00:00:00"
"6987","70","4538.00","2023-08-28 00:00:00","2023-09-06 00:00:00"
"6988","70","102623.00","2023-01-20 00:00:00","2023-02-01 00:00:00"
"6989","70","3459.00","2023-04-28 00:00:00","2023-05-19 00:00:00"
"6990","70","39666.00","2023-01-26 00:00:00","2023-02-04 00:00:00"
"6991","70","3096.00","2023-05-23 00:00:00","2023-05-28 00:00:00"
"6992","70","24777.00","2023-06-06 00:00:00","2023-06-25 00:00:00"
"6993","70","19560.00","2023-02-05 00:00:00","2023-03-02 00:00:00"
"6994","70","1635.00","2023-02-18 00:00:00","2023-02-24 00:00:00"
"6995","70","7939.00","2023-11-26 00:00:00","2023-12-24 00:00:00"
"6996","70","1138.00","2023-01-04 00:00:00","2023-01-30 00:00:00"
"6997","70","18296.00","2023-10-22 00:00:00","2023-11-06 00:00:00"
"6998","70","20578.00","2023-04-18 00:00:00","2023-05-13 00:00:00"
"6999","70","4605.00","2023-05-31 00:00:00","2023-06-09 00:00:00"
"7000","70","358.00","2023-01-10 00:00:00","2023-01-30 00:00:00"
"7001","71","16512.00","2023-03-15 00:00:00","2023-04-03 00:00:00"
"7002","71","91236.00","2023-12-22 00:00:00","2024-01-04 00:00:00"
"7003","71","18095.00","2023-08-13 00:00:00","2023-08-28 00:00:00"
"7004","71","109.00","2023-01-12 00:00:00","2023-02-02 00:00:00"
"7005","71","375.00","2023-04-25 00:00:00","2023-05-24 00:00:00"
"7006","71","49592.00","2023-09-14 00:00:00","2023-09-23 00:00:00"
"7007","71","726.00","2023-07-07 00:00:00","2023-07-18 00:00:00"
"7008","71","14028.00","2023-01-02 00:00:00","2023-01-12 00:00:00"
"7009","71","454.00","2023-11-23 00:00:00","2023-12-18 00:00:00"
"7010","71","2358.00","2023-03-24 00:00:00","2023-03-31 00:00:00"
"7011","71","355.00","2023-12-19 00:00:00","2024-01-02 00:00:00"
"7012","71","50768.00","2023-06-01 00:00:00","2023-06-06 00:00:00"
"7013","71","13634.00","2023-11-17 00:00:00","2023-12-13 00:00:00"
"7014","71","1044.00","2023-05-19 00:00:00","2023-05-25 00:00:00"
"7015","71","2840.00","2023-03-25 00:00:00","2023-04-17 00:00:00"
"7016","71","22840.00","2023-05-07 00:00:00","2023-05-24 00:00:00"
"7017","71","694.00","2023-08-27 00:00:00","2023-08-27 00:00:00"
"7018","71","27342.00","2023-07-10 00:00:00","2023-07-21 00:00:00"
"7019","71","17122.00","2023-04-18 00:00:00","2023-05-10 00:00:00"
"7020","71","472.00","2023-07-18 00:00:00","2023-07-30 00:00:00"
"7021","71","5615.00","2023-02-10 00:00:00","2023-02-16 00:00:00"
"7022","71","15887.00","2023-04-25 00:00:00","2023-05-12 00:00:00"
"7023","71","1990.00","2023-11-02 00:00:00","2023-11-26 00:00:00"
"7024","71","12093.00","2023-11-23 00:00:00","2023-12-19 00:00:00"
"7025","71","31387.00","2023-07-06 00:00:00","2023-07-08 00:00:00"
"7026","71","4432.00","2023-03-26 00:00:00","2023-03-31 00:00:00"
"7027","71","10952.00","2023-02-20 00:00:00","2023-03-20 00:00:00"
"7028","71","44938.00","2023-08-05 00:00:00","2023-08-15 00:00:00"
"7029","71","35993.00","2023-06-30 00:00:00","2023-07-01 00:00:00"
"7030","71","15900.00","2023-03-15 00:00:00","2023-04-13 00:00:00"
"7031","71","27996.00","2023-08-01 00:00:00","2023-08-29 00:00:00"
"7032","71","1001.00","2023-02-28 00:00:00","2023-03-18 00:00:00"
"7033","71","27633.00","2023-01-14 00:00:00","2023-02-03 00:00:00"
"7034","71","942.00","2023-12-06 00:00:00","2023-12-22 00:00:00"
"7035","71","27362.00","2023-02-09 00:00:00","2023-03-01 00:00:00"
"7036","71","949.00","2023-06-30 00:00:00","2023-07-03 00:00:00"
"7037","71","20477.00","2023-12-26 00:00:00","2023-12-31 00:00:00"
"7038","71","7018.00","2023-07-27 00:00:00","2023-08-14 00:00:00"
"7039","71","336.00","2023-04-20 00:00:00","2023-05-04 00:00:00"
"7040","71","15349.00","2023-01-01 00:00:00","2023-01-15 00:00:00"
"7041","71","10149.00","2023-07-02 00:00:00","2023-07-16 00:00:00"
"7042","71","27592.00","2023-09-23 00:00:00","2023-10-07 00:00:00"
"7043","71","39013.00","2023-05-29 00:00:00","2023-06-25 00:00:00"
"7044","71","22888.00","2023-02-24 00:00:00","2023-03-15 00:00:00"
"7045","71","25728.00","2023-12-10 00:00:00","2023-12-31 00:00:00"
"7046","71","87230.00","2023-01-03 00:00:00","2023-01-15 00:00:00"
"7047","71","24056.00","2023-11-03 00:00:00","2023-11-23 00:00:00"
"7048","71","558.00","2023-04-08 00:00:00","2023-04-18 00:00:00"
"7049","71","483.00","2023-09-21 00:00:00","2023-09-21 00:00:00"
"7050","71","19735.00","2023-04-22 00:00:00","2023-05-20 00:00:00"
"7051","71","18497.00","2023-11-20 00:00:00","2023-11-23 00:00:00"
"7052","71","6552.00","2023-07-21 00:00:00","2023-08-03 00:00:00"
"7053","71","62485.00","2023-10-31 00:00:00","2023-10-31 00:00:00"
"7054","71","61171.00","2023-09-05 00:00:00","2023-09-25 00:00:00"
"7055","71","587.00","2023-04-15 00:00:00","2023-04-29 00:00:00"
"7056","71","103047.00","2023-09-24 00:00:00","2023-09-30 00:00:00"
"7057","71","30184.00","2023-06-04 00:00:00","2023-06-09 00:00:00"
"7058","71","2609.00","2023-06-10 00:00:00","2023-06-29 00:00:00"
"7059","71","139.00","2023-10-24 00:00:00","2023-11-20 00:00:00"
"7060","71","17539.00","2023-08-21 00:00:00","2023-09-07 00:00:00"
"7061","71","6088.00","2023-12-08 00:00:00","2023-12-26 00:00:00"
"7062","71","2373.00","2023-08-09 00:00:00","2023-08-16 00:00:00"
"7063","71","21439.00","2023-09-15 00:00:00","2023-10-08 00:00:00"
"7064","71","693.00","2023-10-27 00:00:00","2023-11-21 00:00:00"
"7065","71","2022.00","2023-07-31 00:00:00","2023-07-31 00:00:00"
"7066","71","2848.00","2023-03-25 00:00:00","2023-04-06 00:00:00"
"7067","71","419.00","2023-11-06 00:00:00","2023-11-19 00:00:00"
"7068","71","23250.00","2023-05-31 00:00:00","2023-06-12 00:00:00"
"7069","71","80154.00","2023-05-09 00:00:00","2023-05-20 00:00:00"
"7070","71","2493.00","2023-06-17 00:00:00","2023-06-28 00:00:00"
"7071","71","330.00","2023-11-14 00:00:00","2023-12-09 00:00:00"
"7072","71","46050.00","2023-01-18 00:00:00","2023-02-11 00:00:00"
"7073","71","1716.00","2023-10-03 00:00:00","2023-10-07 00:00:00"
"7074","71","5293.00","2023-10-16 00:00:00","2023-10-20 00:00:00"
"7075","71","573.00","2023-01-07 00:00:00","2023-01-18 00:00:00"
"7076","71","8515.00","2023-04-27 00:00:00","2023-05-24 00:00:00"
"7077","71","1986.00","2023-12-22 00:00:00","2023-12-30 00:00:00"
"7078","71","37468.00","2023-02-17 00:00:00","2023-03-15 00:00:00"
"7079","71","30237.00","2023-05-18 00:00:00","2023-05-28 00:00:00"
"7080","71","67992.00","2023-01-04 00:00:00","2023-01-21 00:00:00"
"7081","71","32552.00","2023-06-02 00:00:00","2023-06-09 00:00:00"
"7082","71","4489.00","2023-02-08 00:00:00","2023-02-26 00:00:00"
"7083","71","46617.00","2023-09-06 00:00:00","2023-09-29 00:00:00"
"7084","71","774.00","2023-07-24 00:00:00","2023-08-12 00:00:00"
"7085","71","8203.00","2023-11-26 00:00:00","2023-12-17 00:00:00"
"7086","71","1066.00","2023-05-29 00:00:00","2023-06-09 00:00:00"
"7087","71","1468.00","2023-09-26 00:00:00","2023-10-13 00:00:00"
"7088","71","45310.00","2023-08-24 00:00:00","2023-09-15 00:00:00"
"7089","71","24875.00","2023-06-12 00:00:00","2023-07-09 00:00:00"
"7090","71","4334.00","2023-03-06 00:00:00","2023-03-08 00:00:00"
"7091","71","976.00","2023-10-03 00:00:00","2023-10-10 00:00:00"
"7092","71","1580.00","2023-05-24 00:00:00","2023-06-05 00:00:00"
"7093","71","17392.00","2023-04-03 00:00:00","2023-05-01 00:00:00"
"7094","71","63992.00","2023-11-13 00:00:00","2023-12-12 00:00:00"
"7095","71","29119.00","2023-07-21 00:00:00","2023-08-05 00:00:00"
"7096","71","69181.00","2023-10-27 00:00:00","2023-11-20 00:00:00"
"7097","71","15396.00","2023-12-06 00:00:00","2023-12-06 00:00:00"
"7098","71","39549.00","2023-11-17 00:00:00","2023-11-26 00:00:00"
"7099","71","34992.00","2023-04-20 00:00:00","2023-05-12 00:00:00"
"7100","71","763.00","2023-12-08 00:00:00","2024-01-03 00:00:00"
"7101","72","57992.00","2023-07-09 00:00:00","2023-07-23 00:00:00"
"7102","72","12026.00","2023-08-30 00:00:00","2023-09-02 00:00:00"
"7103","72","30928.00","2023-02-15 00:00:00","2023-03-06 00:00:00"
"7104","72","56993.00","2023-11-07 00:00:00","2023-11-19 00:00:00"
"7105","72","34182.00","2023-05-14 00:00:00","2023-05-25 00:00:00"
"7106","72","29094.00","2023-05-06 00:00:00","2023-05-09 00:00:00"
"7107","72","47362.00","2023-04-02 00:00:00","2023-04-18 00:00:00"
"7108","72","3862.00","2023-11-24 00:00:00","2023-12-17 00:00:00"
"7109","72","76090.00","2023-11-20 00:00:00","2023-11-27 00:00:00"
"7110","72","28988.00","2023-01-12 00:00:00","2023-01-13 00:00:00"
"7111","72","1404.00","2023-11-26 00:00:00","2023-12-21 00:00:00"
"7112","72","45472.00","2023-06-02 00:00:00","2023-06-09 00:00:00"
"7113","72","30764.00","2023-10-09 00:00:00","2023-10-22 00:00:00"
"7114","72","20111.00","2023-05-19 00:00:00","2023-06-14 00:00:00"
"7115","72","2093.00","2023-04-23 00:00:00","2023-05-15 00:00:00"
"7116","72","39034.00","2023-06-28 00:00:00","2023-06-28 00:00:00"
"7117","72","1182.00","2023-01-11 00:00:00","2023-01-31 00:00:00"
"7118","72","1259.00","2023-08-25 00:00:00","2023-09-12 00:00:00"
"7119","72","35916.00","2023-12-08 00:00:00","2023-12-14 00:00:00"
"7120","72","2344.00","2023-09-05 00:00:00","2023-09-09 00:00:00"
"7121","72","25402.00","2023-05-01 00:00:00","2023-05-28 00:00:00"
"7122","72","2856.00","2023-02-22 00:00:00","2023-03-01 00:00:00"
"7123","72","17905.00","2023-02-06 00:00:00","2023-03-03 00:00:00"
"7124","72","46781.00","2023-04-13 00:00:00","2023-04-14 00:00:00"
"7125","72","3613.00","2023-12-25 00:00:00","2023-12-26 00:00:00"
"7126","72","36157.00","2023-04-20 00:00:00","2023-05-16 00:00:00"
"7127","72","85692.00","2023-10-25 00:00:00","2023-11-22 00:00:00"
"7128","72","432.00","2023-05-11 00:00:00","2023-05-29 00:00:00"
"7129","72","24604.00","2023-04-19 00:00:00","2023-04-30 00:00:00"
"7130","72","3060.00","2023-10-08 00:00:00","2023-10-30 00:00:00"
"7131","72","72049.00","2023-01-07 00:00:00","2023-01-14 00:00:00"
"7132","72","17595.00","2023-07-13 00:00:00","2023-08-11 00:00:00"
"7133","72","65124.00","2023-11-06 00:00:00","2023-11-06 00:00:00"
"7134","72","4142.00","2023-04-09 00:00:00","2023-05-04 00:00:00"
"7135","72","2914.00","2023-09-17 00:00:00","2023-10-10 00:00:00"
"7136","72","816.00","2023-12-26 00:00:00","2024-01-13 00:00:00"
"7137","72","819.00","2023-09-10 00:00:00","2023-09-21 00:00:00"
"7138","72","33034.00","2023-06-23 00:00:00","2023-07-10 00:00:00"
"7139","72","6855.00","2023-04-10 00:00:00","2023-04-28 00:00:00"
"7140","72","35934.00","2023-03-04 00:00:00","2023-03-11 00:00:00"
"7141","72","29860.00","2023-10-22 00:00:00","2023-11-10 00:00:00"
"7142","72","16901.00","2023-03-04 00:00:00","2023-03-13 00:00:00"
"7143","72","18366.00","2023-01-07 00:00:00","2023-01-12 00:00:00"
"7144","72","9311.00","2023-08-11 00:00:00","2023-08-15 00:00:00"
"7145","72","4846.00","2023-10-28 00:00:00","2023-11-20 00:00:00"
"7146","72","12592.00","2023-09-19 00:00:00","2023-10-05 00:00:00"
"7147","72","8864.00","2023-04-23 00:00:00","2023-05-19 00:00:00"
"7148","72","40569.00","2023-09-25 00:00:00","2023-09-29 00:00:00"
"7149","72","383.00","2023-11-09 00:00:00","2023-12-08 00:00:00"
"7150","72","474.00","2023-11-20 00:00:00","2023-11-30 00:00:00"
"7151","72","40369.00","2023-01-08 00:00:00","2023-01-13 00:00:00"
"7152","72","722.00","2023-12-07 00:00:00","2023-12-30 00:00:00"
"7153","72","327.00","2023-01-08 00:00:00","2023-01-31 00:00:00"
"7154","72","22395.00","2023-11-19 00:00:00","2023-11-28 00:00:00"
"7155","72","1785.00","2023-01-14 00:00:00","2023-01-28 00:00:00"
"7156","72","1879.00","2023-12-21 00:00:00","2024-01-01 00:00:00"
"7157","72","5262.00","2023-05-17 00:00:00","2023-06-09 00:00:00"
"7158","72","20489.00","2023-06-04 00:00:00","2023-06-22 00:00:00"
"7159","72","5927.00","2023-05-01 00:00:00","2023-05-28 00:00:00"
"7160","72","19394.00","2023-05-12 00:00:00","2023-05-17 00:00:00"
"7161","72","44501.00","2023-06-23 00:00:00","2023-07-18 00:00:00"
"7162","72","935.00","2023-07-13 00:00:00","2023-08-07 00:00:00"
"7163","72","6297.00","2023-10-03 00:00:00","2023-10-30 00:00:00"
"7164","72","4340.00","2023-11-10 00:00:00","2023-12-07 00:00:00"
"7165","72","19394.00","2023-02-15 00:00:00","2023-02-26 00:00:00"
"7166","72","36135.00","2023-05-10 00:00:00","2023-05-10 00:00:00"
"7167","72","10145.00","2023-11-12 00:00:00","2023-12-02 00:00:00"
"7168","72","24194.00","2023-02-25 00:00:00","2023-03-03 00:00:00"
"7169","72","31887.00","2023-12-18 00:00:00","2023-12-27 00:00:00"
"7170","72","64390.00","2023-02-28 00:00:00","2023-03-04 00:00:00"
"7171","72","51399.00","2023-01-01 00:00:00","2023-01-15 00:00:00"
"7172","72","4239.00","2023-10-27 00:00:00","2023-10-28 00:00:00"
"7173","72","34160.00","2023-10-11 00:00:00","2023-11-01 00:00:00"
"7174","72","12054.00","2023-07-03 00:00:00","2023-07-19 00:00:00"
"7175","72","16819.00","2023-05-04 00:00:00","2023-06-01 00:00:00"
"7176","72","41375.00","2023-09-04 00:00:00","2023-09-28 00:00:00"
"7177","72","1743.00","2023-03-27 00:00:00","2023-04-13 00:00:00"
"7178","72","7128.00","2023-10-29 00:00:00","2023-10-30 00:00:00"
"7179","72","1012.00","2023-07-11 00:00:00","2023-07-15 00:00:00"
"7180","72","1382.00","2023-03-29 00:00:00","2023-04-11 00:00:00"
"7181","72","2012.00","2023-10-01 00:00:00","2023-10-22 00:00:00"
"7182","72","482.00","2023-08-21 00:00:00","2023-09-01 00:00:00"
"7183","72","1661.00","2023-05-13 00:00:00","2023-05-27 00:00:00"
"7184","72","33045.00","2023-06-27 00:00:00","2023-07-08 00:00:00"
"7185","72","1937.00","2023-02-23 00:00:00","2023-03-05 00:00:00"
"7186","72","3276.00","2023-07-24 00:00:00","2023-07-29 00:00:00"
"7187","72","3384.00","2023-08-12 00:00:00","2023-08-25 00:00:00"
"7188","72","32438.00","2023-06-01 00:00:00","2023-06-03 00:00:00"
"7189","72","52993.00","2023-06-02 00:00:00","2023-06-12 00:00:00"
"7190","72","4235.00","2023-01-15 00:00:00","2023-02-09 00:00:00"
"7191","72","22411.00","2023-10-01 00:00:00","2023-10-29 00:00:00"
"7192","72","438.00","2023-07-27 00:00:00","2023-08-11 00:00:00"
"7193","72","4119.00","2023-02-26 00:00:00","2023-03-05 00:00:00"
"7194","72","8487.00","2023-11-27 00:00:00","2023-12-09 00:00:00"
"7195","72","1572.00","2023-07-04 00:00:00","2023-07-23 00:00:00"
"7196","72","18196.00","2023-09-05 00:00:00","2023-09-16 00:00:00"
"7197","72","35926.00","2023-07-03 00:00:00","2023-07-27 00:00:00"
"7198","72","126.00","2023-05-10 00:00:00","2023-05-23 00:00:00"
"7199","72","36141.00","2023-12-08 00:00:00","2023-12-15 00:00:00"
"7200","72","35485.00","2023-07-01 00:00:00","2023-07-28 00:00:00"
"7201","73","9706.00","2023-03-16 00:00:00","2023-03-29 00:00:00"
"7202","73","588.00","2023-12-12 00:00:00","2024-01-09 00:00:00"
"7203","73","64693.00","2023-11-06 00:00:00","2023-11-20 00:00:00"
"7204","73","45240.00","2023-02-11 00:00:00","2023-02-11 00:00:00"
"7205","73","3437.00","2023-03-08 00:00:00","2023-04-05 00:00:00"
"7206","73","5479.00","2023-05-19 00:00:00","2023-06-15 00:00:00"
"7207","73","50981.00","2023-08-24 00:00:00","2023-08-25 00:00:00"
"7208","73","3510.00","2023-03-08 00:00:00","2023-03-18 00:00:00"
"7209","73","524.00","2023-09-20 00:00:00","2023-10-05 00:00:00"
"7210","73","68582.00","2023-03-09 00:00:00","2023-03-16 00:00:00"
"7211","73","4750.00","2023-07-12 00:00:00","2023-08-06 00:00:00"
"7212","73","36318.00","2023-01-16 00:00:00","2023-01-27 00:00:00"
"7213","73","18840.00","2023-11-23 00:00:00","2023-12-13 00:00:00"
"7214","73","6179.00","2023-09-12 00:00:00","2023-09-16 00:00:00"
"7215","73","32738.00","2023-10-25 00:00:00","2023-10-31 00:00:00"
"7216","73","485.00","2023-01-03 00:00:00","2023-01-30 00:00:00"
"7217","73","940.00","2023-05-10 00:00:00","2023-05-25 00:00:00"
"7218","73","575.00","2023-07-26 00:00:00","2023-08-23 00:00:00"
"7219","73","1326.00","2023-12-29 00:00:00","2024-01-11 00:00:00"
"7220","73","455.00","2023-06-08 00:00:00","2023-06-28 00:00:00"
"7221","73","30630.00","2023-09-01 00:00:00","2023-09-23 00:00:00"
"7222","73","40058.00","2023-09-25 00:00:00","2023-10-11 00:00:00"
"7223","73","22210.00","2023-03-21 00:00:00","2023-04-07 00:00:00"
"7224","73","4602.00","2023-09-01 00:00:00","2023-09-21 00:00:00"
"7225","73","3658.00","2023-03-21 00:00:00","2023-03-26 00:00:00"
"7226","73","17512.00","2023-06-21 00:00:00","2023-07-06 00:00:00"
"7227","73","37243.00","2023-11-23 00:00:00","2023-12-16 00:00:00"
"7228","73","405.00","2023-03-12 00:00:00","2023-03-29 00:00:00"
"7229","73","10136.00","2023-08-22 00:00:00","2023-08-25 00:00:00"
"7230","73","45490.00","2023-01-22 00:00:00","2023-01-28 00:00:00"
"7231","73","110.00","2023-05-22 00:00:00","2023-05-29 00:00:00"
"7232","73","16116.00","2023-06-01 00:00:00","2023-06-08 00:00:00"
"7233","73","943.00","2023-12-08 00:00:00","2023-12-11 00:00:00"
"7234","73","18411.00","2023-04-27 00:00:00","2023-05-24 00:00:00"
"7235","73","3278.00","2023-02-18 00:00:00","2023-03-18 00:00:00"
"7236","73","1305.00","2023-12-03 00:00:00","2023-12-05 00:00:00"
"7237","73","17593.00","2023-08-17 00:00:00","2023-08-18 00:00:00"
"7238","73","1697.00","2023-09-01 00:00:00","2023-09-08 00:00:00"
"7239","73","3894.00","2023-04-27 00:00:00","2023-05-26 00:00:00"
"7240","73","8424.00","2023-04-22 00:00:00","2023-04-27 00:00:00"
"7241","73","31092.00","2023-04-24 00:00:00","2023-05-22 00:00:00"
"7242","73","9113.00","2023-06-29 00:00:00","2023-07-19 00:00:00"
"7243","73","27450.00","2023-10-31 00:00:00","2023-11-20 00:00:00"
"7244","73","267.00","2023-03-04 00:00:00","2023-03-14 00:00:00"
"7245","73","16055.00","2023-06-02 00:00:00","2023-06-23 00:00:00"
"7246","73","19158.00","2023-10-30 00:00:00","2023-11-23 00:00:00"
"7247","73","28147.00","2023-04-09 00:00:00","2023-05-05 00:00:00"
"7248","73","1613.00","2023-06-06 00:00:00","2023-06-27 00:00:00"
"7249","73","1398.00","2023-04-11 00:00:00","2023-05-09 00:00:00"
"7250","73","40273.00","2023-12-25 00:00:00","2024-01-15 00:00:00"
"7251","73","2680.00","2023-09-18 00:00:00","2023-10-07 00:00:00"
"7252","73","5960.00","2023-05-23 00:00:00","2023-06-18 00:00:00"
"7253","73","879.00","2023-11-11 00:00:00","2023-12-01 00:00:00"
"7254","73","18156.00","2023-01-27 00:00:00","2023-02-06 00:00:00"
"7255","73","34117.00","2023-04-05 00:00:00","2023-04-26 00:00:00"
"7256","73","29123.00","2023-03-17 00:00:00","2023-04-03 00:00:00"
"7257","73","44148.00","2023-01-16 00:00:00","2023-02-01 00:00:00"
"7258","73","27488.00","2023-10-20 00:00:00","2023-10-21 00:00:00"
"7259","73","706.00","2023-04-15 00:00:00","2023-05-07 00:00:00"
"7260","73","2369.00","2023-02-10 00:00:00","2023-02-19 00:00:00"
"7261","73","38222.00","2023-01-20 00:00:00","2023-02-14 00:00:00"
"7262","73","58903.00","2023-10-18 00:00:00","2023-11-16 00:00:00"
"7263","73","415.00","2023-07-15 00:00:00","2023-08-01 00:00:00"
"7264","73","1652.00","2023-03-29 00:00:00","2023-04-22 00:00:00"
"7265","73","34563.00","2023-06-08 00:00:00","2023-06-12 00:00:00"
"7266","73","2015.00","2023-06-20 00:00:00","2023-07-03 00:00:00"
"7267","73","24155.00","2023-10-25 00:00:00","2023-11-23 00:00:00"
"7268","73","554.00","2023-03-04 00:00:00","2023-03-27 00:00:00"
"7269","73","3342.00","2023-03-18 00:00:00","2023-04-09 00:00:00"
"7270","73","12375.00","2023-12-05 00:00:00","2023-12-11 00:00:00"
"7271","73","2132.00","2023-01-04 00:00:00","2023-01-31 00:00:00"
"7272","73","66319.00","2023-01-08 00:00:00","2023-01-08 00:00:00"
"7273","73","45718.00","2023-09-14 00:00:00","2023-10-12 00:00:00"
"7274","73","581.00","2023-10-04 00:00:00","2023-10-15 00:00:00"
"7275","73","5998.00","2023-01-15 00:00:00","2023-02-04 00:00:00"
"7276","73","1074.00","2023-12-07 00:00:00","2023-12-07 00:00:00"
"7277","73","25080.00","2023-05-07 00:00:00","2023-05-07 00:00:00"
"7278","73","8932.00","2023-10-30 00:00:00","2023-11-13 00:00:00"
"7279","73","28597.00","2023-03-09 00:00:00","2023-03-29 00:00:00"
"7280","73","1589.00","2023-09-09 00:00:00","2023-10-01 00:00:00"
"7281","73","1221.00","2023-12-02 00:00:00","2023-12-09 00:00:00"
"7282","73","25579.00","2023-08-22 00:00:00","2023-09-16 00:00:00"
"7283","73","30404.00","2023-04-08 00:00:00","2023-04-23 00:00:00"
"7284","73","1468.00","2023-11-04 00:00:00","2023-11-09 00:00:00"
"7285","73","16652.00","2023-08-21 00:00:00","2023-09-06 00:00:00"
"7286","73","1055.00","2023-03-08 00:00:00","2023-03-19 00:00:00"
"7287","73","356.00","2023-07-06 00:00:00","2023-08-02 00:00:00"
"7288","73","42089.00","2023-10-06 00:00:00","2023-10-23 00:00:00"
"7289","73","3095.00","2023-04-19 00:00:00","2023-04-26 00:00:00"
"7290","73","14633.00","2023-04-23 00:00:00","2023-04-30 00:00:00"
"7291","73","30406.00","2023-12-03 00:00:00","2023-12-21 00:00:00"
"7292","73","30154.00","2023-02-02 00:00:00","2023-02-26 00:00:00"
"7293","73","30324.00","2023-06-30 00:00:00","2023-07-09 00:00:00"
"7294","73","24968.00","2023-12-25 00:00:00","2024-01-19 00:00:00"
"7295","73","18484.00","2023-01-15 00:00:00","2023-02-02 00:00:00"
"7296","73","385.00","2023-05-23 00:00:00","2023-05-27 00:00:00"
"7297","73","39979.00","2023-03-06 00:00:00","2023-03-22 00:00:00"
"7298","73","43686.00","2023-10-22 00:00:00","2023-11-03 00:00:00"
"7299","73","76400.00","2023-03-11 00:00:00","2023-04-09 00:00:00"
"7300","73","404.00","2023-11-09 00:00:00","2023-12-01 00:00:00"
"7301","74","1444.00","2023-11-25 00:00:00","2023-12-23 00:00:00"
"7302","74","16333.00","2023-10-17 00:00:00","2023-11-10 00:00:00"
"7303","74","30586.00","2023-03-12 00:00:00","2023-03-28 00:00:00"
"7304","74","3253.00","2023-01-31 00:00:00","2023-02-12 00:00:00"
"7305","74","843.00","2023-04-21 00:00:00","2023-04-28 00:00:00"
"7306","74","9396.00","2023-10-12 00:00:00","2023-11-08 00:00:00"
"7307","74","73264.00","2023-04-18 00:00:00","2023-04-18 00:00:00"
"7308","74","64128.00","2023-08-03 00:00:00","2023-08-12 00:00:00"
"7309","74","144.00","2023-05-10 00:00:00","2023-05-18 00:00:00"
"7310","74","31633.00","2023-03-30 00:00:00","2023-04-13 00:00:00"
"7311","74","36229.00","2023-02-09 00:00:00","2023-02-10 00:00:00"
"7312","74","8117.00","2023-07-31 00:00:00","2023-08-04 00:00:00"
"7313","74","11951.00","2023-06-11 00:00:00","2023-06-14 00:00:00"
"7314","74","711.00","2023-01-12 00:00:00","2023-02-06 00:00:00"
"7315","74","40211.00","2023-01-04 00:00:00","2023-01-14 00:00:00"
"7316","74","1943.00","2023-04-08 00:00:00","2023-04-10 00:00:00"
"7317","74","1310.00","2023-09-20 00:00:00","2023-09-28 00:00:00"
"7318","74","38918.00","2023-09-24 00:00:00","2023-10-20 00:00:00"
"7319","74","12400.00","2023-08-08 00:00:00","2023-08-18 00:00:00"
"7320","74","1695.00","2023-09-04 00:00:00","2023-09-10 00:00:00"
"7321","74","1592.00","2023-06-14 00:00:00","2023-07-13 00:00:00"
"7322","74","40119.00","2023-12-15 00:00:00","2023-12-22 00:00:00"
"7323","74","1646.00","2023-03-04 00:00:00","2023-03-05 00:00:00"
"7324","74","43271.00","2023-08-12 00:00:00","2023-09-09 00:00:00"
"7325","74","8376.00","2023-01-08 00:00:00","2023-01-11 00:00:00"
"7326","74","210.00","2023-03-13 00:00:00","2023-04-06 00:00:00"
"7327","74","729.00","2023-02-02 00:00:00","2023-02-11 00:00:00"
"7328","74","558.00","2023-10-29 00:00:00","2023-10-29 00:00:00"
"7329","74","312.00","2023-06-05 00:00:00","2023-06-23 00:00:00"
"7330","74","1426.00","2023-10-01 00:00:00","2023-10-22 00:00:00"
"7331","74","75664.00","2023-12-28 00:00:00","2024-01-09 00:00:00"
"7332","74","16017.00","2023-12-15 00:00:00","2023-12-19 00:00:00"
"7333","74","23884.00","2023-12-08 00:00:00","2023-12-21 00:00:00"
"7334","74","28698.00","2023-11-15 00:00:00","2023-12-06 00:00:00"
"7335","74","8337.00","2023-12-15 00:00:00","2024-01-01 00:00:00"
"7336","74","45253.00","2023-06-01 00:00:00","2023-06-11 00:00:00"
"7337","74","42791.00","2023-12-27 00:00:00","2024-01-14 00:00:00"
"7338","74","2711.00","2023-03-21 00:00:00","2023-04-07 00:00:00"
"7339","74","630.00","2023-01-25 00:00:00","2023-02-13 00:00:00"
"7340","74","816.00","2023-09-27 00:00:00","2023-10-06 00:00:00"
"7341","74","5795.00","2023-09-15 00:00:00","2023-09-27 00:00:00"
"7342","74","20569.00","2023-11-30 00:00:00","2023-12-26 00:00:00"
"7343","74","9644.00","2023-03-24 00:00:00","2023-04-18 00:00:00"
"7344","74","25188.00","2023-05-27 00:00:00","2023-05-30 00:00:00"
"7345","74","135.00","2023-10-17 00:00:00","2023-11-09 00:00:00"
"7346","74","16499.00","2023-06-30 00:00:00","2023-07-12 00:00:00"
"7347","74","3702.00","2023-12-13 00:00:00","2023-12-15 00:00:00"
"7348","74","246.00","2023-06-06 00:00:00","2023-06-22 00:00:00"
"7349","74","196.00","2023-10-19 00:00:00","2023-11-10 00:00:00"
"7350","74","8431.00","2023-12-16 00:00:00","2023-12-31 00:00:00"
"7351","74","28845.00","2023-12-12 00:00:00","2023-12-22 00:00:00"
"7352","74","5836.00","2023-05-04 00:00:00","2023-05-29 00:00:00"
"7353","74","7083.00","2023-01-11 00:00:00","2023-02-03 00:00:00"
"7354","74","17447.00","2023-11-25 00:00:00","2023-12-24 00:00:00"
"7355","74","45191.00","2023-04-30 00:00:00","2023-05-13 00:00:00"
"7356","74","30141.00","2023-02-11 00:00:00","2023-03-09 00:00:00"
"7357","74","139.00","2023-03-02 00:00:00","2023-03-06 00:00:00"
"7358","74","50266.00","2023-02-12 00:00:00","2023-02-21 00:00:00"
"7359","74","21669.00","2023-04-12 00:00:00","2023-04-24 00:00:00"
"7360","74","28706.00","2023-11-04 00:00:00","2023-11-25 00:00:00"
"7361","74","15390.00","2023-11-06 00:00:00","2023-12-04 00:00:00"
"7362","74","792.00","2023-01-29 00:00:00","2023-02-10 00:00:00"
"7363","74","18316.00","2023-01-16 00:00:00","2023-02-13 00:00:00"
"7364","74","40202.00","2023-07-16 00:00:00","2023-08-02 00:00:00"
"7365","74","3720.00","2023-10-26 00:00:00","2023-11-12 00:00:00"
"7366","74","19578.00","2023-08-01 00:00:00","2023-08-29 00:00:00"
"7367","74","6587.00","2023-06-29 00:00:00","2023-07-23 00:00:00"
"7368","74","25148.00","2023-04-30 00:00:00","2023-05-20 00:00:00"
"7369","74","3491.00","2023-10-17 00:00:00","2023-11-05 00:00:00"
"7370","74","23736.00","2023-07-27 00:00:00","2023-08-22 00:00:00"
"7371","74","62396.00","2023-04-17 00:00:00","2023-04-18 00:00:00"
"7372","74","40323.00","2023-09-20 00:00:00","2023-10-18 00:00:00"
"7373","74","34527.00","2023-04-01 00:00:00","2023-04-15 00:00:00"
"7374","74","1588.00","2023-06-14 00:00:00","2023-07-10 00:00:00"
"7375","74","61138.00","2023-03-05 00:00:00","2023-03-08 00:00:00"
"7376","74","67859.00","2023-03-30 00:00:00","2023-04-26 00:00:00"
"7377","74","12552.00","2023-07-05 00:00:00","2023-07-16 00:00:00"
"7378","74","2187.00","2023-09-03 00:00:00","2023-10-01 00:00:00"
"7379","74","24803.00","2023-08-28 00:00:00","2023-09-17 00:00:00"
"7380","74","4481.00","2023-09-15 00:00:00","2023-10-11 00:00:00"
"7381","74","58498.00","2023-07-19 00:00:00","2023-07-19 00:00:00"
"7382","74","8388.00","2023-08-01 00:00:00","2023-08-05 00:00:00"
"7383","74","10394.00","2023-07-13 00:00:00","2023-08-05 00:00:00"
"7384","74","4085.00","2023-03-23 00:00:00","2023-04-02 00:00:00"
"7385","74","506.00","2023-05-11 00:00:00","2023-06-08 00:00:00"
"7386","74","2477.00","2023-04-13 00:00:00","2023-04-19 00:00:00"
"7387","74","20478.00","2023-01-14 00:00:00","2023-02-04 00:00:00"
"7388","74","38198.00","2023-03-10 00:00:00","2023-03-27 00:00:00"
"7389","74","32232.00","2023-09-21 00:00:00","2023-10-13 00:00:00"
"7390","74","7766.00","2023-12-07 00:00:00","2023-12-20 00:00:00"
"7391","74","59581.00","2023-03-20 00:00:00","2023-04-18 00:00:00"
"7392","74","15493.00","2023-10-27 00:00:00","2023-11-02 00:00:00"
"7393","74","4807.00","2023-12-05 00:00:00","2023-12-18 00:00:00"
"7394","74","839.00","2023-07-03 00:00:00","2023-07-14 00:00:00"
"7395","74","5573.00","2023-08-15 00:00:00","2023-09-04 00:00:00"
"7396","74","64427.00","2023-11-06 00:00:00","2023-11-11 00:00:00"
"7397","74","2827.00","2023-02-08 00:00:00","2023-02-18 00:00:00"
"7398","74","26991.00","2023-06-07 00:00:00","2023-07-05 00:00:00"
"7399","74","18174.00","2023-04-09 00:00:00","2023-04-24 00:00:00"
"7400","74","5632.00","2023-06-09 00:00:00","2023-07-01 00:00:00"
"7401","75","1085.00","2023-02-25 00:00:00","2023-03-04 00:00:00"
"7402","75","596.00","2023-11-19 00:00:00","2023-12-09 00:00:00"
"7403","75","9798.00","2023-07-12 00:00:00","2023-07-12 00:00:00"
"7404","75","45616.00","2023-10-24 00:00:00","2023-11-09 00:00:00"
"7405","75","3948.00","2023-03-30 00:00:00","2023-04-11 00:00:00"
"7406","75","69481.00","2023-02-13 00:00:00","2023-03-03 00:00:00"
"7407","75","1014.00","2023-08-02 00:00:00","2023-08-08 00:00:00"
"7408","75","41210.00","2023-12-19 00:00:00","2023-12-25 00:00:00"
"7409","75","1598.00","2023-04-14 00:00:00","2023-04-17 00:00:00"
"7410","75","12230.00","2023-06-19 00:00:00","2023-06-20 00:00:00"
"7411","75","11243.00","2023-01-17 00:00:00","2023-02-14 00:00:00"
"7412","75","1055.00","2023-12-09 00:00:00","2023-12-31 00:00:00"
"7413","75","31113.00","2023-02-22 00:00:00","2023-03-15 00:00:00"
"7414","75","723.00","2023-11-01 00:00:00","2023-11-06 00:00:00"
"7415","75","4407.00","2023-11-10 00:00:00","2023-11-20 00:00:00"
"7416","75","11189.00","2023-02-11 00:00:00","2023-02-18 00:00:00"
"7417","75","6181.00","2023-06-09 00:00:00","2023-06-21 00:00:00"
"7418","75","645.00","2023-11-02 00:00:00","2023-11-08 00:00:00"
"7419","75","34632.00","2023-10-06 00:00:00","2023-10-13 00:00:00"
"7420","75","16231.00","2023-03-06 00:00:00","2023-03-26 00:00:00"
"7421","75","374.00","2023-08-30 00:00:00","2023-09-23 00:00:00"
"7422","75","1381.00","2023-06-11 00:00:00","2023-07-04 00:00:00"
"7423","75","18871.00","2023-05-31 00:00:00","2023-06-01 00:00:00"
"7424","75","11709.00","2023-01-30 00:00:00","2023-02-22 00:00:00"
"7425","75","75344.00","2023-02-21 00:00:00","2023-03-10 00:00:00"
"7426","75","46191.00","2023-04-29 00:00:00","2023-05-12 00:00:00"
"7427","75","46492.00","2023-01-27 00:00:00","2023-02-13 00:00:00"
"7428","75","6274.00","2023-03-14 00:00:00","2023-04-03 00:00:00"
"7429","75","36809.00","2023-01-02 00:00:00","2023-01-17 00:00:00"
"7430","75","1034.00","2023-10-30 00:00:00","2023-11-23 00:00:00"
"7431","75","1996.00","2023-10-06 00:00:00","2023-10-31 00:00:00"
"7432","75","465.00","2023-05-13 00:00:00","2023-06-01 00:00:00"
"7433","75","5251.00","2023-04-08 00:00:00","2023-04-30 00:00:00"
"7434","75","56637.00","2023-07-05 00:00:00","2023-08-01 00:00:00"
"7435","75","1032.00","2023-03-03 00:00:00","2023-03-25 00:00:00"
"7436","75","27749.00","2023-06-12 00:00:00","2023-06-27 00:00:00"
"7437","75","7128.00","2023-02-10 00:00:00","2023-02-25 00:00:00"
"7438","75","21079.00","2023-02-27 00:00:00","2023-03-21 00:00:00"
"7439","75","3152.00","2023-11-25 00:00:00","2023-12-03 00:00:00"
"7440","75","59031.00","2023-11-16 00:00:00","2023-11-29 00:00:00"
"7441","75","423.00","2023-06-04 00:00:00","2023-07-02 00:00:00"
"7442","75","21538.00","2023-08-31 00:00:00","2023-09-18 00:00:00"
"7443","75","6526.00","2023-08-08 00:00:00","2023-09-02 00:00:00"
"7444","75","37814.00","2023-06-13 00:00:00","2023-07-10 00:00:00"
"7445","75","258.00","2023-09-06 00:00:00","2023-09-18 00:00:00"
"7446","75","482.00","2023-05-09 00:00:00","2023-05-23 00:00:00"
"7447","75","6238.00","2023-11-07 00:00:00","2023-11-10 00:00:00"
"7448","75","3216.00","2023-03-03 00:00:00","2023-03-13 00:00:00"
"7449","75","617.00","2023-09-11 00:00:00","2023-10-06 00:00:00"
"7450","75","3737.00","2023-07-03 00:00:00","2023-07-11 00:00:00"
"7451","75","13308.00","2023-10-25 00:00:00","2023-11-10 00:00:00"
"7452","75","18375.00","2023-06-19 00:00:00","2023-07-12 00:00:00"
"7453","75","32237.00","2023-03-01 00:00:00","2023-03-16 00:00:00"
"7454","75","21697.00","2023-07-06 00:00:00","2023-07-29 00:00:00"
"7455","75","24589.00","2023-03-18 00:00:00","2023-04-03 00:00:00"
"7456","75","24511.00","2023-09-25 00:00:00","2023-09-28 00:00:00"
"7457","75","23190.00","2023-12-05 00:00:00","2023-12-26 00:00:00"
"7458","75","5437.00","2023-07-30 00:00:00","2023-07-31 00:00:00"
"7459","75","1204.00","2023-08-12 00:00:00","2023-08-27 00:00:00"
"7460","75","2462.00","2023-10-28 00:00:00","2023-11-11 00:00:00"
"7461","75","36321.00","2023-12-03 00:00:00","2023-12-21 00:00:00"
"7462","75","324.00","2023-10-31 00:00:00","2023-11-16 00:00:00"
"7463","75","2473.00","2023-08-31 00:00:00","2023-09-24 00:00:00"
"7464","75","816.00","2023-04-30 00:00:00","2023-05-20 00:00:00"
"7465","75","39720.00","2023-02-17 00:00:00","2023-03-13 00:00:00"
"7466","75","33269.00","2023-12-25 00:00:00","2024-01-22 00:00:00"
"7467","75","34141.00","2023-03-12 00:00:00","2023-03-27 00:00:00"
"7468","75","64389.00","2023-03-08 00:00:00","2023-03-12 00:00:00"
"7469","75","51391.00","2023-11-15 00:00:00","2023-11-27 00:00:00"
"7470","75","1895.00","2023-08-18 00:00:00","2023-09-06 00:00:00"
"7471","75","3817.00","2023-09-01 00:00:00","2023-09-01 00:00:00"
"7472","75","28146.00","2023-04-30 00:00:00","2023-05-05 00:00:00"
"7473","75","6732.00","2023-10-27 00:00:00","2023-11-06 00:00:00"
"7474","75","21513.00","2023-10-24 00:00:00","2023-11-09 00:00:00"
"7475","75","65941.00","2023-06-18 00:00:00","2023-06-19 00:00:00"
"7476","75","28814.00","2023-07-29 00:00:00","2023-08-17 00:00:00"
"7477","75","27617.00","2023-09-22 00:00:00","2023-10-03 00:00:00"
"7478","75","36966.00","2023-02-01 00:00:00","2023-02-25 00:00:00"
"7479","75","1297.00","2023-08-21 00:00:00","2023-08-26 00:00:00"
"7480","75","11286.00","2023-02-21 00:00:00","2023-02-22 00:00:00"
"7481","75","628.00","2023-09-24 00:00:00","2023-10-12 00:00:00"
"7482","75","565.00","2023-03-11 00:00:00","2023-04-09 00:00:00"
"7483","75","34839.00","2023-04-27 00:00:00","2023-05-02 00:00:00"
"7484","75","3223.00","2023-08-10 00:00:00","2023-08-30 00:00:00"
"7485","75","6726.00","2023-10-05 00:00:00","2023-11-03 00:00:00"
"7486","75","27182.00","2023-05-27 00:00:00","2023-06-09 00:00:00"
"7487","75","60992.00","2023-09-26 00:00:00","2023-10-08 00:00:00"
"7488","75","2246.00","2023-07-01 00:00:00","2023-07-13 00:00:00"
"7489","75","16286.00","2023-11-17 00:00:00","2023-11-30 00:00:00"
"7490","75","15014.00","2023-06-18 00:00:00","2023-07-06 00:00:00"
"7491","75","53428.00","2023-11-15 00:00:00","2023-12-09 00:00:00"
"7492","75","21101.00","2023-09-02 00:00:00","2023-09-28 00:00:00"
"7493","75","30352.00","2023-06-27 00:00:00","2023-07-23 00:00:00"
"7494","75","38089.00","2023-08-17 00:00:00","2023-09-04 00:00:00"
"7495","75","1213.00","2023-12-30 00:00:00","2024-01-11 00:00:00"
"7496","75","39341.00","2023-03-29 00:00:00","2023-04-04 00:00:00"
"7497","75","49051.00","2023-01-04 00:00:00","2023-01-22 00:00:00"
"7498","75","4879.00","2023-10-26 00:00:00","2023-11-03 00:00:00"
"7499","75","30324.00","2023-06-05 00:00:00","2023-07-04 00:00:00"
"7500","75","11798.00","2023-12-24 00:00:00","2023-12-24 00:00:00"
"7501","76","138.00","2023-07-17 00:00:00","2023-07-22 00:00:00"
"7502","76","21442.00","2023-01-16 00:00:00","2023-01-16 00:00:00"
"7503","76","66485.00","2023-10-01 00:00:00","2023-10-19 00:00:00"
"7504","76","3013.00","2023-10-14 00:00:00","2023-10-25 00:00:00"
"7505","76","2642.00","2023-03-04 00:00:00","2023-03-19 00:00:00"
"7506","76","37583.00","2023-06-28 00:00:00","2023-07-20 00:00:00"
"7507","76","1618.00","2023-04-09 00:00:00","2023-04-27 00:00:00"
"7508","76","45385.00","2023-01-04 00:00:00","2023-01-21 00:00:00"
"7509","76","3347.00","2023-09-22 00:00:00","2023-10-07 00:00:00"
"7510","76","27659.00","2023-11-05 00:00:00","2023-11-30 00:00:00"
"7511","76","9342.00","2023-04-16 00:00:00","2023-05-01 00:00:00"
"7512","76","2230.00","2023-07-24 00:00:00","2023-08-04 00:00:00"
"7513","76","4021.00","2023-09-02 00:00:00","2023-09-30 00:00:00"
"7514","76","2076.00","2023-10-23 00:00:00","2023-11-05 00:00:00"
"7515","76","18456.00","2023-06-08 00:00:00","2023-06-26 00:00:00"
"7516","76","1592.00","2023-06-23 00:00:00","2023-06-26 00:00:00"
"7517","76","9206.00","2023-02-28 00:00:00","2023-03-21 00:00:00"
"7518","76","24401.00","2023-03-02 00:00:00","2023-03-28 00:00:00"
"7519","76","34975.00","2023-02-25 00:00:00","2023-03-18 00:00:00"
"7520","76","1627.00","2023-01-22 00:00:00","2023-02-01 00:00:00"
"7521","76","1415.00","2023-10-26 00:00:00","2023-11-20 00:00:00"
"7522","76","36313.00","2023-10-14 00:00:00","2023-11-09 00:00:00"
"7523","76","32194.00","2023-03-09 00:00:00","2023-03-09 00:00:00"
"7524","76","5494.00","2023-08-24 00:00:00","2023-09-09 00:00:00"
"7525","76","283.00","2023-08-05 00:00:00","2023-08-07 00:00:00"
"7526","76","33750.00","2023-10-22 00:00:00","2023-10-25 00:00:00"
"7527","76","21081.00","2023-07-28 00:00:00","2023-07-31 00:00:00"
"7528","76","1040.00","2023-07-31 00:00:00","2023-08-24 00:00:00"
"7529","76","12449.00","2023-09-16 00:00:00","2023-09-19 00:00:00"
"7530","76","8610.00","2023-03-07 00:00:00","2023-03-14 00:00:00"
"7531","76","957.00","2023-05-16 00:00:00","2023-06-03 00:00:00"
"7532","76","53671.00","2023-08-29 00:00:00","2023-09-27 00:00:00"
"7533","76","69107.00","2023-08-22 00:00:00","2023-08-27 00:00:00"
"7534","76","1895.00","2023-10-31 00:00:00","2023-11-12 00:00:00"
"7535","76","2814.00","2023-01-07 00:00:00","2023-01-17 00:00:00"
"7536","76","205.00","2023-07-04 00:00:00","2023-07-09 00:00:00"
"7537","76","2603.00","2023-10-26 00:00:00","2023-11-06 00:00:00"
"7538","76","12892.00","2023-04-24 00:00:00","2023-05-19 00:00:00"
"7539","76","331.00","2023-10-24 00:00:00","2023-11-01 00:00:00"
"7540","76","196.00","2023-08-28 00:00:00","2023-09-24 00:00:00"
"7541","76","19667.00","2023-01-13 00:00:00","2023-01-17 00:00:00"
"7542","76","3912.00","2023-05-19 00:00:00","2023-05-28 00:00:00"
"7543","76","477.00","2023-07-26 00:00:00","2023-08-24 00:00:00"
"7544","76","1590.00","2023-07-11 00:00:00","2023-08-02 00:00:00"
"7545","76","42838.00","2023-11-09 00:00:00","2023-11-23 00:00:00"
"7546","76","472.00","2023-06-08 00:00:00","2023-06-21 00:00:00"
"7547","76","53591.00","2023-12-07 00:00:00","2023-12-13 00:00:00"
"7548","76","4411.00","2023-11-21 00:00:00","2023-12-16 00:00:00"
"7549","76","3693.00","2023-06-15 00:00:00","2023-06-20 00:00:00"
"7550","76","1293.00","2023-02-14 00:00:00","2023-03-08 00:00:00"
"7551","76","37145.00","2023-03-18 00:00:00","2023-04-15 00:00:00"
"7552","76","16210.00","2023-07-21 00:00:00","2023-08-16 00:00:00"
"7553","76","17160.00","2023-12-22 00:00:00","2023-12-31 00:00:00"
"7554","76","3740.00","2023-12-08 00:00:00","2024-01-05 00:00:00"
"7555","76","12681.00","2023-04-12 00:00:00","2023-04-13 00:00:00"
"7556","76","4554.00","2023-01-09 00:00:00","2023-01-10 00:00:00"
"7557","76","475.00","2023-09-09 00:00:00","2023-09-18 00:00:00"
"7558","76","9656.00","2023-12-22 00:00:00","2024-01-05 00:00:00"
"7559","76","854.00","2023-05-06 00:00:00","2023-05-26 00:00:00"
"7560","76","40351.00","2023-06-29 00:00:00","2023-07-20 00:00:00"
"7561","76","24588.00","2023-01-20 00:00:00","2023-02-18 00:00:00"
"7562","76","29153.00","2023-09-10 00:00:00","2023-09-23 00:00:00"
"7563","76","34425.00","2023-09-12 00:00:00","2023-10-08 00:00:00"
"7564","76","36128.00","2023-10-07 00:00:00","2023-10-29 00:00:00"
"7565","76","80785.00","2023-11-23 00:00:00","2023-11-29 00:00:00"
"7566","76","4162.00","2023-04-21 00:00:00","2023-05-08 00:00:00"
"7567","76","3493.00","2023-04-27 00:00:00","2023-05-15 00:00:00"
"7568","76","1511.00","2023-02-27 00:00:00","2023-03-15 00:00:00"
"7569","76","2152.00","2023-03-25 00:00:00","2023-04-08 00:00:00"
"7570","76","12570.00","2023-11-18 00:00:00","2023-12-08 00:00:00"
"7571","76","24492.00","2023-11-12 00:00:00","2023-11-25 00:00:00"
"7572","76","1232.00","2023-05-01 00:00:00","2023-05-24 00:00:00"
"7573","76","3552.00","2023-09-05 00:00:00","2023-09-14 00:00:00"
"7574","76","2034.00","2023-05-30 00:00:00","2023-06-28 00:00:00"
"7575","76","21026.00","2023-01-03 00:00:00","2023-01-15 00:00:00"
"7576","76","1023.00","2023-01-10 00:00:00","2023-01-19 00:00:00"
"7577","76","10789.00","2023-08-01 00:00:00","2023-08-11 00:00:00"
"7578","76","632.00","2023-09-25 00:00:00","2023-10-05 00:00:00"
"7579","76","2177.00","2023-06-05 00:00:00","2023-06-08 00:00:00"
"7580","76","838.00","2023-06-18 00:00:00","2023-06-19 00:00:00"
"7581","76","48194.00","2023-04-01 00:00:00","2023-04-12 00:00:00"
"7582","76","337.00","2023-05-14 00:00:00","2023-05-19 00:00:00"
"7583","76","248.00","2023-06-21 00:00:00","2023-06-29 00:00:00"
"7584","76","852.00","2023-09-17 00:00:00","2023-09-18 00:00:00"
"7585","76","215.00","2023-08-28 00:00:00","2023-09-08 00:00:00"
"7586","76","1686.00","2023-08-03 00:00:00","2023-08-19 00:00:00"
"7587","76","1002.00","2023-04-23 00:00:00","2023-05-17 00:00:00"
"7588","76","1521.00","2023-09-02 00:00:00","2023-09-02 00:00:00"
"7589","76","18474.00","2023-05-04 00:00:00","2023-05-09 00:00:00"
"7590","76","770.00","2023-04-12 00:00:00","2023-04-18 00:00:00"
"7591","76","4523.00","2023-08-11 00:00:00","2023-08-19 00:00:00"
"7592","76","28704.00","2023-06-22 00:00:00","2023-07-15 00:00:00"
"7593","76","16569.00","2023-06-01 00:00:00","2023-06-02 00:00:00"
"7594","76","30489.00","2023-11-15 00:00:00","2023-11-20 00:00:00"
"7595","76","47077.00","2023-09-03 00:00:00","2023-09-20 00:00:00"
"7596","76","19994.00","2023-12-11 00:00:00","2024-01-06 00:00:00"
"7597","76","12474.00","2023-01-02 00:00:00","2023-01-03 00:00:00"
"7598","76","1340.00","2023-12-14 00:00:00","2023-12-25 00:00:00"
"7599","76","29228.00","2023-01-16 00:00:00","2023-01-26 00:00:00"
"7600","76","7893.00","2023-04-11 00:00:00","2023-05-02 00:00:00"
"7601","77","1037.00","2023-06-13 00:00:00","2023-07-05 00:00:00"
"7602","77","1788.00","2023-04-04 00:00:00","2023-04-17 00:00:00"
"7603","77","2973.00","2023-10-04 00:00:00","2023-10-30 00:00:00"
"7604","77","8567.00","2023-03-03 00:00:00","2023-03-13 00:00:00"
"7605","77","47290.00","2023-09-04 00:00:00","2023-09-25 00:00:00"
"7606","77","55386.00","2023-03-02 00:00:00","2023-03-29 00:00:00"
"7607","77","3075.00","2023-02-13 00:00:00","2023-02-19 00:00:00"
"7608","77","1510.00","2023-07-08 00:00:00","2023-07-29 00:00:00"
"7609","77","36893.00","2023-09-12 00:00:00","2023-10-09 00:00:00"
"7610","77","17040.00","2023-08-07 00:00:00","2023-08-10 00:00:00"
"7611","77","14870.00","2023-04-18 00:00:00","2023-05-11 00:00:00"
"7612","77","421.00","2023-02-02 00:00:00","2023-02-19 00:00:00"
"7613","77","40696.00","2023-05-05 00:00:00","2023-05-19 00:00:00"
"7614","77","62109.00","2023-07-12 00:00:00","2023-07-29 00:00:00"
"7615","77","325.00","2023-02-02 00:00:00","2023-02-12 00:00:00"
"7616","77","18657.00","2023-09-21 00:00:00","2023-09-24 00:00:00"
"7617","77","1514.00","2023-08-12 00:00:00","2023-08-30 00:00:00"
"7618","77","1056.00","2023-12-25 00:00:00","2024-01-05 00:00:00"
"7619","77","59531.00","2023-05-14 00:00:00","2023-06-01 00:00:00"
"7620","77","357.00","2023-10-21 00:00:00","2023-10-25 00:00:00"
"7621","77","1236.00","2023-02-03 00:00:00","2023-03-04 00:00:00"
"7622","77","45439.00","2023-03-20 00:00:00","2023-04-06 00:00:00"
"7623","77","69255.00","2023-01-06 00:00:00","2023-01-22 00:00:00"
"7624","77","4194.00","2023-03-05 00:00:00","2023-03-05 00:00:00"
"7625","77","327.00","2023-03-27 00:00:00","2023-04-12 00:00:00"
"7626","77","43185.00","2023-11-19 00:00:00","2023-12-12 00:00:00"
"7627","77","3046.00","2023-06-26 00:00:00","2023-07-12 00:00:00"
"7628","77","44393.00","2023-05-20 00:00:00","2023-05-27 00:00:00"
"7629","77","3436.00","2023-01-25 00:00:00","2023-02-06 00:00:00"
"7630","77","12360.00","2023-12-15 00:00:00","2023-12-18 00:00:00"
"7631","77","6047.00","2023-03-27 00:00:00","2023-03-30 00:00:00"
"7632","77","9193.00","2023-12-29 00:00:00","2024-01-04 00:00:00"
"7633","77","21043.00","2023-06-10 00:00:00","2023-06-20 00:00:00"
"7634","77","46775.00","2023-04-06 00:00:00","2023-04-21 00:00:00"
"7635","77","572.00","2023-06-16 00:00:00","2023-07-08 00:00:00"
"7636","77","1555.00","2023-02-01 00:00:00","2023-02-16 00:00:00"
"7637","77","31889.00","2023-02-01 00:00:00","2023-02-09 00:00:00"
"7638","77","1971.00","2023-12-12 00:00:00","2024-01-01 00:00:00"
"7639","77","28251.00","2023-11-25 00:00:00","2023-12-17 00:00:00"
"7640","77","4477.00","2023-10-12 00:00:00","2023-10-23 00:00:00"
"7641","77","25684.00","2023-08-02 00:00:00","2023-08-27 00:00:00"
"7642","77","703.00","2023-06-22 00:00:00","2023-06-29 00:00:00"
"7643","77","3439.00","2023-01-11 00:00:00","2023-02-04 00:00:00"
"7644","77","336.00","2023-11-25 00:00:00","2023-12-21 00:00:00"
"7645","77","27054.00","2023-01-02 00:00:00","2023-01-20 00:00:00"
"7646","77","45190.00","2023-03-05 00:00:00","2023-03-20 00:00:00"
"7647","77","28994.00","2023-03-05 00:00:00","2023-03-27 00:00:00"
"7648","77","46835.00","2023-02-15 00:00:00","2023-03-05 00:00:00"
"7649","77","20711.00","2023-08-23 00:00:00","2023-09-05 00:00:00"
"7650","77","764.00","2023-06-12 00:00:00","2023-07-08 00:00:00"
"7651","77","24537.00","2023-06-14 00:00:00","2023-06-23 00:00:00"
"7652","77","22790.00","2023-10-05 00:00:00","2023-10-31 00:00:00"
"7653","77","74864.00","2023-12-23 00:00:00","2023-12-26 00:00:00"
"7654","77","525.00","2023-02-19 00:00:00","2023-02-19 00:00:00"
"7655","77","25914.00","2023-07-07 00:00:00","2023-07-26 00:00:00"
"7656","77","636.00","2023-11-04 00:00:00","2023-12-01 00:00:00"
"7657","77","629.00","2023-01-30 00:00:00","2023-02-07 00:00:00"
"7658","77","31901.00","2023-09-07 00:00:00","2023-10-01 00:00:00"
"7659","77","45741.00","2023-09-29 00:00:00","2023-10-22 00:00:00"
"7660","77","29487.00","2023-05-10 00:00:00","2023-06-04 00:00:00"
"7661","77","18295.00","2023-12-13 00:00:00","2023-12-23 00:00:00"
"7662","77","36477.00","2023-10-22 00:00:00","2023-10-28 00:00:00"
"7663","77","753.00","2023-05-20 00:00:00","2023-06-01 00:00:00"
"7664","77","36928.00","2023-10-18 00:00:00","2023-10-22 00:00:00"
"7665","77","1792.00","2023-04-28 00:00:00","2023-05-27 00:00:00"
"7666","77","1662.00","2023-08-02 00:00:00","2023-08-22 00:00:00"
"7667","77","30916.00","2023-03-15 00:00:00","2023-03-27 00:00:00"
"7668","77","3841.00","2023-08-17 00:00:00","2023-09-02 00:00:00"
"7669","77","4259.00","2023-09-27 00:00:00","2023-09-27 00:00:00"
"7670","77","327.00","2023-02-04 00:00:00","2023-03-03 00:00:00"
"7671","77","8427.00","2023-08-04 00:00:00","2023-08-13 00:00:00"
"7672","77","3821.00","2023-10-22 00:00:00","2023-11-04 00:00:00"
"7673","77","45340.00","2023-07-04 00:00:00","2023-07-27 00:00:00"
"7674","77","38733.00","2023-08-07 00:00:00","2023-08-15 00:00:00"
"7675","77","44807.00","2023-11-26 00:00:00","2023-12-22 00:00:00"
"7676","77","21364.00","2023-04-05 00:00:00","2023-04-25 00:00:00"
"7677","77","652.00","2023-07-19 00:00:00","2023-08-13 00:00:00"
"7678","77","330.00","2023-08-28 00:00:00","2023-09-16 00:00:00"
"7679","77","3832.00","2023-03-14 00:00:00","2023-04-07 00:00:00"
"7680","77","1420.00","2023-08-12 00:00:00","2023-09-07 00:00:00"
"7681","77","19193.00","2023-09-27 00:00:00","2023-10-11 00:00:00"
"7682","77","85653.00","2023-08-28 00:00:00","2023-09-08 00:00:00"
"7683","77","146.00","2023-03-15 00:00:00","2023-03-29 00:00:00"
"7684","77","25139.00","2023-12-22 00:00:00","2024-01-02 00:00:00"
"7685","77","2320.00","2023-10-13 00:00:00","2023-10-22 00:00:00"
"7686","77","1161.00","2023-02-11 00:00:00","2023-02-16 00:00:00"
"7687","77","164.00","2023-11-28 00:00:00","2023-12-20 00:00:00"
"7688","77","36171.00","2023-11-26 00:00:00","2023-12-09 00:00:00"
"7689","77","8479.00","2023-09-27 00:00:00","2023-10-14 00:00:00"
"7690","77","32441.00","2023-01-24 00:00:00","2023-02-18 00:00:00"
"7691","77","1748.00","2023-06-27 00:00:00","2023-07-21 00:00:00"
"7692","77","29094.00","2023-03-24 00:00:00","2023-03-27 00:00:00"
"7693","77","9791.00","2023-12-08 00:00:00","2023-12-24 00:00:00"
"7694","77","4674.00","2023-04-27 00:00:00","2023-05-08 00:00:00"
"7695","77","59129.00","2023-11-02 00:00:00","2023-11-04 00:00:00"
"7696","77","411.00","2023-12-09 00:00:00","2024-01-05 00:00:00"
"7697","77","25921.00","2023-07-31 00:00:00","2023-08-08 00:00:00"
"7698","77","73141.00","2023-06-27 00:00:00","2023-06-28 00:00:00"
"7699","77","32265.00","2023-06-07 00:00:00","2023-06-07 00:00:00"
"7700","77","3116.00","2023-09-05 00:00:00","2023-09-10 00:00:00"
"7701","78","1530.00","2023-03-31 00:00:00","2023-04-01 00:00:00"
"7702","78","916.00","2023-02-11 00:00:00","2023-02-18 00:00:00"
"7703","78","27070.00","2023-05-28 00:00:00","2023-06-02 00:00:00"
"7704","78","3917.00","2023-03-02 00:00:00","2023-03-30 00:00:00"
"7705","78","1434.00","2023-10-06 00:00:00","2023-10-23 00:00:00"
"7706","78","35975.00","2023-01-31 00:00:00","2023-02-21 00:00:00"
"7707","78","914.00","2023-12-27 00:00:00","2024-01-21 00:00:00"
"7708","78","8395.00","2023-09-19 00:00:00","2023-09-27 00:00:00"
"7709","78","708.00","2023-12-08 00:00:00","2024-01-01 00:00:00"
"7710","78","152.00","2023-06-07 00:00:00","2023-07-01 00:00:00"
"7711","78","3029.00","2023-05-03 00:00:00","2023-05-28 00:00:00"
"7712","78","12584.00","2023-12-12 00:00:00","2023-12-12 00:00:00"
"7713","78","4288.00","2023-11-19 00:00:00","2023-12-06 00:00:00"
"7714","78","34723.00","2023-04-04 00:00:00","2023-04-13 00:00:00"
"7715","78","1215.00","2023-11-28 00:00:00","2023-12-09 00:00:00"
"7716","78","18292.00","2023-10-20 00:00:00","2023-10-26 00:00:00"
"7717","78","26995.00","2023-02-28 00:00:00","2023-03-26 00:00:00"
"7718","78","28379.00","2023-12-27 00:00:00","2023-12-31 00:00:00"
"7719","78","58703.00","2023-08-23 00:00:00","2023-08-29 00:00:00"
"7720","78","30707.00","2023-10-25 00:00:00","2023-11-21 00:00:00"
"7721","78","24584.00","2023-08-29 00:00:00","2023-09-23 00:00:00"
"7722","78","879.00","2023-11-23 00:00:00","2023-12-01 00:00:00"
"7723","78","14630.00","2023-07-09 00:00:00","2023-08-05 00:00:00"
"7724","78","6974.00","2023-05-06 00:00:00","2023-05-07 00:00:00"
"7725","78","528.00","2023-10-14 00:00:00","2023-10-21 00:00:00"
"7726","78","38564.00","2023-12-29 00:00:00","2024-01-01 00:00:00"
"7727","78","2242.00","2023-05-26 00:00:00","2023-06-03 00:00:00"
"7728","78","7306.00","2023-01-14 00:00:00","2023-02-06 00:00:00"
"7729","78","8403.00","2023-07-15 00:00:00","2023-07-18 00:00:00"
"7730","78","1185.00","2023-03-09 00:00:00","2023-04-03 00:00:00"
"7731","78","2235.00","2023-03-30 00:00:00","2023-04-28 00:00:00"
"7732","78","23894.00","2023-05-05 00:00:00","2023-05-19 00:00:00"
"7733","78","25942.00","2023-02-15 00:00:00","2023-03-07 00:00:00"
"7734","78","763.00","2023-08-05 00:00:00","2023-08-22 00:00:00"
"7735","78","3702.00","2023-02-14 00:00:00","2023-03-06 00:00:00"
"7736","78","45693.00","2023-12-18 00:00:00","2023-12-27 00:00:00"
"7737","78","28052.00","2023-02-04 00:00:00","2023-03-03 00:00:00"
"7738","78","46153.00","2023-12-07 00:00:00","2023-12-19 00:00:00"
"7739","78","30829.00","2023-08-16 00:00:00","2023-09-03 00:00:00"
"7740","78","33788.00","2023-04-14 00:00:00","2023-05-06 00:00:00"
"7741","78","52746.00","2023-02-28 00:00:00","2023-03-09 00:00:00"
"7742","78","601.00","2023-05-15 00:00:00","2023-06-05 00:00:00"
"7743","78","27035.00","2023-01-01 00:00:00","2023-01-15 00:00:00"
"7744","78","41451.00","2023-11-24 00:00:00","2023-12-13 00:00:00"
"7745","78","31857.00","2023-12-02 00:00:00","2023-12-17 00:00:00"
"7746","78","60206.00","2023-01-21 00:00:00","2023-02-12 00:00:00"
"7747","78","36816.00","2023-02-07 00:00:00","2023-02-11 00:00:00"
"7748","78","2159.00","2023-09-08 00:00:00","2023-09-11 00:00:00"
"7749","78","46985.00","2023-10-17 00:00:00","2023-11-04 00:00:00"
"7750","78","24246.00","2023-01-30 00:00:00","2023-02-18 00:00:00"
"7751","78","288.00","2023-01-24 00:00:00","2023-02-13 00:00:00"
"7752","78","12565.00","2023-08-09 00:00:00","2023-08-26 00:00:00"
"7753","78","433.00","2023-10-24 00:00:00","2023-11-19 00:00:00"
"7754","78","480.00","2023-01-27 00:00:00","2023-02-11 00:00:00"
"7755","78","26087.00","2023-06-01 00:00:00","2023-06-24 00:00:00"
"7756","78","28158.00","2023-12-31 00:00:00","2024-01-27 00:00:00"
"7757","78","30111.00","2023-03-04 00:00:00","2023-03-20 00:00:00"
"7758","78","6045.00","2023-08-25 00:00:00","2023-09-01 00:00:00"
"7759","78","50805.00","2023-04-16 00:00:00","2023-04-28 00:00:00"
"7760","78","43071.00","2023-08-28 00:00:00","2023-09-16 00:00:00"
"7761","78","16148.00","2023-02-21 00:00:00","2023-03-11 00:00:00"
"7762","78","2157.00","2023-05-05 00:00:00","2023-05-23 00:00:00"
"7763","78","21898.00","2023-12-28 00:00:00","2024-01-17 00:00:00"
"7764","78","803.00","2023-08-14 00:00:00","2023-08-15 00:00:00"
"7765","78","42490.00","2023-05-06 00:00:00","2023-05-28 00:00:00"
"7766","78","19562.00","2023-07-30 00:00:00","2023-08-20 00:00:00"
"7767","78","31216.00","2023-08-10 00:00:00","2023-09-05 00:00:00"
"7768","78","21515.00","2023-02-10 00:00:00","2023-03-03 00:00:00"
"7769","78","18474.00","2023-10-25 00:00:00","2023-11-22 00:00:00"
"7770","78","6093.00","2023-08-29 00:00:00","2023-09-19 00:00:00"
"7771","78","14753.00","2023-11-25 00:00:00","2023-12-19 00:00:00"
"7772","78","2112.00","2023-12-24 00:00:00","2024-01-03 00:00:00"
"7773","78","72292.00","2023-01-15 00:00:00","2023-01-18 00:00:00"
"7774","78","72586.00","2023-05-11 00:00:00","2023-05-12 00:00:00"
"7775","78","1690.00","2023-09-16 00:00:00","2023-09-30 00:00:00"
"7776","78","16192.00","2023-10-12 00:00:00","2023-10-13 00:00:00"
"7777","78","822.00","2023-01-20 00:00:00","2023-01-25 00:00:00"
"7778","78","8773.00","2023-06-30 00:00:00","2023-07-22 00:00:00"
"7779","78","18373.00","2023-08-26 00:00:00","2023-09-13 00:00:00"
"7780","78","38127.00","2023-10-03 00:00:00","2023-10-19 00:00:00"
"7781","78","487.00","2023-06-17 00:00:00","2023-06-22 00:00:00"
"7782","78","34990.00","2023-05-08 00:00:00","2023-05-25 00:00:00"
"7783","78","574.00","2023-02-16 00:00:00","2023-02-24 00:00:00"
"7784","78","34282.00","2023-05-17 00:00:00","2023-05-20 00:00:00"
"7785","78","4130.00","2023-05-12 00:00:00","2023-05-20 00:00:00"
"7786","78","2995.00","2023-12-17 00:00:00","2024-01-10 00:00:00"
"7787","78","12510.00","2023-03-20 00:00:00","2023-04-08 00:00:00"
"7788","78","1833.00","2023-04-14 00:00:00","2023-04-22 00:00:00"
"7789","78","39991.00","2023-04-04 00:00:00","2023-04-16 00:00:00"
"7790","78","9455.00","2023-06-20 00:00:00","2023-06-30 00:00:00"
"7791","78","11275.00","2023-03-31 00:00:00","2023-04-16 00:00:00"
"7792","78","1307.00","2023-08-24 00:00:00","2023-09-07 00:00:00"
"7793","78","133.00","2023-04-20 00:00:00","2023-04-23 00:00:00"
"7794","78","2661.00","2023-04-20 00:00:00","2023-04-21 00:00:00"
"7795","78","31683.00","2023-06-10 00:00:00","2023-07-04 00:00:00"
"7796","78","7283.00","2023-08-20 00:00:00","2023-09-14 00:00:00"
"7797","78","33430.00","2023-07-24 00:00:00","2023-07-28 00:00:00"
"7798","78","14143.00","2023-06-12 00:00:00","2023-06-21 00:00:00"
"7799","78","29728.00","2023-01-12 00:00:00","2023-01-21 00:00:00"
"7800","78","16978.00","2023-03-11 00:00:00","2023-03-14 00:00:00"
"7801","79","3733.00","2023-09-08 00:00:00","2023-10-02 00:00:00"
"7802","79","793.00","2023-10-05 00:00:00","2023-10-12 00:00:00"
"7803","79","14850.00","2023-11-24 00:00:00","2023-11-28 00:00:00"
"7804","79","1674.00","2023-11-09 00:00:00","2023-11-22 00:00:00"
"7805","79","374.00","2023-05-09 00:00:00","2023-05-16 00:00:00"
"7806","79","6629.00","2023-04-07 00:00:00","2023-04-14 00:00:00"
"7807","79","5946.00","2023-04-20 00:00:00","2023-04-20 00:00:00"
"7808","79","27523.00","2023-01-15 00:00:00","2023-01-17 00:00:00"
"7809","79","30328.00","2023-02-14 00:00:00","2023-02-28 00:00:00"
"7810","79","35126.00","2023-10-17 00:00:00","2023-10-25 00:00:00"
"7811","79","38788.00","2023-08-23 00:00:00","2023-09-19 00:00:00"
"7812","79","25454.00","2023-07-31 00:00:00","2023-08-01 00:00:00"
"7813","79","1557.00","2023-07-12 00:00:00","2023-08-08 00:00:00"
"7814","79","743.00","2023-04-30 00:00:00","2023-05-04 00:00:00"
"7815","79","4534.00","2023-05-22 00:00:00","2023-06-20 00:00:00"
"7816","79","315.00","2023-04-26 00:00:00","2023-05-09 00:00:00"
"7817","79","19340.00","2023-06-24 00:00:00","2023-06-28 00:00:00"
"7818","79","3564.00","2023-02-12 00:00:00","2023-02-22 00:00:00"
"7819","79","48835.00","2023-10-03 00:00:00","2023-10-13 00:00:00"
"7820","79","42122.00","2023-01-27 00:00:00","2023-02-25 00:00:00"
"7821","79","1200.00","2023-06-24 00:00:00","2023-07-23 00:00:00"
"7822","79","16735.00","2023-05-13 00:00:00","2023-05-16 00:00:00"
"7823","79","12594.00","2023-12-30 00:00:00","2024-01-25 00:00:00"
"7824","79","2309.00","2023-10-29 00:00:00","2023-10-31 00:00:00"
"7825","79","1194.00","2023-09-11 00:00:00","2023-10-01 00:00:00"
"7826","79","44786.00","2023-05-10 00:00:00","2023-05-12 00:00:00"
"7827","79","60617.00","2023-03-25 00:00:00","2023-03-27 00:00:00"
"7828","79","1663.00","2023-10-25 00:00:00","2023-11-16 00:00:00"
"7829","79","8386.00","2023-06-28 00:00:00","2023-07-14 00:00:00"
"7830","79","28341.00","2023-01-27 00:00:00","2023-02-06 00:00:00"
"7831","79","640.00","2023-01-15 00:00:00","2023-01-31 00:00:00"
"7832","79","8686.00","2023-08-16 00:00:00","2023-08-24 00:00:00"
"7833","79","9791.00","2023-11-23 00:00:00","2023-11-29 00:00:00"
"7834","79","1232.00","2023-11-30 00:00:00","2023-12-05 00:00:00"
"7835","79","23450.00","2023-08-10 00:00:00","2023-09-03 00:00:00"
"7836","79","27924.00","2023-10-26 00:00:00","2023-11-12 00:00:00"
"7837","79","3386.00","2023-12-01 00:00:00","2023-12-25 00:00:00"
"7838","79","26050.00","2023-08-10 00:00:00","2023-08-25 00:00:00"
"7839","79","27651.00","2023-07-01 00:00:00","2023-07-20 00:00:00"
"7840","79","63250.00","2023-01-12 00:00:00","2023-01-22 00:00:00"
"7841","79","357.00","2023-06-07 00:00:00","2023-06-16 00:00:00"
"7842","79","257.00","2023-02-24 00:00:00","2023-03-19 00:00:00"
"7843","79","4389.00","2023-05-12 00:00:00","2023-05-19 00:00:00"
"7844","79","2923.00","2023-07-04 00:00:00","2023-08-02 00:00:00"
"7845","79","413.00","2023-01-28 00:00:00","2023-02-21 00:00:00"
"7846","79","15709.00","2023-01-02 00:00:00","2023-01-30 00:00:00"
"7847","79","2596.00","2023-04-26 00:00:00","2023-05-13 00:00:00"
"7848","79","74316.00","2023-10-27 00:00:00","2023-11-14 00:00:00"
"7849","79","80784.00","2023-01-30 00:00:00","2023-02-20 00:00:00"
"7850","79","12074.00","2023-10-28 00:00:00","2023-11-01 00:00:00"
"7851","79","5193.00","2023-07-31 00:00:00","2023-08-20 00:00:00"
"7852","79","1168.00","2023-08-04 00:00:00","2023-08-16 00:00:00"
"7853","79","63434.00","2023-11-27 00:00:00","2023-12-20 00:00:00"
"7854","79","2920.00","2023-09-09 00:00:00","2023-09-19 00:00:00"
"7855","79","40291.00","2023-11-13 00:00:00","2023-11-19 00:00:00"
"7856","79","1228.00","2023-04-09 00:00:00","2023-04-25 00:00:00"
"7857","79","9494.00","2023-02-07 00:00:00","2023-02-19 00:00:00"
"7858","79","28327.00","2023-08-18 00:00:00","2023-09-15 00:00:00"
"7859","79","3041.00","2023-02-08 00:00:00","2023-03-01 00:00:00"
"7860","79","20658.00","2023-02-25 00:00:00","2023-03-22 00:00:00"
"7861","79","18684.00","2023-07-17 00:00:00","2023-08-02 00:00:00"
"7862","79","1870.00","2023-01-08 00:00:00","2023-01-09 00:00:00"
"7863","79","267.00","2023-08-30 00:00:00","2023-09-01 00:00:00"
"7864","79","128.00","2023-11-28 00:00:00","2023-12-02 00:00:00"
"7865","79","36173.00","2023-05-18 00:00:00","2023-06-13 00:00:00"
"7866","79","1571.00","2023-04-28 00:00:00","2023-04-29 00:00:00"
"7867","79","624.00","2023-12-20 00:00:00","2024-01-18 00:00:00"
"7868","79","2065.00","2023-08-01 00:00:00","2023-08-01 00:00:00"
"7869","79","27996.00","2023-07-14 00:00:00","2023-07-29 00:00:00"
"7870","79","11658.00","2023-08-06 00:00:00","2023-08-30 00:00:00"
"7871","79","972.00","2023-07-20 00:00:00","2023-07-26 00:00:00"
"7872","79","49008.00","2023-05-20 00:00:00","2023-05-21 00:00:00"
"7873","79","18158.00","2023-06-29 00:00:00","2023-07-01 00:00:00"
"7874","79","21510.00","2023-12-17 00:00:00","2023-12-22 00:00:00"
"7875","79","4430.00","2023-07-10 00:00:00","2023-08-02 00:00:00"
"7876","79","704.00","2023-07-07 00:00:00","2023-07-28 00:00:00"
"7877","79","2354.00","2023-07-19 00:00:00","2023-08-16 00:00:00"
"7878","79","687.00","2023-01-23 00:00:00","2023-02-19 00:00:00"
"7879","79","30784.00","2023-04-15 00:00:00","2023-04-21 00:00:00"
"7880","79","14634.00","2023-07-30 00:00:00","2023-08-23 00:00:00"
"7881","79","30322.00","2023-07-25 00:00:00","2023-08-18 00:00:00"
"7882","79","3153.00","2023-06-29 00:00:00","2023-07-02 00:00:00"
"7883","79","12719.00","2023-08-03 00:00:00","2023-08-10 00:00:00"
"7884","79","26476.00","2023-04-02 00:00:00","2023-04-30 00:00:00"
"7885","79","436.00","2023-01-05 00:00:00","2023-01-22 00:00:00"
"7886","79","2043.00","2023-05-03 00:00:00","2023-05-18 00:00:00"
"7887","79","9542.00","2023-07-30 00:00:00","2023-08-18 00:00:00"
"7888","79","1528.00","2023-08-09 00:00:00","2023-08-17 00:00:00"
"7889","79","1642.00","2023-08-19 00:00:00","2023-08-20 00:00:00"
"7890","79","36368.00","2023-10-12 00:00:00","2023-11-09 00:00:00"
"7891","79","862.00","2023-05-15 00:00:00","2023-05-30 00:00:00"
"7892","79","168.00","2023-06-06 00:00:00","2023-07-04 00:00:00"
"7893","79","38125.00","2023-03-19 00:00:00","2023-04-05 00:00:00"
"7894","79","186.00","2023-10-14 00:00:00","2023-11-06 00:00:00"
"7895","79","12429.00","2023-04-25 00:00:00","2023-05-11 00:00:00"
"7896","79","356.00","2023-10-30 00:00:00","2023-11-26 00:00:00"
"7897","79","10619.00","2023-01-29 00:00:00","2023-02-24 00:00:00"
"7898","79","3645.00","2023-12-05 00:00:00","2023-12-06 00:00:00"
"7899","79","7236.00","2023-11-04 00:00:00","2023-11-26 00:00:00"
"7900","79","1071.00","2023-04-22 00:00:00","2023-05-18 00:00:00"
"7901","80","3939.00","2023-11-19 00:00:00","2023-11-22 00:00:00"
"7902","80","9570.00","2023-12-28 00:00:00","2024-01-11 00:00:00"
"7903","80","39472.00","2023-10-02 00:00:00","2023-10-20 00:00:00"
"7904","80","53814.00","2023-05-03 00:00:00","2023-05-30 00:00:00"
"7905","80","43532.00","2023-11-06 00:00:00","2023-11-10 00:00:00"
"7906","80","17241.00","2023-03-31 00:00:00","2023-04-02 00:00:00"
"7907","80","116.00","2023-08-19 00:00:00","2023-09-08 00:00:00"
"7908","80","22971.00","2023-04-19 00:00:00","2023-05-08 00:00:00"
"7909","80","9955.00","2023-08-24 00:00:00","2023-09-22 00:00:00"
"7910","80","28881.00","2023-02-10 00:00:00","2023-02-18 00:00:00"
"7911","80","12355.00","2023-11-29 00:00:00","2023-12-09 00:00:00"
"7912","80","84986.00","2023-09-30 00:00:00","2023-10-07 00:00:00"
"7913","80","1743.00","2023-02-17 00:00:00","2023-02-22 00:00:00"
"7914","80","22417.00","2023-02-17 00:00:00","2023-03-08 00:00:00"
"7915","80","46052.00","2023-07-28 00:00:00","2023-08-04 00:00:00"
"7916","80","5990.00","2023-05-09 00:00:00","2023-05-25 00:00:00"
"7917","80","4090.00","2023-01-15 00:00:00","2023-01-20 00:00:00"
"7918","80","12864.00","2023-12-21 00:00:00","2024-01-08 00:00:00"
"7919","80","73384.00","2023-10-07 00:00:00","2023-10-09 00:00:00"
"7920","80","4382.00","2023-10-21 00:00:00","2023-11-02 00:00:00"
"7921","80","21331.00","2023-08-15 00:00:00","2023-08-23 00:00:00"
"7922","80","15790.00","2023-10-12 00:00:00","2023-10-27 00:00:00"
"7923","80","7154.00","2023-11-03 00:00:00","2023-11-13 00:00:00"
"7924","80","6287.00","2023-07-17 00:00:00","2023-08-04 00:00:00"
"7925","80","39358.00","2023-01-09 00:00:00","2023-02-04 00:00:00"
"7926","80","16205.00","2023-08-25 00:00:00","2023-09-02 00:00:00"
"7927","80","2088.00","2023-07-03 00:00:00","2023-07-30 00:00:00"
"7928","80","80230.00","2023-09-22 00:00:00","2023-10-11 00:00:00"
"7929","80","8167.00","2023-04-07 00:00:00","2023-05-01 00:00:00"
"7930","80","732.00","2023-11-24 00:00:00","2023-12-21 00:00:00"
"7931","80","60473.00","2023-09-02 00:00:00","2023-09-02 00:00:00"
"7932","80","65330.00","2023-02-18 00:00:00","2023-03-19 00:00:00"
"7933","80","16109.00","2023-05-24 00:00:00","2023-06-08 00:00:00"
"7934","80","4694.00","2023-06-17 00:00:00","2023-06-19 00:00:00"
"7935","80","1215.00","2023-11-02 00:00:00","2023-11-12 00:00:00"
"7936","80","758.00","2023-07-29 00:00:00","2023-08-07 00:00:00"
"7937","80","8596.00","2023-02-11 00:00:00","2023-02-20 00:00:00"
"7938","80","36652.00","2023-09-27 00:00:00","2023-10-06 00:00:00"
"7939","80","33151.00","2023-06-25 00:00:00","2023-07-01 00:00:00"
"7940","80","2615.00","2023-11-04 00:00:00","2023-11-24 00:00:00"
"7941","80","45404.00","2023-01-18 00:00:00","2023-02-09 00:00:00"
"7942","80","45488.00","2023-12-24 00:00:00","2024-01-01 00:00:00"
"7943","80","60218.00","2023-03-19 00:00:00","2023-04-14 00:00:00"
"7944","80","1086.00","2023-07-14 00:00:00","2023-07-21 00:00:00"
"7945","80","55734.00","2023-07-12 00:00:00","2023-08-08 00:00:00"
"7946","80","773.00","2023-06-01 00:00:00","2023-06-16 00:00:00"
"7947","80","3191.00","2023-04-02 00:00:00","2023-04-12 00:00:00"
"7948","80","863.00","2023-03-02 00:00:00","2023-03-07 00:00:00"
"7949","80","9080.00","2023-05-12 00:00:00","2023-06-02 00:00:00"
"7950","80","227.00","2023-07-28 00:00:00","2023-08-14 00:00:00"
"7951","80","45490.00","2023-10-04 00:00:00","2023-11-01 00:00:00"
"7952","80","248.00","2023-04-03 00:00:00","2023-04-26 00:00:00"
"7953","80","389.00","2023-01-26 00:00:00","2023-02-19 00:00:00"
"7954","80","18933.00","2023-11-11 00:00:00","2023-11-29 00:00:00"
"7955","80","1918.00","2023-05-15 00:00:00","2023-05-27 00:00:00"
"7956","80","16101.00","2023-12-09 00:00:00","2023-12-22 00:00:00"
"7957","80","3255.00","2023-12-20 00:00:00","2023-12-21 00:00:00"
"7958","80","3457.00","2023-04-16 00:00:00","2023-04-30 00:00:00"
"7959","80","6830.00","2023-03-23 00:00:00","2023-04-01 00:00:00"
"7960","80","23454.00","2023-10-25 00:00:00","2023-11-22 00:00:00"
"7961","80","2900.00","2023-02-03 00:00:00","2023-02-06 00:00:00"
"7962","80","24671.00","2023-11-28 00:00:00","2023-12-11 00:00:00"
"7963","80","35994.00","2023-04-29 00:00:00","2023-05-11 00:00:00"
"7964","80","16174.00","2023-09-02 00:00:00","2023-09-02 00:00:00"
"7965","80","21194.00","2023-04-30 00:00:00","2023-05-09 00:00:00"
"7966","80","2107.00","2023-12-21 00:00:00","2023-12-31 00:00:00"
"7967","80","45640.00","2023-08-11 00:00:00","2023-08-21 00:00:00"
"7968","80","24314.00","2023-04-11 00:00:00","2023-04-13 00:00:00"
"7969","80","938.00","2023-05-06 00:00:00","2023-05-15 00:00:00"
"7970","80","721.00","2023-05-31 00:00:00","2023-06-07 00:00:00"
"7971","80","48690.00","2023-01-04 00:00:00","2023-01-21 00:00:00"
"7972","80","20997.00","2023-10-13 00:00:00","2023-10-29 00:00:00"
"7973","80","3059.00","2023-01-17 00:00:00","2023-01-28 00:00:00"
"7974","80","3448.00","2023-12-07 00:00:00","2023-12-17 00:00:00"
"7975","80","497.00","2023-05-07 00:00:00","2023-05-07 00:00:00"
"7976","80","53994.00","2023-04-05 00:00:00","2023-04-12 00:00:00"
"7977","80","1211.00","2023-10-06 00:00:00","2023-10-31 00:00:00"
"7978","80","7915.00","2023-05-29 00:00:00","2023-06-04 00:00:00"
"7979","80","1367.00","2023-05-07 00:00:00","2023-06-05 00:00:00"
"7980","80","2891.00","2023-06-19 00:00:00","2023-06-29 00:00:00"
"7981","80","175.00","2023-03-18 00:00:00","2023-04-03 00:00:00"
"7982","80","21496.00","2023-05-29 00:00:00","2023-05-30 00:00:00"
"7983","80","11128.00","2023-05-04 00:00:00","2023-05-09 00:00:00"
"7984","80","2850.00","2023-09-26 00:00:00","2023-09-30 00:00:00"
"7985","80","41193.00","2023-09-14 00:00:00","2023-10-09 00:00:00"
"7986","80","26418.00","2023-11-22 00:00:00","2023-12-10 00:00:00"
"7987","80","2293.00","2023-01-24 00:00:00","2023-02-04 00:00:00"
"7988","80","237.00","2023-01-16 00:00:00","2023-02-02 00:00:00"
"7989","80","31384.00","2023-06-13 00:00:00","2023-07-04 00:00:00"
"7990","80","2972.00","2023-08-02 00:00:00","2023-08-30 00:00:00"
"7991","80","44065.00","2023-05-15 00:00:00","2023-06-12 00:00:00"
"7992","80","28241.00","2023-05-20 00:00:00","2023-06-02 00:00:00"
"7993","80","70255.00","2023-05-08 00:00:00","2023-06-01 00:00:00"
"7994","80","12341.00","2023-08-14 00:00:00","2023-08-25 00:00:00"
"7995","80","1218.00","2023-04-15 00:00:00","2023-04-29 00:00:00"
"7996","80","15230.00","2023-06-11 00:00:00","2023-06-15 00:00:00"
"7997","80","26393.00","2023-11-22 00:00:00","2023-11-29 00:00:00"
"7998","80","12033.00","2023-08-15 00:00:00","2023-08-31 00:00:00"
"7999","80","1362.00","2023-05-15 00:00:00","2023-05-24 00:00:00"
"8000","80","45860.00","2023-12-20 00:00:00","2024-01-06 00:00:00"
"8001","81","776.00","2023-02-01 00:00:00","2023-02-11 00:00:00"
"8002","81","415.00","2023-08-13 00:00:00","2023-08-17 00:00:00"
"8003","81","22013.00","2023-11-07 00:00:00","2023-12-02 00:00:00"
"8004","81","5688.00","2023-01-26 00:00:00","2023-02-03 00:00:00"
"8005","81","9119.00","2023-06-06 00:00:00","2023-06-10 00:00:00"
"8006","81","1153.00","2023-04-27 00:00:00","2023-05-06 00:00:00"
"8007","81","2777.00","2023-11-30 00:00:00","2023-12-03 00:00:00"
"8008","81","4511.00","2023-10-31 00:00:00","2023-11-17 00:00:00"
"8009","81","956.00","2023-07-20 00:00:00","2023-08-08 00:00:00"
"8010","81","1847.00","2023-10-05 00:00:00","2023-10-27 00:00:00"
"8011","81","4504.00","2023-02-24 00:00:00","2023-03-20 00:00:00"
"8012","81","4910.00","2023-04-08 00:00:00","2023-04-11 00:00:00"
"8013","81","3913.00","2023-10-24 00:00:00","2023-10-24 00:00:00"
"8014","81","288.00","2023-04-27 00:00:00","2023-05-26 00:00:00"
"8015","81","1279.00","2023-12-10 00:00:00","2024-01-01 00:00:00"
"8016","81","18298.00","2023-11-21 00:00:00","2023-12-11 00:00:00"
"8017","81","766.00","2023-03-21 00:00:00","2023-04-15 00:00:00"
"8018","81","54770.00","2023-06-10 00:00:00","2023-07-09 00:00:00"
"8019","81","19246.00","2023-08-07 00:00:00","2023-09-05 00:00:00"
"8020","81","29994.00","2023-05-22 00:00:00","2023-06-12 00:00:00"
"8021","81","927.00","2023-08-18 00:00:00","2023-09-04 00:00:00"
"8022","81","12620.00","2023-10-26 00:00:00","2023-11-06 00:00:00"
"8023","81","12180.00","2023-12-18 00:00:00","2023-12-18 00:00:00"
"8024","81","60891.00","2023-04-07 00:00:00","2023-04-27 00:00:00"
"8025","81","30374.00","2023-02-15 00:00:00","2023-03-15 00:00:00"
"8026","81","25765.00","2023-08-23 00:00:00","2023-09-21 00:00:00"
"8027","81","25386.00","2023-10-11 00:00:00","2023-10-12 00:00:00"
"8028","81","520.00","2023-02-27 00:00:00","2023-03-08 00:00:00"
"8029","81","9057.00","2023-02-06 00:00:00","2023-02-16 00:00:00"
"8030","81","762.00","2023-09-10 00:00:00","2023-10-09 00:00:00"
"8031","81","14308.00","2023-05-21 00:00:00","2023-06-02 00:00:00"
"8032","81","549.00","2023-03-09 00:00:00","2023-03-17 00:00:00"
"8033","81","3751.00","2023-09-21 00:00:00","2023-09-29 00:00:00"
"8034","81","32832.00","2023-10-16 00:00:00","2023-11-11 00:00:00"
"8035","81","1583.00","2023-01-07 00:00:00","2023-01-31 00:00:00"
"8036","81","39730.00","2023-12-21 00:00:00","2023-12-29 00:00:00"
"8037","81","35023.00","2023-04-01 00:00:00","2023-04-30 00:00:00"
"8038","81","176.00","2023-10-03 00:00:00","2023-10-25 00:00:00"
"8039","81","36389.00","2023-04-17 00:00:00","2023-04-26 00:00:00"
"8040","81","36314.00","2023-08-12 00:00:00","2023-08-15 00:00:00"
"8041","81","28283.00","2023-06-28 00:00:00","2023-07-02 00:00:00"
"8042","81","36072.00","2023-09-07 00:00:00","2023-10-04 00:00:00"
"8043","81","28819.00","2023-11-20 00:00:00","2023-11-25 00:00:00"
"8044","81","371.00","2023-04-07 00:00:00","2023-04-23 00:00:00"
"8045","81","74688.00","2023-07-17 00:00:00","2023-08-13 00:00:00"
"8046","81","9734.00","2023-03-13 00:00:00","2023-04-04 00:00:00"
"8047","81","30371.00","2023-03-29 00:00:00","2023-04-20 00:00:00"
"8048","81","1472.00","2023-12-22 00:00:00","2024-01-02 00:00:00"
"8049","81","12343.00","2023-04-12 00:00:00","2023-04-17 00:00:00"
"8050","81","52437.00","2023-12-30 00:00:00","2024-01-25 00:00:00"
"8051","81","43766.00","2023-07-23 00:00:00","2023-08-11 00:00:00"
"8052","81","12152.00","2023-11-01 00:00:00","2023-11-29 00:00:00"
"8053","81","21719.00","2023-08-05 00:00:00","2023-08-08 00:00:00"
"8054","81","1106.00","2023-02-24 00:00:00","2023-02-26 00:00:00"
"8055","81","18861.00","2023-05-06 00:00:00","2023-05-24 00:00:00"
"8056","81","1097.00","2023-12-12 00:00:00","2024-01-06 00:00:00"
"8057","81","29487.00","2023-04-29 00:00:00","2023-05-14 00:00:00"
"8058","81","17736.00","2023-11-24 00:00:00","2023-12-07 00:00:00"
"8059","81","40210.00","2023-07-24 00:00:00","2023-07-30 00:00:00"
"8060","81","15115.00","2023-09-16 00:00:00","2023-09-19 00:00:00"
"8061","81","8212.00","2023-06-03 00:00:00","2023-06-22 00:00:00"
"8062","81","24636.00","2023-07-20 00:00:00","2023-07-21 00:00:00"
"8063","81","1870.00","2023-03-11 00:00:00","2023-03-16 00:00:00"
"8064","81","13407.00","2023-02-16 00:00:00","2023-03-01 00:00:00"
"8065","81","57509.00","2023-06-16 00:00:00","2023-06-16 00:00:00"
"8066","81","1974.00","2023-10-07 00:00:00","2023-10-23 00:00:00"
"8067","81","4531.00","2023-12-10 00:00:00","2023-12-22 00:00:00"
"8068","81","297.00","2023-07-29 00:00:00","2023-08-09 00:00:00"
"8069","81","8210.00","2023-02-06 00:00:00","2023-02-13 00:00:00"
"8070","81","1355.00","2023-08-29 00:00:00","2023-09-23 00:00:00"
"8071","81","50993.00","2023-01-11 00:00:00","2023-02-05 00:00:00"
"8072","81","4538.00","2023-06-01 00:00:00","2023-06-24 00:00:00"
"8073","81","28310.00","2023-09-17 00:00:00","2023-10-12 00:00:00"
"8074","81","1510.00","2023-09-11 00:00:00","2023-10-04 00:00:00"
"8075","81","237.00","2023-05-03 00:00:00","2023-05-27 00:00:00"
"8076","81","50993.00","2023-04-20 00:00:00","2023-05-01 00:00:00"
"8077","81","4386.00","2023-05-31 00:00:00","2023-06-18 00:00:00"
"8078","81","843.00","2023-08-22 00:00:00","2023-09-02 00:00:00"
"8079","81","27038.00","2023-09-04 00:00:00","2023-09-17 00:00:00"
"8080","81","13073.00","2023-05-05 00:00:00","2023-05-27 00:00:00"
"8081","81","331.00","2023-01-13 00:00:00","2023-02-09 00:00:00"
"8082","81","30140.00","2023-01-15 00:00:00","2023-01-16 00:00:00"
"8083","81","37070.00","2023-04-14 00:00:00","2023-04-24 00:00:00"
"8084","81","2125.00","2023-03-27 00:00:00","2023-04-14 00:00:00"
"8085","81","403.00","2023-02-09 00:00:00","2023-03-04 00:00:00"
"8086","81","32589.00","2023-11-02 00:00:00","2023-11-21 00:00:00"
"8087","81","25722.00","2023-05-21 00:00:00","2023-05-24 00:00:00"
"8088","81","837.00","2023-08-12 00:00:00","2023-09-02 00:00:00"
"8089","81","36476.00","2023-01-22 00:00:00","2023-01-23 00:00:00"
"8090","81","876.00","2023-09-18 00:00:00","2023-10-08 00:00:00"
"8091","81","34981.00","2023-05-30 00:00:00","2023-06-23 00:00:00"
"8092","81","414.00","2023-06-27 00:00:00","2023-07-24 00:00:00"
"8093","81","941.00","2023-09-18 00:00:00","2023-09-20 00:00:00"
"8094","81","28022.00","2023-06-27 00:00:00","2023-07-13 00:00:00"
"8095","81","6127.00","2023-10-28 00:00:00","2023-10-29 00:00:00"
"8096","81","3147.00","2023-10-06 00:00:00","2023-10-28 00:00:00"
"8097","81","388.00","2023-10-17 00:00:00","2023-11-06 00:00:00"
"8098","81","3724.00","2023-05-09 00:00:00","2023-05-23 00:00:00"
"8099","81","6300.00","2023-11-25 00:00:00","2023-11-25 00:00:00"
"8100","81","8145.00","2023-03-27 00:00:00","2023-04-16 00:00:00"
"8101","82","17380.00","2023-06-05 00:00:00","2023-06-27 00:00:00"
"8102","82","49248.00","2023-03-22 00:00:00","2023-03-27 00:00:00"
"8103","82","32826.00","2023-06-07 00:00:00","2023-06-17 00:00:00"
"8104","82","923.00","2023-07-11 00:00:00","2023-07-30 00:00:00"
"8105","82","98133.00","2023-11-22 00:00:00","2023-11-22 00:00:00"
"8106","82","1145.00","2023-03-14 00:00:00","2023-03-16 00:00:00"
"8107","82","30821.00","2023-11-01 00:00:00","2023-11-12 00:00:00"
"8108","82","669.00","2023-08-09 00:00:00","2023-08-23 00:00:00"
"8109","82","1697.00","2023-11-16 00:00:00","2023-12-08 00:00:00"
"8110","82","37458.00","2023-10-14 00:00:00","2023-10-22 00:00:00"
"8111","82","236.00","2023-09-06 00:00:00","2023-09-20 00:00:00"
"8112","82","12383.00","2023-06-29 00:00:00","2023-07-18 00:00:00"
"8113","82","1215.00","2023-11-28 00:00:00","2023-12-27 00:00:00"
"8114","82","2121.00","2023-04-30 00:00:00","2023-05-29 00:00:00"
"8115","82","9793.00","2023-12-17 00:00:00","2023-12-27 00:00:00"
"8116","82","255.00","2023-01-27 00:00:00","2023-02-21 00:00:00"
"8117","82","16365.00","2023-02-15 00:00:00","2023-02-28 00:00:00"
"8118","82","423.00","2023-05-30 00:00:00","2023-06-20 00:00:00"
"8119","82","9775.00","2023-12-22 00:00:00","2024-01-04 00:00:00"
"8120","82","167.00","2023-05-29 00:00:00","2023-06-10 00:00:00"
"8121","82","28272.00","2023-10-04 00:00:00","2023-11-02 00:00:00"
"8122","82","179.00","2023-12-18 00:00:00","2023-12-19 00:00:00"
"8123","82","40274.00","2023-05-09 00:00:00","2023-06-04 00:00:00"
"8124","82","13964.00","2023-09-28 00:00:00","2023-10-22 00:00:00"
"8125","82","365.00","2023-05-31 00:00:00","2023-06-24 00:00:00"
"8126","82","21016.00","2023-04-06 00:00:00","2023-04-19 00:00:00"
"8127","82","8089.00","2023-05-09 00:00:00","2023-05-31 00:00:00"
"8128","82","1122.00","2023-11-14 00:00:00","2023-12-13 00:00:00"
"8129","82","28351.00","2023-04-08 00:00:00","2023-05-07 00:00:00"
"8130","82","4087.00","2023-07-30 00:00:00","2023-08-24 00:00:00"
"8131","82","76.00","2023-10-18 00:00:00","2023-10-27 00:00:00"
"8132","82","41723.00","2023-05-19 00:00:00","2023-06-02 00:00:00"
"8133","82","893.00","2023-02-27 00:00:00","2023-03-17 00:00:00"
"8134","82","2058.00","2023-10-21 00:00:00","2023-11-16 00:00:00"
"8135","82","556.00","2023-06-03 00:00:00","2023-06-29 00:00:00"
"8136","82","9024.00","2023-10-11 00:00:00","2023-11-09 00:00:00"
"8137","82","8088.00","2023-11-01 00:00:00","2023-11-20 00:00:00"
"8138","82","4118.00","2023-04-29 00:00:00","2023-05-17 00:00:00"
"8139","82","305.00","2023-08-29 00:00:00","2023-09-14 00:00:00"
"8140","82","16520.00","2023-11-26 00:00:00","2023-12-08 00:00:00"
"8141","82","2129.00","2023-01-25 00:00:00","2023-02-04 00:00:00"
"8142","82","2333.00","2023-11-22 00:00:00","2023-12-15 00:00:00"
"8143","82","18583.00","2023-03-22 00:00:00","2023-03-30 00:00:00"
"8144","82","479.00","2023-03-17 00:00:00","2023-04-06 00:00:00"
"8145","82","2571.00","2023-09-17 00:00:00","2023-09-19 00:00:00"
"8146","82","54233.00","2023-05-23 00:00:00","2023-05-26 00:00:00"
"8147","82","22572.00","2023-10-23 00:00:00","2023-11-02 00:00:00"
"8148","82","14050.00","2023-11-21 00:00:00","2023-12-13 00:00:00"
"8149","82","17741.00","2023-05-17 00:00:00","2023-05-18 00:00:00"
"8150","82","12072.00","2023-06-04 00:00:00","2023-06-29 00:00:00"
"8151","82","9941.00","2023-04-25 00:00:00","2023-05-18 00:00:00"
"8152","82","20511.00","2023-02-17 00:00:00","2023-03-10 00:00:00"
"8153","82","28694.00","2023-11-01 00:00:00","2023-11-21 00:00:00"
"8154","82","10494.00","2023-11-03 00:00:00","2023-11-16 00:00:00"
"8155","82","14128.00","2023-06-04 00:00:00","2023-06-20 00:00:00"
"8156","82","868.00","2023-06-01 00:00:00","2023-06-26 00:00:00"
"8157","82","9297.00","2023-11-29 00:00:00","2023-12-21 00:00:00"
"8158","82","19194.00","2023-11-03 00:00:00","2023-11-23 00:00:00"
"8159","82","45983.00","2023-04-15 00:00:00","2023-05-06 00:00:00"
"8160","82","360.00","2023-09-14 00:00:00","2023-10-01 00:00:00"
"8161","82","2021.00","2023-04-16 00:00:00","2023-04-22 00:00:00"
"8162","82","33987.00","2023-10-23 00:00:00","2023-10-28 00:00:00"
"8163","82","47068.00","2023-12-18 00:00:00","2024-01-12 00:00:00"
"8164","82","14452.00","2023-04-13 00:00:00","2023-04-15 00:00:00"
"8165","82","11111.00","2023-12-26 00:00:00","2024-01-16 00:00:00"
"8166","82","38955.00","2023-01-31 00:00:00","2023-02-22 00:00:00"
"8167","82","1632.00","2023-01-07 00:00:00","2023-01-15 00:00:00"
"8168","82","27695.00","2023-02-20 00:00:00","2023-03-06 00:00:00"
"8169","82","14369.00","2023-03-25 00:00:00","2023-03-31 00:00:00"
"8170","82","74085.00","2023-03-22 00:00:00","2023-04-06 00:00:00"
"8171","82","3152.00","2023-09-12 00:00:00","2023-09-14 00:00:00"
"8172","82","4685.00","2023-06-02 00:00:00","2023-06-21 00:00:00"
"8173","82","10092.00","2023-03-03 00:00:00","2023-03-06 00:00:00"
"8174","82","3637.00","2023-11-08 00:00:00","2023-11-13 00:00:00"
"8175","82","8225.00","2023-11-09 00:00:00","2023-12-07 00:00:00"
"8176","82","1162.00","2023-09-11 00:00:00","2023-10-03 00:00:00"
"8177","82","25491.00","2023-03-10 00:00:00","2023-03-10 00:00:00"
"8178","82","3914.00","2023-09-28 00:00:00","2023-10-13 00:00:00"
"8179","82","13469.00","2023-01-23 00:00:00","2023-02-08 00:00:00"
"8180","82","9496.00","2023-06-01 00:00:00","2023-06-10 00:00:00"
"8181","82","649.00","2023-04-16 00:00:00","2023-04-19 00:00:00"
"8182","82","6291.00","2023-05-30 00:00:00","2023-06-27 00:00:00"
"8183","82","12921.00","2023-03-26 00:00:00","2023-04-11 00:00:00"
"8184","82","12659.00","2023-12-19 00:00:00","2024-01-11 00:00:00"
"8185","82","15585.00","2023-01-21 00:00:00","2023-01-21 00:00:00"
"8186","82","765.00","2023-10-25 00:00:00","2023-11-10 00:00:00"
"8187","82","2925.00","2023-07-03 00:00:00","2023-07-26 00:00:00"
"8188","82","26985.00","2023-02-15 00:00:00","2023-03-10 00:00:00"
"8189","82","45093.00","2023-11-03 00:00:00","2023-11-10 00:00:00"
"8190","82","4732.00","2023-09-16 00:00:00","2023-10-06 00:00:00"
"8191","82","27046.00","2023-01-14 00:00:00","2023-01-19 00:00:00"
"8192","82","2145.00","2023-08-29 00:00:00","2023-09-13 00:00:00"
"8193","82","783.00","2023-03-27 00:00:00","2023-04-19 00:00:00"
"8194","82","148.00","2023-11-13 00:00:00","2023-12-12 00:00:00"
"8195","82","440.00","2023-12-16 00:00:00","2024-01-02 00:00:00"
"8196","82","36492.00","2023-03-25 00:00:00","2023-04-09 00:00:00"
"8197","82","2742.00","2023-07-26 00:00:00","2023-08-07 00:00:00"
"8198","82","2834.00","2023-09-19 00:00:00","2023-10-13 00:00:00"
"8199","82","1821.00","2023-11-27 00:00:00","2023-12-07 00:00:00"
"8200","82","29317.00","2023-04-21 00:00:00","2023-05-19 00:00:00"
"8201","83","393.00","2023-10-12 00:00:00","2023-10-12 00:00:00"
"8202","83","32323.00","2023-01-22 00:00:00","2023-02-20 00:00:00"
"8203","83","64482.00","2023-10-16 00:00:00","2023-11-12 00:00:00"
"8204","83","521.00","2023-03-28 00:00:00","2023-04-13 00:00:00"
"8205","83","1377.00","2023-07-29 00:00:00","2023-07-31 00:00:00"
"8206","83","758.00","2023-05-22 00:00:00","2023-05-29 00:00:00"
"8207","83","15828.00","2023-01-23 00:00:00","2023-02-15 00:00:00"
"8208","83","1055.00","2023-10-10 00:00:00","2023-10-30 00:00:00"
"8209","83","7952.00","2023-12-11 00:00:00","2023-12-28 00:00:00"
"8210","83","27504.00","2023-05-29 00:00:00","2023-06-13 00:00:00"
"8211","83","1503.00","2023-06-08 00:00:00","2023-06-22 00:00:00"
"8212","83","342.00","2023-02-09 00:00:00","2023-02-10 00:00:00"
"8213","83","24429.00","2023-04-26 00:00:00","2023-05-19 00:00:00"
"8214","83","42557.00","2023-12-16 00:00:00","2024-01-10 00:00:00"
"8215","83","2367.00","2023-08-06 00:00:00","2023-08-17 00:00:00"
"8216","83","9848.00","2023-02-16 00:00:00","2023-03-01 00:00:00"
"8217","83","20716.00","2023-12-23 00:00:00","2024-01-14 00:00:00"
"8218","83","13926.00","2023-03-05 00:00:00","2023-03-31 00:00:00"
"8219","83","27489.00","2023-04-05 00:00:00","2023-04-07 00:00:00"
"8220","83","1667.00","2023-10-30 00:00:00","2023-11-27 00:00:00"
"8221","83","15071.00","2023-06-26 00:00:00","2023-07-03 00:00:00"
"8222","83","12513.00","2023-04-10 00:00:00","2023-05-01 00:00:00"
"8223","83","39115.00","2023-02-02 00:00:00","2023-02-10 00:00:00"
"8224","83","1011.00","2023-04-22 00:00:00","2023-05-04 00:00:00"
"8225","83","55843.00","2023-12-26 00:00:00","2024-01-19 00:00:00"
"8226","83","20489.00","2023-01-30 00:00:00","2023-02-11 00:00:00"
"8227","83","1436.00","2023-08-10 00:00:00","2023-08-24 00:00:00"
"8228","83","12239.00","2023-11-30 00:00:00","2023-12-24 00:00:00"
"8229","83","608.00","2023-09-17 00:00:00","2023-09-27 00:00:00"
"8230","83","342.00","2023-06-30 00:00:00","2023-07-03 00:00:00"
"8231","83","36203.00","2023-06-22 00:00:00","2023-06-22 00:00:00"
"8232","83","874.00","2023-09-04 00:00:00","2023-09-12 00:00:00"
"8233","83","6678.00","2023-03-12 00:00:00","2023-04-01 00:00:00"
"8234","83","594.00","2023-11-14 00:00:00","2023-11-20 00:00:00"
"8235","83","30328.00","2023-09-05 00:00:00","2023-09-25 00:00:00"
"8236","83","3360.00","2023-02-11 00:00:00","2023-02-28 00:00:00"
"8237","83","2590.00","2023-08-06 00:00:00","2023-08-21 00:00:00"
"8238","83","35696.00","2023-09-02 00:00:00","2023-09-26 00:00:00"
"8239","83","233.00","2023-01-13 00:00:00","2023-02-03 00:00:00"
"8240","83","2533.00","2023-09-11 00:00:00","2023-09-16 00:00:00"
"8241","83","31868.00","2023-07-21 00:00:00","2023-08-19 00:00:00"
"8242","83","5441.00","2023-10-03 00:00:00","2023-10-28 00:00:00"
"8243","83","18045.00","2023-03-27 00:00:00","2023-03-30 00:00:00"
"8244","83","327.00","2023-05-08 00:00:00","2023-05-11 00:00:00"
"8245","83","64585.00","2023-03-19 00:00:00","2023-03-30 00:00:00"
"8246","83","2132.00","2023-12-23 00:00:00","2024-01-12 00:00:00"
"8247","83","7307.00","2023-07-02 00:00:00","2023-07-08 00:00:00"
"8248","83","32392.00","2023-10-19 00:00:00","2023-10-22 00:00:00"
"8249","83","26489.00","2023-04-03 00:00:00","2023-04-28 00:00:00"
"8250","83","352.00","2023-05-03 00:00:00","2023-05-10 00:00:00"
"8251","83","4262.00","2023-03-28 00:00:00","2023-04-14 00:00:00"
"8252","83","25608.00","2023-10-09 00:00:00","2023-10-20 00:00:00"
"8253","83","68650.00","2023-03-23 00:00:00","2023-04-04 00:00:00"
"8254","83","46203.00","2023-07-23 00:00:00","2023-07-31 00:00:00"
"8255","83","32659.00","2023-04-14 00:00:00","2023-04-26 00:00:00"
"8256","83","456.00","2023-01-18 00:00:00","2023-02-09 00:00:00"
"8257","83","1044.00","2023-11-23 00:00:00","2023-12-05 00:00:00"
"8258","83","35517.00","2023-04-07 00:00:00","2023-04-12 00:00:00"
"8259","83","9968.00","2023-03-03 00:00:00","2023-03-22 00:00:00"
"8260","83","39090.00","2023-11-23 00:00:00","2023-11-27 00:00:00"
"8261","83","24255.00","2023-06-17 00:00:00","2023-07-02 00:00:00"
"8262","83","12913.00","2023-12-24 00:00:00","2024-01-15 00:00:00"
"8263","83","26492.00","2023-10-06 00:00:00","2023-10-11 00:00:00"
"8264","83","68142.00","2023-03-22 00:00:00","2023-04-15 00:00:00"
"8265","83","1381.00","2023-11-23 00:00:00","2023-12-21 00:00:00"
"8266","83","47449.00","2023-07-14 00:00:00","2023-07-28 00:00:00"
"8267","83","4407.00","2023-10-13 00:00:00","2023-10-30 00:00:00"
"8268","83","1264.00","2023-09-15 00:00:00","2023-09-26 00:00:00"
"8269","83","596.00","2023-11-08 00:00:00","2023-12-02 00:00:00"
"8270","83","11835.00","2023-11-09 00:00:00","2023-11-29 00:00:00"
"8271","83","2911.00","2023-05-17 00:00:00","2023-05-30 00:00:00"
"8272","83","15399.00","2023-02-20 00:00:00","2023-03-18 00:00:00"
"8273","83","3111.00","2023-09-22 00:00:00","2023-09-26 00:00:00"
"8274","83","28272.00","2023-09-25 00:00:00","2023-09-30 00:00:00"
"8275","83","43906.00","2023-01-17 00:00:00","2023-01-31 00:00:00"
"8276","83","1003.00","2023-10-23 00:00:00","2023-11-13 00:00:00"
"8277","83","19836.00","2023-12-20 00:00:00","2024-01-13 00:00:00"
"8278","83","8980.00","2023-10-24 00:00:00","2023-11-19 00:00:00"
"8279","83","18693.00","2023-02-11 00:00:00","2023-02-18 00:00:00"
"8280","83","19289.00","2023-08-28 00:00:00","2023-09-11 00:00:00"
"8281","83","2854.00","2023-05-06 00:00:00","2023-05-13 00:00:00"
"8282","83","1265.00","2023-08-15 00:00:00","2023-08-31 00:00:00"
"8283","83","406.00","2023-07-12 00:00:00","2023-08-03 00:00:00"
"8284","83","8453.00","2023-12-24 00:00:00","2024-01-05 00:00:00"
"8285","83","4704.00","2023-08-13 00:00:00","2023-09-02 00:00:00"
"8286","83","11124.00","2023-12-28 00:00:00","2024-01-03 00:00:00"
"8287","83","285.00","2023-01-16 00:00:00","2023-01-26 00:00:00"
"8288","83","1093.00","2023-08-07 00:00:00","2023-08-31 00:00:00"
"8289","83","8177.00","2023-09-20 00:00:00","2023-09-26 00:00:00"
"8290","83","4113.00","2023-04-01 00:00:00","2023-04-25 00:00:00"
"8291","83","47281.00","2023-09-21 00:00:00","2023-10-02 00:00:00"
"8292","83","19132.00","2023-02-12 00:00:00","2023-02-18 00:00:00"
"8293","83","4283.00","2023-08-23 00:00:00","2023-09-11 00:00:00"
"8294","83","5064.00","2023-05-14 00:00:00","2023-06-09 00:00:00"
"8295","83","46435.00","2023-03-27 00:00:00","2023-04-02 00:00:00"
"8296","83","2133.00","2023-12-07 00:00:00","2023-12-24 00:00:00"
"8297","83","23565.00","2023-01-31 00:00:00","2023-02-28 00:00:00"
"8298","83","12666.00","2023-04-30 00:00:00","2023-05-10 00:00:00"
"8299","83","1501.00","2023-08-16 00:00:00","2023-09-11 00:00:00"
"8300","83","6168.00","2023-02-15 00:00:00","2023-02-22 00:00:00"
"8301","84","71982.00","2023-07-25 00:00:00","2023-08-07 00:00:00"
"8302","84","22886.00","2023-04-29 00:00:00","2023-05-15 00:00:00"
"8303","84","28790.00","2023-03-27 00:00:00","2023-04-22 00:00:00"
"8304","84","5714.00","2023-10-16 00:00:00","2023-11-09 00:00:00"
"8305","84","7046.00","2023-12-10 00:00:00","2023-12-23 00:00:00"
"8306","84","30560.00","2023-10-13 00:00:00","2023-11-06 00:00:00"
"8307","84","9421.00","2023-08-28 00:00:00","2023-09-01 00:00:00"
"8308","84","40173.00","2023-07-01 00:00:00","2023-07-13 00:00:00"
"8309","84","51210.00","2023-07-24 00:00:00","2023-08-19 00:00:00"
"8310","84","46779.00","2023-08-19 00:00:00","2023-08-27 00:00:00"
"8311","84","9096.00","2023-03-05 00:00:00","2023-03-27 00:00:00"
"8312","84","1590.00","2023-10-22 00:00:00","2023-10-23 00:00:00"
"8313","84","74482.00","2023-11-04 00:00:00","2023-11-06 00:00:00"
"8314","84","2157.00","2023-11-20 00:00:00","2023-12-01 00:00:00"
"8315","84","40635.00","2023-01-14 00:00:00","2023-01-23 00:00:00"
"8316","84","14912.00","2023-05-31 00:00:00","2023-06-07 00:00:00"
"8317","84","1826.00","2023-02-21 00:00:00","2023-03-10 00:00:00"
"8318","84","948.00","2023-12-13 00:00:00","2024-01-02 00:00:00"
"8319","84","13250.00","2023-04-09 00:00:00","2023-04-10 00:00:00"
"8320","84","23816.00","2023-08-02 00:00:00","2023-08-24 00:00:00"
"8321","84","38.00","2023-12-20 00:00:00","2024-01-14 00:00:00"
"8322","84","75738.00","2023-12-02 00:00:00","2023-12-04 00:00:00"
"8323","84","41034.00","2023-02-04 00:00:00","2023-02-28 00:00:00"
"8324","84","19498.00","2023-01-14 00:00:00","2023-01-22 00:00:00"
"8325","84","264.00","2023-04-14 00:00:00","2023-04-19 00:00:00"
"8326","84","21199.00","2023-10-09 00:00:00","2023-10-25 00:00:00"
"8327","84","6986.00","2023-03-21 00:00:00","2023-03-28 00:00:00"
"8328","84","2637.00","2023-02-23 00:00:00","2023-02-24 00:00:00"
"8329","84","47984.00","2023-02-24 00:00:00","2023-03-06 00:00:00"
"8330","84","24797.00","2023-02-26 00:00:00","2023-03-23 00:00:00"
"8331","84","3897.00","2023-02-01 00:00:00","2023-02-02 00:00:00"
"8332","84","1472.00","2023-01-26 00:00:00","2023-02-11 00:00:00"
"8333","84","26130.00","2023-03-14 00:00:00","2023-03-23 00:00:00"
"8334","84","1093.00","2023-10-05 00:00:00","2023-10-28 00:00:00"
"8335","84","28252.00","2023-01-17 00:00:00","2023-02-02 00:00:00"
"8336","84","46690.00","2023-08-28 00:00:00","2023-09-12 00:00:00"
"8337","84","3385.00","2023-07-27 00:00:00","2023-07-31 00:00:00"
"8338","84","37218.00","2023-05-22 00:00:00","2023-05-27 00:00:00"
"8339","84","4101.00","2023-04-04 00:00:00","2023-04-21 00:00:00"
"8340","84","690.00","2023-01-18 00:00:00","2023-02-15 00:00:00"
"8341","84","1510.00","2023-09-21 00:00:00","2023-09-23 00:00:00"
"8342","84","583.00","2023-08-17 00:00:00","2023-09-05 00:00:00"
"8343","84","25494.00","2023-02-20 00:00:00","2023-03-15 00:00:00"
"8344","84","1573.00","2023-03-15 00:00:00","2023-03-29 00:00:00"
"8345","84","42988.00","2023-12-08 00:00:00","2023-12-11 00:00:00"
"8346","84","18853.00","2023-01-13 00:00:00","2023-01-14 00:00:00"
"8347","84","35141.00","2023-07-09 00:00:00","2023-08-04 00:00:00"
"8348","84","45349.00","2023-06-01 00:00:00","2023-06-09 00:00:00"
"8349","84","4176.00","2023-12-13 00:00:00","2024-01-01 00:00:00"
"8350","84","22742.00","2023-11-21 00:00:00","2023-12-15 00:00:00"
"8351","84","133.00","2023-05-17 00:00:00","2023-06-07 00:00:00"
"8352","84","37583.00","2023-05-24 00:00:00","2023-06-10 00:00:00"
"8353","84","23092.00","2023-05-30 00:00:00","2023-06-07 00:00:00"
"8354","84","1282.00","2023-02-23 00:00:00","2023-03-16 00:00:00"
"8355","84","34410.00","2023-02-05 00:00:00","2023-02-16 00:00:00"
"8356","84","8394.00","2023-08-22 00:00:00","2023-08-27 00:00:00"
"8357","84","3143.00","2023-04-08 00:00:00","2023-05-07 00:00:00"
"8358","84","2514.00","2023-06-28 00:00:00","2023-06-29 00:00:00"
"8359","84","25330.00","2023-09-15 00:00:00","2023-10-12 00:00:00"
"8360","84","2401.00","2023-08-19 00:00:00","2023-09-17 00:00:00"
"8361","84","16116.00","2023-02-08 00:00:00","2023-02-28 00:00:00"
"8362","84","2442.00","2023-11-12 00:00:00","2023-11-24 00:00:00"
"8363","84","12015.00","2023-07-01 00:00:00","2023-07-06 00:00:00"
"8364","84","1092.00","2023-02-02 00:00:00","2023-02-16 00:00:00"
"8365","84","658.00","2023-05-17 00:00:00","2023-06-02 00:00:00"
"8366","84","4959.00","2023-12-03 00:00:00","2023-12-11 00:00:00"
"8367","84","13315.00","2023-04-17 00:00:00","2023-05-15 00:00:00"
"8368","84","913.00","2023-09-28 00:00:00","2023-10-23 00:00:00"
"8369","84","1953.00","2023-01-22 00:00:00","2023-01-24 00:00:00"
"8370","84","6649.00","2023-11-11 00:00:00","2023-11-29 00:00:00"
"8371","84","171.00","2023-02-22 00:00:00","2023-03-01 00:00:00"
"8372","84","36095.00","2023-05-16 00:00:00","2023-06-12 00:00:00"
"8373","84","4488.00","2023-10-07 00:00:00","2023-11-05 00:00:00"
"8374","84","139.00","2023-09-25 00:00:00","2023-10-08 00:00:00"
"8375","84","4140.00","2023-08-30 00:00:00","2023-09-14 00:00:00"
"8376","84","5229.00","2023-12-14 00:00:00","2024-01-08 00:00:00"
"8377","84","42151.00","2023-09-26 00:00:00","2023-10-05 00:00:00"
"8378","84","3611.00","2023-11-09 00:00:00","2023-11-29 00:00:00"
"8379","84","34903.00","2023-01-29 00:00:00","2023-02-05 00:00:00"
"8380","84","2059.00","2023-02-21 00:00:00","2023-03-01 00:00:00"
"8381","84","21342.00","2023-09-28 00:00:00","2023-10-08 00:00:00"
"8382","84","5641.00","2023-03-03 00:00:00","2023-03-31 00:00:00"
"8383","84","26983.00","2023-08-20 00:00:00","2023-08-31 00:00:00"
"8384","84","46166.00","2023-07-18 00:00:00","2023-08-07 00:00:00"
"8385","84","76422.00","2023-05-13 00:00:00","2023-06-07 00:00:00"
"8386","84","1472.00","2023-02-26 00:00:00","2023-03-05 00:00:00"
"8387","84","1981.00","2023-02-25 00:00:00","2023-03-16 00:00:00"
"8388","84","39745.00","2023-12-20 00:00:00","2023-12-23 00:00:00"
"8389","84","3810.00","2023-01-13 00:00:00","2023-01-19 00:00:00"
"8390","84","9642.00","2023-07-08 00:00:00","2023-08-03 00:00:00"
"8391","84","548.00","2023-10-12 00:00:00","2023-11-04 00:00:00"
"8392","84","2410.00","2023-04-11 00:00:00","2023-04-16 00:00:00"
"8393","84","29625.00","2023-01-13 00:00:00","2023-01-14 00:00:00"
"8394","84","36879.00","2023-01-17 00:00:00","2023-02-07 00:00:00"
"8395","84","75777.00","2023-12-02 00:00:00","2023-12-03 00:00:00"
"8396","84","1079.00","2023-07-19 00:00:00","2023-07-21 00:00:00"
"8397","84","1230.00","2023-01-09 00:00:00","2023-01-19 00:00:00"
"8398","84","19306.00","2023-03-27 00:00:00","2023-04-18 00:00:00"
"8399","84","41301.00","2023-12-13 00:00:00","2023-12-16 00:00:00"
"8400","84","3499.00","2023-05-03 00:00:00","2023-05-06 00:00:00"
"8401","85","24496.00","2023-11-13 00:00:00","2023-11-22 00:00:00"
"8402","85","2209.00","2023-08-16 00:00:00","2023-08-19 00:00:00"
"8403","85","405.00","2023-03-24 00:00:00","2023-04-04 00:00:00"
"8404","85","12971.00","2023-10-01 00:00:00","2023-10-09 00:00:00"
"8405","85","19993.00","2023-01-04 00:00:00","2023-01-30 00:00:00"
"8406","85","22805.00","2023-08-31 00:00:00","2023-09-01 00:00:00"
"8407","85","1344.00","2023-03-16 00:00:00","2023-03-18 00:00:00"
"8408","85","34754.00","2023-07-02 00:00:00","2023-07-09 00:00:00"
"8409","85","24504.00","2023-06-20 00:00:00","2023-07-05 00:00:00"
"8410","85","1479.00","2023-10-26 00:00:00","2023-11-01 00:00:00"
"8411","85","750.00","2023-10-03 00:00:00","2023-10-16 00:00:00"
"8412","85","20994.00","2023-10-31 00:00:00","2023-11-11 00:00:00"
"8413","85","10923.00","2023-02-25 00:00:00","2023-03-01 00:00:00"
"8414","85","147.00","2023-06-18 00:00:00","2023-06-25 00:00:00"
"8415","85","2235.00","2023-02-24 00:00:00","2023-03-05 00:00:00"
"8416","85","398.00","2023-04-14 00:00:00","2023-04-26 00:00:00"
"8417","85","26178.00","2023-07-04 00:00:00","2023-08-01 00:00:00"
"8418","85","2955.00","2023-07-31 00:00:00","2023-08-20 00:00:00"
"8419","85","2465.00","2023-08-17 00:00:00","2023-08-20 00:00:00"
"8420","85","4961.00","2023-05-22 00:00:00","2023-06-03 00:00:00"
"8421","85","19193.00","2023-08-23 00:00:00","2023-09-21 00:00:00"
"8422","85","22043.00","2023-07-13 00:00:00","2023-07-15 00:00:00"
"8423","85","1242.00","2023-10-08 00:00:00","2023-10-11 00:00:00"
"8424","85","636.00","2023-10-13 00:00:00","2023-10-15 00:00:00"
"8425","85","64150.00","2023-05-29 00:00:00","2023-06-15 00:00:00"
"8426","85","47311.00","2023-11-08 00:00:00","2023-12-01 00:00:00"
"8427","85","47138.00","2023-12-02 00:00:00","2023-12-18 00:00:00"
"8428","85","1078.00","2023-08-27 00:00:00","2023-09-25 00:00:00"
"8429","85","278.00","2023-07-17 00:00:00","2023-08-01 00:00:00"
"8430","85","844.00","2023-10-10 00:00:00","2023-11-07 00:00:00"
"8431","85","774.00","2023-07-24 00:00:00","2023-08-05 00:00:00"
"8432","85","25731.00","2023-11-03 00:00:00","2023-11-24 00:00:00"
"8433","85","8409.00","2023-09-26 00:00:00","2023-10-15 00:00:00"
"8434","85","4176.00","2023-04-13 00:00:00","2023-05-01 00:00:00"
"8435","85","5487.00","2023-08-07 00:00:00","2023-08-13 00:00:00"
"8436","85","14067.00","2023-05-17 00:00:00","2023-05-18 00:00:00"
"8437","85","1351.00","2023-08-18 00:00:00","2023-09-03 00:00:00"
"8438","85","15726.00","2023-06-06 00:00:00","2023-06-29 00:00:00"
"8439","85","45248.00","2023-08-18 00:00:00","2023-09-04 00:00:00"
"8440","85","9747.00","2023-10-23 00:00:00","2023-11-10 00:00:00"
"8441","85","13107.00","2023-05-31 00:00:00","2023-06-23 00:00:00"
"8442","85","3705.00","2023-10-22 00:00:00","2023-11-10 00:00:00"
"8443","85","37400.00","2023-07-24 00:00:00","2023-08-01 00:00:00"
"8444","85","26479.00","2023-03-22 00:00:00","2023-03-22 00:00:00"
"8445","85","1805.00","2023-11-09 00:00:00","2023-11-12 00:00:00"
"8446","85","1702.00","2023-03-27 00:00:00","2023-04-10 00:00:00"
"8447","85","405.00","2023-05-10 00:00:00","2023-05-17 00:00:00"
"8448","85","905.00","2023-03-26 00:00:00","2023-04-21 00:00:00"
"8449","85","4484.00","2023-04-25 00:00:00","2023-05-06 00:00:00"
"8450","85","2151.00","2023-06-22 00:00:00","2023-06-29 00:00:00"
"8451","85","343.00","2023-02-25 00:00:00","2023-03-19 00:00:00"
"8452","85","44009.00","2023-05-06 00:00:00","2023-05-27 00:00:00"
"8453","85","27208.00","2023-03-12 00:00:00","2023-04-03 00:00:00"
"8454","85","28994.00","2023-11-05 00:00:00","2023-11-28 00:00:00"
"8455","85","30913.00","2023-02-10 00:00:00","2023-03-01 00:00:00"
"8456","85","13746.00","2023-05-21 00:00:00","2023-05-25 00:00:00"
"8457","85","18850.00","2023-10-03 00:00:00","2023-10-09 00:00:00"
"8458","85","47839.00","2023-07-19 00:00:00","2023-07-28 00:00:00"
"8459","85","8188.00","2023-10-01 00:00:00","2023-10-21 00:00:00"
"8460","85","224.00","2023-03-27 00:00:00","2023-04-04 00:00:00"
"8461","85","490.00","2023-03-28 00:00:00","2023-03-28 00:00:00"
"8462","85","28192.00","2023-10-16 00:00:00","2023-10-23 00:00:00"
"8463","85","2907.00","2023-06-01 00:00:00","2023-06-25 00:00:00"
"8464","85","4639.00","2023-08-07 00:00:00","2023-09-04 00:00:00"
"8465","85","1868.00","2023-09-21 00:00:00","2023-10-02 00:00:00"
"8466","85","4549.00","2023-01-10 00:00:00","2023-02-05 00:00:00"
"8467","85","47192.00","2023-03-05 00:00:00","2023-03-22 00:00:00"
"8468","85","42491.00","2023-07-20 00:00:00","2023-07-23 00:00:00"
"8469","85","52229.00","2023-08-17 00:00:00","2023-08-25 00:00:00"
"8470","85","980.00","2023-01-23 00:00:00","2023-01-28 00:00:00"
"8471","85","1829.00","2023-08-30 00:00:00","2023-09-10 00:00:00"
"8472","85","21315.00","2023-12-27 00:00:00","2024-01-08 00:00:00"
"8473","85","44210.00","2023-06-14 00:00:00","2023-07-03 00:00:00"
"8474","85","10741.00","2023-01-26 00:00:00","2023-01-30 00:00:00"
"8475","85","9344.00","2023-06-06 00:00:00","2023-06-23 00:00:00"
"8476","85","36647.00","2023-03-08 00:00:00","2023-03-12 00:00:00"
"8477","85","315.00","2023-07-29 00:00:00","2023-08-16 00:00:00"
"8478","85","1111.00","2023-07-13 00:00:00","2023-08-06 00:00:00"
"8479","85","815.00","2023-05-03 00:00:00","2023-05-30 00:00:00"
"8480","85","144.00","2023-10-18 00:00:00","2023-11-16 00:00:00"
"8481","85","3834.00","2023-07-14 00:00:00","2023-07-29 00:00:00"
"8482","85","34239.00","2023-07-22 00:00:00","2023-08-01 00:00:00"
"8483","85","40231.00","2023-03-22 00:00:00","2023-04-02 00:00:00"
"8484","85","51126.00","2023-03-02 00:00:00","2023-03-31 00:00:00"
"8485","85","35994.00","2023-04-09 00:00:00","2023-05-01 00:00:00"
"8486","85","1511.00","2023-12-18 00:00:00","2023-12-24 00:00:00"
"8487","85","8232.00","2023-02-10 00:00:00","2023-02-11 00:00:00"
"8488","85","1948.00","2023-04-28 00:00:00","2023-05-01 00:00:00"
"8489","85","556.00","2023-07-07 00:00:00","2023-07-29 00:00:00"
"8490","85","422.00","2023-12-04 00:00:00","2023-12-09 00:00:00"
"8491","85","54084.00","2023-07-09 00:00:00","2023-07-14 00:00:00"
"8492","85","5045.00","2023-12-23 00:00:00","2023-12-27 00:00:00"
"8493","85","1194.00","2023-06-06 00:00:00","2023-06-23 00:00:00"
"8494","85","69648.00","2023-09-22 00:00:00","2023-10-14 00:00:00"
"8495","85","729.00","2023-04-18 00:00:00","2023-04-28 00:00:00"
"8496","85","6137.00","2023-07-25 00:00:00","2023-08-14 00:00:00"
"8497","85","29233.00","2023-08-13 00:00:00","2023-09-09 00:00:00"
"8498","85","54349.00","2023-08-09 00:00:00","2023-09-01 00:00:00"
"8499","85","89187.00","2023-07-09 00:00:00","2023-08-02 00:00:00"
"8500","85","10189.00","2023-03-17 00:00:00","2023-03-25 00:00:00"
"8501","86","29381.00","2023-08-13 00:00:00","2023-08-30 00:00:00"
"8502","86","444.00","2023-02-20 00:00:00","2023-03-12 00:00:00"
"8503","86","15382.00","2023-07-02 00:00:00","2023-07-25 00:00:00"
"8504","86","941.00","2023-04-12 00:00:00","2023-04-25 00:00:00"
"8505","86","8678.00","2023-12-16 00:00:00","2023-12-21 00:00:00"
"8506","86","8395.00","2023-01-22 00:00:00","2023-01-25 00:00:00"
"8507","86","2672.00","2023-09-07 00:00:00","2023-09-26 00:00:00"
"8508","86","16140.00","2023-06-12 00:00:00","2023-07-09 00:00:00"
"8509","86","36232.00","2023-04-04 00:00:00","2023-04-27 00:00:00"
"8510","86","1783.00","2023-03-09 00:00:00","2023-03-15 00:00:00"
"8511","86","32581.00","2023-02-02 00:00:00","2023-03-01 00:00:00"
"8512","86","2973.00","2023-01-16 00:00:00","2023-01-19 00:00:00"
"8513","86","25486.00","2023-05-05 00:00:00","2023-05-28 00:00:00"
"8514","86","4964.00","2023-09-06 00:00:00","2023-09-29 00:00:00"
"8515","86","56327.00","2023-09-04 00:00:00","2023-09-25 00:00:00"
"8516","86","711.00","2023-10-04 00:00:00","2023-10-27 00:00:00"
"8517","86","46191.00","2023-05-07 00:00:00","2023-05-31 00:00:00"
"8518","86","29188.00","2023-06-25 00:00:00","2023-07-16 00:00:00"
"8519","86","195.00","2023-07-11 00:00:00","2023-07-30 00:00:00"
"8520","86","17369.00","2023-07-14 00:00:00","2023-07-19 00:00:00"
"8521","86","504.00","2023-10-31 00:00:00","2023-11-23 00:00:00"
"8522","86","14690.00","2023-04-23 00:00:00","2023-05-14 00:00:00"
"8523","86","640.00","2023-01-04 00:00:00","2023-02-01 00:00:00"
"8524","86","38990.00","2023-07-24 00:00:00","2023-07-31 00:00:00"
"8525","86","889.00","2023-10-08 00:00:00","2023-10-20 00:00:00"
"8526","86","3590.00","2023-12-08 00:00:00","2024-01-04 00:00:00"
"8527","86","1554.00","2023-10-17 00:00:00","2023-11-01 00:00:00"
"8528","86","682.00","2023-12-18 00:00:00","2024-01-06 00:00:00"
"8529","86","1257.00","2023-07-12 00:00:00","2023-07-26 00:00:00"
"8530","86","1895.00","2023-09-29 00:00:00","2023-10-15 00:00:00"
"8531","86","45790.00","2023-03-22 00:00:00","2023-04-07 00:00:00"
"8532","86","875.00","2023-11-24 00:00:00","2023-12-16 00:00:00"
"8533","86","10395.00","2023-06-11 00:00:00","2023-06-23 00:00:00"
"8534","86","33785.00","2023-06-21 00:00:00","2023-06-28 00:00:00"
"8535","86","4288.00","2023-06-23 00:00:00","2023-06-29 00:00:00"
"8536","86","8414.00","2023-04-10 00:00:00","2023-05-07 00:00:00"
"8537","86","9294.00","2023-02-11 00:00:00","2023-03-09 00:00:00"
"8538","86","35014.00","2023-12-20 00:00:00","2023-12-28 00:00:00"
"8539","86","15236.00","2023-01-17 00:00:00","2023-02-05 00:00:00"
"8540","86","921.00","2023-11-14 00:00:00","2023-12-03 00:00:00"
"8541","86","12116.00","2023-05-02 00:00:00","2023-05-04 00:00:00"
"8542","86","12696.00","2023-06-21 00:00:00","2023-06-29 00:00:00"
"8543","86","16681.00","2023-12-01 00:00:00","2023-12-27 00:00:00"
"8544","86","15271.00","2023-02-05 00:00:00","2023-02-18 00:00:00"
"8545","86","45206.00","2023-07-24 00:00:00","2023-08-21 00:00:00"
"8546","86","500.00","2023-07-03 00:00:00","2023-07-19 00:00:00"
"8547","86","2420.00","2023-04-17 00:00:00","2023-05-02 00:00:00"
"8548","86","2194.00","2023-03-19 00:00:00","2023-03-22 00:00:00"
"8549","86","46297.00","2023-12-20 00:00:00","2024-01-03 00:00:00"
"8550","86","49522.00","2023-06-18 00:00:00","2023-07-06 00:00:00"
"8551","86","19228.00","2023-02-16 00:00:00","2023-02-17 00:00:00"
"8552","86","10384.00","2023-08-10 00:00:00","2023-08-23 00:00:00"
"8553","86","683.00","2023-11-26 00:00:00","2023-12-16 00:00:00"
"8554","86","11852.00","2023-01-22 00:00:00","2023-02-11 00:00:00"
"8555","86","31165.00","2023-07-30 00:00:00","2023-08-03 00:00:00"
"8556","86","50795.00","2023-03-13 00:00:00","2023-03-27 00:00:00"
"8557","86","81395.00","2023-05-15 00:00:00","2023-06-01 00:00:00"
"8558","86","16015.00","2023-02-17 00:00:00","2023-02-23 00:00:00"
"8559","86","630.00","2023-10-20 00:00:00","2023-10-30 00:00:00"
"8560","86","3631.00","2023-10-06 00:00:00","2023-10-16 00:00:00"
"8561","86","1245.00","2023-01-11 00:00:00","2023-01-15 00:00:00"
"8562","86","32114.00","2023-04-28 00:00:00","2023-05-24 00:00:00"
"8563","86","5440.00","2023-09-04 00:00:00","2023-09-24 00:00:00"
"8564","86","24714.00","2023-04-27 00:00:00","2023-04-29 00:00:00"
"8565","86","186.00","2023-05-21 00:00:00","2023-06-17 00:00:00"
"8566","86","28628.00","2023-04-13 00:00:00","2023-04-22 00:00:00"
"8567","86","6291.00","2023-12-19 00:00:00","2024-01-11 00:00:00"
"8568","86","9648.00","2023-07-27 00:00:00","2023-08-05 00:00:00"
"8569","86","17194.00","2023-03-16 00:00:00","2023-03-29 00:00:00"
"8570","86","6575.00","2023-12-02 00:00:00","2023-12-24 00:00:00"
"8571","86","1135.00","2023-09-30 00:00:00","2023-10-18 00:00:00"
"8572","86","2392.00","2023-10-26 00:00:00","2023-10-31 00:00:00"
"8573","86","1779.00","2023-11-19 00:00:00","2023-12-07 00:00:00"
"8574","86","52583.00","2023-12-02 00:00:00","2023-12-22 00:00:00"
"8575","86","177.00","2023-03-30 00:00:00","2023-04-24 00:00:00"
"8576","86","2192.00","2023-03-29 00:00:00","2023-04-19 00:00:00"
"8577","86","30996.00","2023-06-30 00:00:00","2023-07-20 00:00:00"
"8578","86","2810.00","2023-04-20 00:00:00","2023-04-27 00:00:00"
"8579","86","1754.00","2023-11-19 00:00:00","2023-11-25 00:00:00"
"8580","86","18138.00","2023-09-17 00:00:00","2023-10-10 00:00:00"
"8581","86","8362.00","2023-12-02 00:00:00","2023-12-11 00:00:00"
"8582","86","5251.00","2023-12-30 00:00:00","2024-01-20 00:00:00"
"8583","86","2886.00","2023-09-04 00:00:00","2023-09-06 00:00:00"
"8584","86","1611.00","2023-05-25 00:00:00","2023-06-06 00:00:00"
"8585","86","2913.00","2023-08-28 00:00:00","2023-09-04 00:00:00"
"8586","86","612.00","2023-04-01 00:00:00","2023-04-23 00:00:00"
"8587","86","215.00","2023-12-09 00:00:00","2023-12-29 00:00:00"
"8588","86","933.00","2023-12-24 00:00:00","2023-12-26 00:00:00"
"8589","86","24195.00","2023-11-11 00:00:00","2023-11-20 00:00:00"
"8590","86","618.00","2023-07-02 00:00:00","2023-07-26 00:00:00"
"8591","86","900.00","2023-10-09 00:00:00","2023-10-15 00:00:00"
"8592","86","29793.00","2023-11-16 00:00:00","2023-11-24 00:00:00"
"8593","86","45394.00","2023-02-02 00:00:00","2023-02-10 00:00:00"
"8594","86","9054.00","2023-02-02 00:00:00","2023-02-04 00:00:00"
"8595","86","325.00","2023-03-22 00:00:00","2023-04-03 00:00:00"
"8596","86","21826.00","2023-09-21 00:00:00","2023-09-24 00:00:00"
"8597","86","2792.00","2023-01-04 00:00:00","2023-01-04 00:00:00"
"8598","86","50827.00","2023-01-12 00:00:00","2023-01-25 00:00:00"
"8599","86","33493.00","2023-05-15 00:00:00","2023-05-20 00:00:00"
"8600","86","41236.00","2023-07-30 00:00:00","2023-07-30 00:00:00"
"8601","87","4286.00","2023-12-31 00:00:00","2024-01-04 00:00:00"
"8602","87","16918.00","2023-06-27 00:00:00","2023-07-26 00:00:00"
"8603","87","8128.00","2023-12-14 00:00:00","2023-12-21 00:00:00"
"8604","87","4925.00","2023-05-29 00:00:00","2023-06-19 00:00:00"
"8605","87","7668.00","2023-10-02 00:00:00","2023-10-31 00:00:00"
"8606","87","12190.00","2023-10-12 00:00:00","2023-10-22 00:00:00"
"8607","87","15375.00","2023-02-02 00:00:00","2023-02-16 00:00:00"
"8608","87","375.00","2023-02-09 00:00:00","2023-03-05 00:00:00"
"8609","87","41995.00","2023-01-10 00:00:00","2023-02-01 00:00:00"
"8610","87","453.00","2023-07-27 00:00:00","2023-08-22 00:00:00"
"8611","87","30630.00","2023-01-05 00:00:00","2023-01-26 00:00:00"
"8612","87","11594.00","2023-05-06 00:00:00","2023-05-21 00:00:00"
"8613","87","21531.00","2023-06-12 00:00:00","2023-06-16 00:00:00"
"8614","87","15335.00","2023-05-20 00:00:00","2023-05-29 00:00:00"
"8615","87","16537.00","2023-09-20 00:00:00","2023-10-17 00:00:00"
"8616","87","8650.00","2023-06-29 00:00:00","2023-07-20 00:00:00"
"8617","87","36406.00","2023-03-05 00:00:00","2023-03-21 00:00:00"
"8618","87","10809.00","2023-10-13 00:00:00","2023-10-14 00:00:00"
"8619","87","2702.00","2023-12-01 00:00:00","2023-12-07 00:00:00"
"8620","87","20903.00","2023-08-22 00:00:00","2023-09-17 00:00:00"
"8621","87","12017.00","2023-08-16 00:00:00","2023-08-29 00:00:00"
"8622","87","9451.00","2023-03-16 00:00:00","2023-03-21 00:00:00"
"8623","87","1782.00","2023-02-08 00:00:00","2023-02-24 00:00:00"
"8624","87","1478.00","2023-09-20 00:00:00","2023-10-16 00:00:00"
"8625","87","19239.00","2023-09-06 00:00:00","2023-09-22 00:00:00"
"8626","87","8380.00","2023-01-06 00:00:00","2023-02-04 00:00:00"
"8627","87","37092.00","2023-10-05 00:00:00","2023-10-27 00:00:00"
"8628","87","1913.00","2023-12-07 00:00:00","2023-12-07 00:00:00"
"8629","87","30749.00","2023-08-12 00:00:00","2023-08-25 00:00:00"
"8630","87","1192.00","2023-09-18 00:00:00","2023-10-02 00:00:00"
"8631","87","23706.00","2023-02-07 00:00:00","2023-02-10 00:00:00"
"8632","87","1903.00","2023-08-18 00:00:00","2023-08-26 00:00:00"
"8633","87","774.00","2023-11-18 00:00:00","2023-12-15 00:00:00"
"8634","87","25888.00","2023-02-09 00:00:00","2023-03-09 00:00:00"
"8635","87","42935.00","2023-10-20 00:00:00","2023-11-05 00:00:00"
"8636","87","36407.00","2023-09-02 00:00:00","2023-09-10 00:00:00"
"8637","87","6172.00","2023-01-14 00:00:00","2023-01-20 00:00:00"
"8638","87","797.00","2023-06-08 00:00:00","2023-06-15 00:00:00"
"8639","87","68121.00","2023-02-08 00:00:00","2023-02-08 00:00:00"
"8640","87","23020.00","2023-11-03 00:00:00","2023-11-10 00:00:00"
"8641","87","30535.00","2023-06-14 00:00:00","2023-06-14 00:00:00"
"8642","87","8380.00","2023-08-10 00:00:00","2023-09-07 00:00:00"
"8643","87","22333.00","2023-09-20 00:00:00","2023-10-01 00:00:00"
"8644","87","759.00","2023-05-08 00:00:00","2023-05-14 00:00:00"
"8645","87","3111.00","2023-05-25 00:00:00","2023-06-20 00:00:00"
"8646","87","2741.00","2023-10-26 00:00:00","2023-11-18 00:00:00"
"8647","87","3522.00","2023-12-13 00:00:00","2023-12-28 00:00:00"
"8648","87","296.00","2023-12-22 00:00:00","2023-12-26 00:00:00"
"8649","87","27491.00","2023-06-02 00:00:00","2023-06-03 00:00:00"
"8650","87","28110.00","2023-11-22 00:00:00","2023-12-18 00:00:00"
"8651","87","2912.00","2023-06-30 00:00:00","2023-07-05 00:00:00"
"8652","87","7702.00","2023-09-10 00:00:00","2023-10-06 00:00:00"
"8653","87","4035.00","2023-11-18 00:00:00","2023-11-21 00:00:00"
"8654","87","1398.00","2023-03-26 00:00:00","2023-04-14 00:00:00"
"8655","87","38217.00","2023-05-08 00:00:00","2023-05-12 00:00:00"
"8656","87","9240.00","2023-12-23 00:00:00","2023-12-31 00:00:00"
"8657","87","2689.00","2023-09-26 00:00:00","2023-10-02 00:00:00"
"8658","87","2268.00","2023-07-25 00:00:00","2023-08-19 00:00:00"
"8659","87","37539.00","2023-10-26 00:00:00","2023-11-10 00:00:00"
"8660","87","472.00","2023-06-30 00:00:00","2023-07-21 00:00:00"
"8661","87","4369.00","2023-05-17 00:00:00","2023-06-15 00:00:00"
"8662","87","9509.00","2023-07-01 00:00:00","2023-07-17 00:00:00"
"8663","87","3128.00","2023-04-27 00:00:00","2023-05-03 00:00:00"
"8664","87","46233.00","2023-01-22 00:00:00","2023-02-05 00:00:00"
"8665","87","36215.00","2023-07-29 00:00:00","2023-08-05 00:00:00"
"8666","87","3160.00","2023-12-04 00:00:00","2023-12-27 00:00:00"
"8667","87","1792.00","2023-07-25 00:00:00","2023-07-28 00:00:00"
"8668","87","740.00","2023-12-23 00:00:00","2024-01-02 00:00:00"
"8669","87","1284.00","2023-06-22 00:00:00","2023-07-13 00:00:00"
"8670","87","45124.00","2023-04-12 00:00:00","2023-04-24 00:00:00"
"8671","87","831.00","2023-04-25 00:00:00","2023-05-14 00:00:00"
"8672","87","45170.00","2023-05-12 00:00:00","2023-05-27 00:00:00"
"8673","87","16671.00","2023-11-03 00:00:00","2023-12-01 00:00:00"
"8674","87","28230.00","2023-12-14 00:00:00","2023-12-16 00:00:00"
"8675","87","8148.00","2023-05-31 00:00:00","2023-06-08 00:00:00"
"8676","87","1059.00","2023-07-02 00:00:00","2023-07-21 00:00:00"
"8677","87","1028.00","2023-06-11 00:00:00","2023-07-08 00:00:00"
"8678","87","45172.00","2023-10-10 00:00:00","2023-10-20 00:00:00"
"8679","87","169.00","2023-08-18 00:00:00","2023-09-14 00:00:00"
"8680","87","16225.00","2023-08-11 00:00:00","2023-09-07 00:00:00"
"8681","87","960.00","2023-10-19 00:00:00","2023-10-30 00:00:00"
"8682","87","5786.00","2023-12-18 00:00:00","2024-01-06 00:00:00"
"8683","87","7730.00","2023-03-09 00:00:00","2023-04-05 00:00:00"
"8684","87","249.00","2023-05-11 00:00:00","2023-05-17 00:00:00"
"8685","87","993.00","2023-08-05 00:00:00","2023-08-15 00:00:00"
"8686","87","16528.00","2023-01-27 00:00:00","2023-02-14 00:00:00"
"8687","87","1959.00","2023-10-12 00:00:00","2023-10-12 00:00:00"
"8688","87","63176.00","2023-03-28 00:00:00","2023-04-02 00:00:00"
"8689","87","20682.00","2023-01-28 00:00:00","2023-02-18 00:00:00"
"8690","87","2228.00","2023-03-02 00:00:00","2023-03-27 00:00:00"
"8691","87","2481.00","2023-09-05 00:00:00","2023-09-28 00:00:00"
"8692","87","1516.00","2023-12-16 00:00:00","2024-01-05 00:00:00"
"8693","87","25958.00","2023-08-21 00:00:00","2023-09-11 00:00:00"
"8694","87","9255.00","2023-12-05 00:00:00","2023-12-07 00:00:00"
"8695","87","3747.00","2023-02-15 00:00:00","2023-03-11 00:00:00"
"8696","87","37435.00","2023-12-10 00:00:00","2023-12-31 00:00:00"
"8697","87","16074.00","2023-10-28 00:00:00","2023-11-11 00:00:00"
"8698","87","947.00","2023-09-06 00:00:00","2023-09-21 00:00:00"
"8699","87","1801.00","2023-03-28 00:00:00","2023-04-11 00:00:00"
"8700","87","821.00","2023-09-18 00:00:00","2023-09-19 00:00:00"
"8701","88","470.00","2023-07-24 00:00:00","2023-08-10 00:00:00"
"8702","88","8595.00","2023-12-22 00:00:00","2023-12-27 00:00:00"
"8703","88","137.00","2023-02-27 00:00:00","2023-02-27 00:00:00"
"8704","88","572.00","2023-09-17 00:00:00","2023-10-14 00:00:00"
"8705","88","117568.00","2023-05-24 00:00:00","2023-06-13 00:00:00"
"8706","88","16093.00","2023-11-12 00:00:00","2023-11-30 00:00:00"
"8707","88","3792.00","2023-10-26 00:00:00","2023-10-26 00:00:00"
"8708","88","28010.00","2023-05-27 00:00:00","2023-06-19 00:00:00"
"8709","88","309.00","2023-03-22 00:00:00","2023-04-05 00:00:00"
"8710","88","36391.00","2023-01-05 00:00:00","2023-01-29 00:00:00"
"8711","88","42203.00","2023-03-23 00:00:00","2023-03-25 00:00:00"
"8712","88","40555.00","2023-07-26 00:00:00","2023-08-10 00:00:00"
"8713","88","1773.00","2023-07-16 00:00:00","2023-07-23 00:00:00"
"8714","88","12793.00","2023-05-26 00:00:00","2023-05-28 00:00:00"
"8715","88","1315.00","2023-08-25 00:00:00","2023-09-01 00:00:00"
"8716","88","1995.00","2023-04-08 00:00:00","2023-04-30 00:00:00"
"8717","88","32110.00","2023-10-20 00:00:00","2023-10-27 00:00:00"
"8718","88","24559.00","2023-12-18 00:00:00","2023-12-20 00:00:00"
"8719","88","3067.00","2023-04-15 00:00:00","2023-05-04 00:00:00"
"8720","88","2222.00","2023-04-08 00:00:00","2023-04-08 00:00:00"
"8721","88","737.00","2023-03-28 00:00:00","2023-04-03 00:00:00"
"8722","88","51384.00","2023-01-19 00:00:00","2023-02-10 00:00:00"
"8723","88","21295.00","2023-07-14 00:00:00","2023-07-31 00:00:00"
"8724","88","12593.00","2023-01-12 00:00:00","2023-01-18 00:00:00"
"8725","88","3607.00","2023-12-06 00:00:00","2023-12-26 00:00:00"
"8726","88","1440.00","2023-05-28 00:00:00","2023-06-10 00:00:00"
"8727","88","1575.00","2023-09-27 00:00:00","2023-10-13 00:00:00"
"8728","88","64836.00","2023-03-01 00:00:00","2023-03-01 00:00:00"
"8729","88","852.00","2023-06-24 00:00:00","2023-07-19 00:00:00"
"8730","88","25474.00","2023-12-22 00:00:00","2024-01-14 00:00:00"
"8731","88","963.00","2023-01-10 00:00:00","2023-01-22 00:00:00"
"8732","88","28232.00","2023-01-05 00:00:00","2023-01-28 00:00:00"
"8733","88","125.00","2023-07-15 00:00:00","2023-07-20 00:00:00"
"8734","88","1537.00","2023-10-06 00:00:00","2023-10-31 00:00:00"
"8735","88","1306.00","2023-08-16 00:00:00","2023-09-04 00:00:00"
"8736","88","923.00","2023-02-11 00:00:00","2023-02-21 00:00:00"
"8737","88","1370.00","2023-10-23 00:00:00","2023-10-26 00:00:00"
"8738","88","28433.00","2023-02-21 00:00:00","2023-03-22 00:00:00"
"8739","88","1807.00","2023-07-01 00:00:00","2023-07-03 00:00:00"
"8740","88","28072.00","2023-10-21 00:00:00","2023-11-12 00:00:00"
"8741","88","6037.00","2023-03-17 00:00:00","2023-03-27 00:00:00"
"8742","88","7441.00","2023-06-03 00:00:00","2023-06-18 00:00:00"
"8743","88","19600.00","2023-01-19 00:00:00","2023-02-08 00:00:00"
"8744","88","216.00","2023-12-10 00:00:00","2023-12-20 00:00:00"
"8745","88","30610.00","2023-09-25 00:00:00","2023-10-03 00:00:00"
"8746","88","6305.00","2023-07-01 00:00:00","2023-07-11 00:00:00"
"8747","88","19306.00","2023-03-13 00:00:00","2023-03-18 00:00:00"
"8748","88","1003.00","2023-05-09 00:00:00","2023-05-10 00:00:00"
"8749","88","2154.00","2023-05-19 00:00:00","2023-05-27 00:00:00"
"8750","88","12091.00","2023-08-21 00:00:00","2023-08-25 00:00:00"
"8751","88","2544.00","2023-01-19 00:00:00","2023-02-05 00:00:00"
"8752","88","36506.00","2023-02-21 00:00:00","2023-03-05 00:00:00"
"8753","88","22900.00","2023-03-30 00:00:00","2023-04-02 00:00:00"
"8754","88","446.00","2023-02-04 00:00:00","2023-02-28 00:00:00"
"8755","88","2832.00","2023-05-26 00:00:00","2023-06-04 00:00:00"
"8756","88","12969.00","2023-02-13 00:00:00","2023-03-09 00:00:00"
"8757","88","4536.00","2023-06-10 00:00:00","2023-07-08 00:00:00"
"8758","88","544.00","2023-08-17 00:00:00","2023-09-12 00:00:00"
"8759","88","12657.00","2023-11-26 00:00:00","2023-12-18 00:00:00"
"8760","88","5392.00","2023-09-12 00:00:00","2023-09-19 00:00:00"
"8761","88","209.00","2023-07-12 00:00:00","2023-07-17 00:00:00"
"8762","88","1293.00","2023-11-23 00:00:00","2023-12-06 00:00:00"
"8763","88","7044.00","2023-08-25 00:00:00","2023-09-17 00:00:00"
"8764","88","757.00","2023-06-15 00:00:00","2023-06-22 00:00:00"
"8765","88","462.00","2023-06-20 00:00:00","2023-07-18 00:00:00"
"8766","88","36032.00","2023-12-15 00:00:00","2023-12-15 00:00:00"
"8767","88","582.00","2023-07-16 00:00:00","2023-07-28 00:00:00"
"8768","88","245.00","2023-12-15 00:00:00","2023-12-22 00:00:00"
"8769","88","60227.00","2023-05-17 00:00:00","2023-06-14 00:00:00"
"8770","88","12291.00","2023-05-03 00:00:00","2023-05-08 00:00:00"
"8771","88","1089.00","2023-08-19 00:00:00","2023-08-20 00:00:00"
"8772","88","39685.00","2023-01-20 00:00:00","2023-02-17 00:00:00"
"8773","88","25723.00","2023-01-04 00:00:00","2023-01-27 00:00:00"
"8774","88","829.00","2023-09-21 00:00:00","2023-10-07 00:00:00"
"8775","88","446.00","2023-08-20 00:00:00","2023-08-22 00:00:00"
"8776","88","3837.00","2023-02-10 00:00:00","2023-03-10 00:00:00"
"8777","88","17769.00","2023-10-05 00:00:00","2023-10-30 00:00:00"
"8778","88","965.00","2023-01-15 00:00:00","2023-01-25 00:00:00"
"8779","88","21051.00","2023-08-02 00:00:00","2023-08-04 00:00:00"
"8780","88","1167.00","2023-06-18 00:00:00","2023-07-11 00:00:00"
"8781","88","11332.00","2023-07-26 00:00:00","2023-08-07 00:00:00"
"8782","88","6722.00","2023-03-10 00:00:00","2023-03-20 00:00:00"
"8783","88","18216.00","2023-02-18 00:00:00","2023-03-19 00:00:00"
"8784","88","35789.00","2023-07-11 00:00:00","2023-07-29 00:00:00"
"8785","88","2637.00","2023-06-03 00:00:00","2023-06-08 00:00:00"
"8786","88","32090.00","2023-09-19 00:00:00","2023-09-19 00:00:00"
"8787","88","1548.00","2023-11-02 00:00:00","2023-11-26 00:00:00"
"8788","88","1017.00","2023-08-24 00:00:00","2023-08-27 00:00:00"
"8789","88","619.00","2023-03-18 00:00:00","2023-04-11 00:00:00"
"8790","88","9075.00","2023-10-31 00:00:00","2023-11-23 00:00:00"
"8791","88","25207.00","2023-09-11 00:00:00","2023-10-04 00:00:00"
"8792","88","28750.00","2023-05-04 00:00:00","2023-05-07 00:00:00"
"8793","88","235.00","2023-05-04 00:00:00","2023-05-08 00:00:00"
"8794","88","24775.00","2023-09-07 00:00:00","2023-09-27 00:00:00"
"8795","88","8044.00","2023-10-30 00:00:00","2023-11-06 00:00:00"
"8796","88","7747.00","2023-12-06 00:00:00","2023-12-15 00:00:00"
"8797","88","3664.00","2023-03-04 00:00:00","2023-03-28 00:00:00"
"8798","88","2914.00","2023-05-15 00:00:00","2023-06-12 00:00:00"
"8799","88","33084.00","2023-12-30 00:00:00","2024-01-12 00:00:00"
"8800","88","676.00","2023-11-04 00:00:00","2023-12-02 00:00:00"
"8801","89","3892.00","2023-09-01 00:00:00","2023-09-24 00:00:00"
"8802","89","8789.00","2023-06-23 00:00:00","2023-07-14 00:00:00"
"8803","89","21373.00","2023-09-10 00:00:00","2023-09-10 00:00:00"
"8804","89","17288.00","2023-12-01 00:00:00","2023-12-09 00:00:00"
"8805","89","9520.00","2023-06-09 00:00:00","2023-06-09 00:00:00"
"8806","89","4182.00","2023-06-24 00:00:00","2023-07-02 00:00:00"
"8807","89","37217.00","2023-10-07 00:00:00","2023-10-11 00:00:00"
"8808","89","25826.00","2023-08-14 00:00:00","2023-08-18 00:00:00"
"8809","89","12312.00","2023-11-20 00:00:00","2023-12-10 00:00:00"
"8810","89","3976.00","2023-09-03 00:00:00","2023-09-23 00:00:00"
"8811","89","604.00","2023-11-24 00:00:00","2023-12-09 00:00:00"
"8812","89","295.00","2023-10-19 00:00:00","2023-10-31 00:00:00"
"8813","89","16146.00","2023-03-09 00:00:00","2023-04-07 00:00:00"
"8814","89","18829.00","2023-04-24 00:00:00","2023-05-02 00:00:00"
"8815","89","28383.00","2023-08-24 00:00:00","2023-09-07 00:00:00"
"8816","89","9241.00","2023-11-30 00:00:00","2023-12-16 00:00:00"
"8817","89","6502.00","2023-01-19 00:00:00","2023-02-14 00:00:00"
"8818","89","1731.00","2023-05-24 00:00:00","2023-06-08 00:00:00"
"8819","89","347.00","2023-01-12 00:00:00","2023-01-14 00:00:00"
"8820","89","445.00","2023-05-05 00:00:00","2023-05-29 00:00:00"
"8821","89","4380.00","2023-11-17 00:00:00","2023-12-10 00:00:00"
"8822","89","5682.00","2023-03-13 00:00:00","2023-03-26 00:00:00"
"8823","89","1567.00","2023-12-04 00:00:00","2023-12-12 00:00:00"
"8824","89","16274.00","2023-10-07 00:00:00","2023-10-16 00:00:00"
"8825","89","9275.00","2023-08-12 00:00:00","2023-08-19 00:00:00"
"8826","89","21522.00","2023-12-02 00:00:00","2023-12-07 00:00:00"
"8827","89","15802.00","2023-12-12 00:00:00","2023-12-24 00:00:00"
"8828","89","124.00","2023-06-11 00:00:00","2023-07-07 00:00:00"
"8829","89","49345.00","2023-07-07 00:00:00","2023-07-26 00:00:00"
"8830","89","40473.00","2023-09-23 00:00:00","2023-10-08 00:00:00"
"8831","89","3167.00","2023-09-17 00:00:00","2023-09-26 00:00:00"
"8832","89","2396.00","2023-07-29 00:00:00","2023-08-25 00:00:00"
"8833","89","47489.00","2023-09-19 00:00:00","2023-09-19 00:00:00"
"8834","89","1914.00","2023-09-25 00:00:00","2023-09-25 00:00:00"
"8835","89","35344.00","2023-07-27 00:00:00","2023-08-16 00:00:00"
"8836","89","12147.00","2023-04-29 00:00:00","2023-05-23 00:00:00"
"8837","89","7037.00","2023-02-06 00:00:00","2023-02-25 00:00:00"
"8838","89","366.00","2023-04-24 00:00:00","2023-05-19 00:00:00"
"8839","89","4641.00","2023-11-22 00:00:00","2023-12-11 00:00:00"
"8840","89","1176.00","2023-12-31 00:00:00","2024-01-21 00:00:00"
"8841","89","1603.00","2023-07-15 00:00:00","2023-07-16 00:00:00"
"8842","89","50389.00","2023-07-31 00:00:00","2023-08-23 00:00:00"
"8843","89","721.00","2023-05-13 00:00:00","2023-05-27 00:00:00"
"8844","89","27026.00","2023-11-29 00:00:00","2023-11-30 00:00:00"
"8845","89","11407.00","2023-11-25 00:00:00","2023-12-07 00:00:00"
"8846","89","26083.00","2023-09-10 00:00:00","2023-09-22 00:00:00"
"8847","89","613.00","2023-06-11 00:00:00","2023-07-03 00:00:00"
"8848","89","8157.00","2023-10-04 00:00:00","2023-10-05 00:00:00"
"8849","89","28857.00","2023-12-27 00:00:00","2024-01-13 00:00:00"
"8850","89","48688.00","2023-01-23 00:00:00","2023-02-14 00:00:00"
"8851","89","5312.00","2023-08-23 00:00:00","2023-09-01 00:00:00"
"8852","89","434.00","2023-05-28 00:00:00","2023-06-23 00:00:00"
"8853","89","11494.00","2023-07-02 00:00:00","2023-07-23 00:00:00"
"8854","89","18530.00","2023-01-05 00:00:00","2023-01-26 00:00:00"
"8855","89","23740.00","2023-02-03 00:00:00","2023-02-09 00:00:00"
"8856","89","13878.00","2023-07-22 00:00:00","2023-08-06 00:00:00"
"8857","89","10089.00","2023-01-02 00:00:00","2023-01-27 00:00:00"
"8858","89","2847.00","2023-11-13 00:00:00","2023-11-26 00:00:00"
"8859","89","15144.00","2023-04-25 00:00:00","2023-04-28 00:00:00"
"8860","89","16234.00","2023-08-22 00:00:00","2023-09-09 00:00:00"
"8861","89","1095.00","2023-11-13 00:00:00","2023-11-22 00:00:00"
"8862","89","358.00","2023-03-28 00:00:00","2023-04-16 00:00:00"
"8863","89","14085.00","2023-03-18 00:00:00","2023-04-06 00:00:00"
"8864","89","30273.00","2023-02-10 00:00:00","2023-03-01 00:00:00"
"8865","89","33433.00","2023-08-26 00:00:00","2023-08-28 00:00:00"
"8866","89","57163.00","2023-08-12 00:00:00","2023-08-15 00:00:00"
"8867","89","927.00","2023-02-24 00:00:00","2023-03-07 00:00:00"
"8868","89","45322.00","2023-02-15 00:00:00","2023-03-12 00:00:00"
"8869","89","3360.00","2023-06-08 00:00:00","2023-06-08 00:00:00"
"8870","89","24560.00","2023-09-03 00:00:00","2023-09-28 00:00:00"
"8871","89","16399.00","2023-06-03 00:00:00","2023-06-05 00:00:00"
"8872","89","30298.00","2023-06-29 00:00:00","2023-07-20 00:00:00"
"8873","89","1152.00","2023-11-08 00:00:00","2023-11-30 00:00:00"
"8874","89","18112.00","2023-10-25 00:00:00","2023-11-21 00:00:00"
"8875","89","36954.00","2023-12-16 00:00:00","2023-12-30 00:00:00"
"8876","89","604.00","2023-10-27 00:00:00","2023-11-25 00:00:00"
"8877","89","71010.00","2023-05-01 00:00:00","2023-05-15 00:00:00"
"8878","89","18758.00","2023-12-10 00:00:00","2023-12-20 00:00:00"
"8879","89","28065.00","2023-07-31 00:00:00","2023-08-24 00:00:00"
"8880","89","861.00","2023-09-06 00:00:00","2023-09-17 00:00:00"
"8881","89","33177.00","2023-03-12 00:00:00","2023-03-30 00:00:00"
"8882","89","1758.00","2023-12-06 00:00:00","2023-12-18 00:00:00"
"8883","89","40028.00","2023-05-23 00:00:00","2023-05-31 00:00:00"
"8884","89","37045.00","2023-05-20 00:00:00","2023-06-10 00:00:00"
"8885","89","1785.00","2023-03-23 00:00:00","2023-04-04 00:00:00"
"8886","89","3431.00","2023-10-30 00:00:00","2023-11-25 00:00:00"
"8887","89","48486.00","2023-05-03 00:00:00","2023-05-17 00:00:00"
"8888","89","1585.00","2023-07-05 00:00:00","2023-07-05 00:00:00"
"8889","89","3330.00","2023-07-01 00:00:00","2023-07-07 00:00:00"
"8890","89","6293.00","2023-05-04 00:00:00","2023-05-21 00:00:00"
"8891","89","4167.00","2023-05-11 00:00:00","2023-06-05 00:00:00"
"8892","89","13360.00","2023-10-12 00:00:00","2023-11-03 00:00:00"
"8893","89","21045.00","2023-07-10 00:00:00","2023-07-30 00:00:00"
"8894","89","31150.00","2023-06-10 00:00:00","2023-06-11 00:00:00"
"8895","89","68508.00","2023-04-22 00:00:00","2023-05-04 00:00:00"
"8896","89","1633.00","2023-01-13 00:00:00","2023-01-20 00:00:00"
"8897","89","420.00","2023-03-25 00:00:00","2023-03-29 00:00:00"
"8898","89","994.00","2023-06-10 00:00:00","2023-06-10 00:00:00"
"8899","89","3346.00","2023-11-15 00:00:00","2023-11-16 00:00:00"
"8900","89","1505.00","2023-05-03 00:00:00","2023-05-22 00:00:00"
"8901","90","1452.00","2023-01-25 00:00:00","2023-02-06 00:00:00"
"8902","90","10341.00","2023-05-07 00:00:00","2023-05-17 00:00:00"
"8903","90","16088.00","2023-08-08 00:00:00","2023-08-26 00:00:00"
"8904","90","9449.00","2023-06-18 00:00:00","2023-07-04 00:00:00"
"8905","90","442.00","2023-07-29 00:00:00","2023-08-03 00:00:00"
"8906","90","9444.00","2023-03-27 00:00:00","2023-04-17 00:00:00"
"8907","90","421.00","2023-02-28 00:00:00","2023-03-15 00:00:00"
"8908","90","6990.00","2023-06-20 00:00:00","2023-07-18 00:00:00"
"8909","90","26093.00","2023-11-02 00:00:00","2023-11-07 00:00:00"
"8910","90","27703.00","2023-11-25 00:00:00","2023-12-16 00:00:00"
"8911","90","2702.00","2023-01-18 00:00:00","2023-02-10 00:00:00"
"8912","90","36380.00","2023-10-19 00:00:00","2023-11-17 00:00:00"
"8913","90","45593.00","2023-04-28 00:00:00","2023-05-17 00:00:00"
"8914","90","11140.00","2023-07-12 00:00:00","2023-07-31 00:00:00"
"8915","90","25993.00","2023-09-30 00:00:00","2023-10-18 00:00:00"
"8916","90","18138.00","2023-05-07 00:00:00","2023-05-27 00:00:00"
"8917","90","18096.00","2023-07-26 00:00:00","2023-08-22 00:00:00"
"8918","90","20096.00","2023-10-05 00:00:00","2023-10-18 00:00:00"
"8919","90","19742.00","2023-12-06 00:00:00","2023-12-24 00:00:00"
"8920","90","794.00","2023-01-09 00:00:00","2023-02-02 00:00:00"
"8921","90","3590.00","2023-09-04 00:00:00","2023-09-25 00:00:00"
"8922","90","15287.00","2023-05-04 00:00:00","2023-06-01 00:00:00"
"8923","90","28518.00","2023-05-09 00:00:00","2023-05-26 00:00:00"
"8924","90","6343.00","2023-09-25 00:00:00","2023-09-30 00:00:00"
"8925","90","630.00","2023-12-12 00:00:00","2023-12-12 00:00:00"
"8926","90","12808.00","2023-07-20 00:00:00","2023-08-03 00:00:00"
"8927","90","2263.00","2023-04-19 00:00:00","2023-05-12 00:00:00"
"8928","90","2295.00","2023-10-08 00:00:00","2023-10-15 00:00:00"
"8929","90","25824.00","2023-02-24 00:00:00","2023-03-17 00:00:00"
"8930","90","1769.00","2023-10-13 00:00:00","2023-11-03 00:00:00"
"8931","90","25676.00","2023-06-18 00:00:00","2023-06-23 00:00:00"
"8932","90","20013.00","2023-01-14 00:00:00","2023-02-04 00:00:00"
"8933","90","3015.00","2023-08-19 00:00:00","2023-08-30 00:00:00"
"8934","90","504.00","2023-09-30 00:00:00","2023-10-24 00:00:00"
"8935","90","35025.00","2023-06-20 00:00:00","2023-06-22 00:00:00"
"8936","90","45292.00","2023-01-14 00:00:00","2023-02-08 00:00:00"
"8937","90","4877.00","2023-03-13 00:00:00","2023-04-02 00:00:00"
"8938","90","666.00","2023-09-25 00:00:00","2023-10-15 00:00:00"
"8939","90","24778.00","2023-05-12 00:00:00","2023-06-09 00:00:00"
"8940","90","495.00","2023-09-10 00:00:00","2023-10-09 00:00:00"
"8941","90","40055.00","2023-03-31 00:00:00","2023-04-26 00:00:00"
"8942","90","1652.00","2023-01-03 00:00:00","2023-01-22 00:00:00"
"8943","90","18569.00","2023-11-10 00:00:00","2023-11-14 00:00:00"
"8944","90","3527.00","2023-02-25 00:00:00","2023-03-24 00:00:00"
"8945","90","663.00","2023-06-08 00:00:00","2023-07-03 00:00:00"
"8946","90","1783.00","2023-01-01 00:00:00","2023-01-19 00:00:00"
"8947","90","20562.00","2023-10-15 00:00:00","2023-11-12 00:00:00"
"8948","90","4538.00","2023-10-08 00:00:00","2023-10-11 00:00:00"
"8949","90","1595.00","2023-04-07 00:00:00","2023-05-04 00:00:00"
"8950","90","573.00","2023-10-01 00:00:00","2023-10-28 00:00:00"
"8951","90","3413.00","2023-06-03 00:00:00","2023-06-06 00:00:00"
"8952","90","36091.00","2023-05-02 00:00:00","2023-05-26 00:00:00"
"8953","90","3576.00","2023-07-13 00:00:00","2023-07-15 00:00:00"
"8954","90","149.00","2023-10-11 00:00:00","2023-10-20 00:00:00"
"8955","90","8124.00","2023-12-28 00:00:00","2024-01-19 00:00:00"
"8956","90","9807.00","2023-10-28 00:00:00","2023-10-28 00:00:00"
"8957","90","2292.00","2023-08-20 00:00:00","2023-08-29 00:00:00"
"8958","90","9791.00","2023-12-26 00:00:00","2024-01-16 00:00:00"
"8959","90","33394.00","2023-11-25 00:00:00","2023-12-02 00:00:00"
"8960","90","2314.00","2023-05-20 00:00:00","2023-06-15 00:00:00"
"8961","90","2245.00","2023-11-28 00:00:00","2023-12-17 00:00:00"
"8962","90","20178.00","2023-05-05 00:00:00","2023-05-20 00:00:00"
"8963","90","1436.00","2023-05-20 00:00:00","2023-06-01 00:00:00"
"8964","90","1696.00","2023-09-28 00:00:00","2023-10-17 00:00:00"
"8965","90","9144.00","2023-11-17 00:00:00","2023-12-03 00:00:00"
"8966","90","413.00","2023-09-22 00:00:00","2023-10-06 00:00:00"
"8967","90","15195.00","2023-06-28 00:00:00","2023-06-29 00:00:00"
"8968","90","816.00","2023-03-07 00:00:00","2023-03-19 00:00:00"
"8969","90","21194.00","2023-09-02 00:00:00","2023-09-14 00:00:00"
"8970","90","73198.00","2023-12-05 00:00:00","2023-12-30 00:00:00"
"8971","90","1545.00","2023-01-21 00:00:00","2023-02-16 00:00:00"
"8972","90","36681.00","2023-08-23 00:00:00","2023-09-05 00:00:00"
"8973","90","47239.00","2023-01-25 00:00:00","2023-01-30 00:00:00"
"8974","90","12121.00","2023-01-03 00:00:00","2023-01-05 00:00:00"
"8975","90","27792.00","2023-06-19 00:00:00","2023-07-08 00:00:00"
"8976","90","36380.00","2023-02-24 00:00:00","2023-03-01 00:00:00"
"8977","90","4269.00","2023-06-01 00:00:00","2023-06-05 00:00:00"
"8978","90","7296.00","2023-12-26 00:00:00","2024-01-05 00:00:00"
"8979","90","45400.00","2023-03-14 00:00:00","2023-04-06 00:00:00"
"8980","90","36314.00","2023-02-12 00:00:00","2023-03-03 00:00:00"
"8981","90","6249.00","2023-01-03 00:00:00","2023-01-17 00:00:00"
"8982","90","578.00","2023-07-28 00:00:00","2023-08-20 00:00:00"
"8983","90","1674.00","2023-09-23 00:00:00","2023-10-14 00:00:00"
"8984","90","519.00","2023-08-02 00:00:00","2023-08-10 00:00:00"
"8985","90","43340.00","2023-07-01 00:00:00","2023-07-18 00:00:00"
"8986","90","1283.00","2023-01-19 00:00:00","2023-02-12 00:00:00"
"8987","90","9698.00","2023-11-05 00:00:00","2023-11-16 00:00:00"
"8988","90","53689.00","2023-10-28 00:00:00","2023-11-05 00:00:00"
"8989","90","12513.00","2023-06-03 00:00:00","2023-06-16 00:00:00"
"8990","90","5233.00","2023-09-26 00:00:00","2023-10-01 00:00:00"
"8991","90","274.00","2023-04-03 00:00:00","2023-04-26 00:00:00"
"8992","90","1212.00","2023-01-02 00:00:00","2023-01-08 00:00:00"
"8993","90","45980.00","2023-03-10 00:00:00","2023-03-10 00:00:00"
"8994","90","9515.00","2023-08-01 00:00:00","2023-08-06 00:00:00"
"8995","90","38978.00","2023-01-27 00:00:00","2023-01-28 00:00:00"
"8996","90","55188.00","2023-08-17 00:00:00","2023-08-26 00:00:00"
"8997","90","5023.00","2023-05-21 00:00:00","2023-05-25 00:00:00"
"8998","90","2544.00","2023-11-16 00:00:00","2023-11-25 00:00:00"
"8999","90","7146.00","2023-05-15 00:00:00","2023-06-10 00:00:00"
"9000","90","41890.00","2023-03-01 00:00:00","2023-03-11 00:00:00"
"9001","91","45920.00","2023-12-24 00:00:00","2023-12-28 00:00:00"
"9002","91","23474.00","2023-09-09 00:00:00","2023-09-19 00:00:00"
"9003","91","6550.00","2023-07-26 00:00:00","2023-08-17 00:00:00"
"9004","91","272.00","2023-02-07 00:00:00","2023-02-08 00:00:00"
"9005","91","51712.00","2023-04-20 00:00:00","2023-04-24 00:00:00"
"9006","91","19129.00","2023-11-01 00:00:00","2023-11-07 00:00:00"
"9007","91","1212.00","2023-08-16 00:00:00","2023-08-24 00:00:00"
"9008","91","37988.00","2023-10-23 00:00:00","2023-11-04 00:00:00"
"9009","91","18344.00","2023-06-12 00:00:00","2023-06-27 00:00:00"
"9010","91","25995.00","2023-08-24 00:00:00","2023-09-01 00:00:00"
"9011","91","32413.00","2023-02-23 00:00:00","2023-03-03 00:00:00"
"9012","91","40256.00","2023-07-16 00:00:00","2023-08-02 00:00:00"
"9013","91","11162.00","2023-12-27 00:00:00","2023-12-28 00:00:00"
"9014","91","22100.00","2023-10-01 00:00:00","2023-10-10 00:00:00"
"9015","91","785.00","2023-12-26 00:00:00","2024-01-21 00:00:00"
"9016","91","571.00","2023-10-09 00:00:00","2023-11-01 00:00:00"
"9017","91","14565.00","2023-06-18 00:00:00","2023-07-13 00:00:00"
"9018","91","4385.00","2023-01-07 00:00:00","2023-01-08 00:00:00"
"9019","91","22057.00","2023-06-05 00:00:00","2023-06-14 00:00:00"
"9020","91","4033.00","2023-04-03 00:00:00","2023-05-02 00:00:00"
"9021","91","1092.00","2023-09-07 00:00:00","2023-10-06 00:00:00"
"9022","91","14601.00","2023-10-28 00:00:00","2023-11-21 00:00:00"
"9023","91","2050.00","2023-08-31 00:00:00","2023-09-25 00:00:00"
"9024","91","3161.00","2023-06-01 00:00:00","2023-06-12 00:00:00"
"9025","91","2350.00","2023-06-23 00:00:00","2023-07-21 00:00:00"
"9026","91","1684.00","2023-12-08 00:00:00","2023-12-21 00:00:00"
"9027","91","162.00","2023-12-11 00:00:00","2023-12-23 00:00:00"
"9028","91","458.00","2023-05-29 00:00:00","2023-05-30 00:00:00"
"9029","91","1181.00","2023-03-22 00:00:00","2023-04-05 00:00:00"
"9030","91","405.00","2023-12-27 00:00:00","2024-01-23 00:00:00"
"9031","91","654.00","2023-12-22 00:00:00","2023-12-31 00:00:00"
"9032","91","36091.00","2023-03-08 00:00:00","2023-03-30 00:00:00"
"9033","91","8298.00","2023-01-29 00:00:00","2023-02-21 00:00:00"
"9034","91","27294.00","2023-01-23 00:00:00","2023-02-21 00:00:00"
"9035","91","412.00","2023-06-01 00:00:00","2023-06-14 00:00:00"
"9036","91","377.00","2023-01-23 00:00:00","2023-02-10 00:00:00"
"9037","91","1829.00","2023-07-03 00:00:00","2023-07-07 00:00:00"
"9038","91","57984.00","2023-12-19 00:00:00","2024-01-06 00:00:00"
"9039","91","14224.00","2023-09-03 00:00:00","2023-09-21 00:00:00"
"9040","91","4698.00","2023-09-05 00:00:00","2023-09-27 00:00:00"
"9041","91","759.00","2023-12-04 00:00:00","2023-12-07 00:00:00"
"9042","91","945.00","2023-10-13 00:00:00","2023-10-29 00:00:00"
"9043","91","3969.00","2023-09-26 00:00:00","2023-10-19 00:00:00"
"9044","91","53091.00","2023-07-16 00:00:00","2023-08-08 00:00:00"
"9045","91","3695.00","2023-01-06 00:00:00","2023-01-15 00:00:00"
"9046","91","27740.00","2023-12-06 00:00:00","2023-12-17 00:00:00"
"9047","91","3027.00","2023-01-28 00:00:00","2023-02-21 00:00:00"
"9048","91","4908.00","2023-06-02 00:00:00","2023-06-11 00:00:00"
"9049","91","12327.00","2023-11-12 00:00:00","2023-12-09 00:00:00"
"9050","91","35640.00","2023-12-21 00:00:00","2023-12-21 00:00:00"
"9051","91","38426.00","2023-01-25 00:00:00","2023-02-21 00:00:00"
"9052","91","12055.00","2023-02-06 00:00:00","2023-02-11 00:00:00"
"9053","91","9445.00","2023-04-13 00:00:00","2023-04-16 00:00:00"
"9054","91","42489.00","2023-10-06 00:00:00","2023-10-10 00:00:00"
"9055","91","1165.00","2023-12-07 00:00:00","2023-12-15 00:00:00"
"9056","91","9235.00","2023-02-28 00:00:00","2023-03-06 00:00:00"
"9057","91","21997.00","2023-07-09 00:00:00","2023-07-31 00:00:00"
"9058","91","10159.00","2023-07-04 00:00:00","2023-07-11 00:00:00"
"9059","91","13994.00","2023-08-12 00:00:00","2023-08-13 00:00:00"
"9060","91","85990.00","2023-04-01 00:00:00","2023-04-15 00:00:00"
"9061","91","7576.00","2023-08-05 00:00:00","2023-08-11 00:00:00"
"9062","91","20175.00","2023-12-19 00:00:00","2024-01-02 00:00:00"
"9063","91","1693.00","2023-09-08 00:00:00","2023-09-08 00:00:00"
"9064","91","45762.00","2023-11-01 00:00:00","2023-11-02 00:00:00"
"9065","91","16193.00","2023-08-16 00:00:00","2023-09-01 00:00:00"
"9066","91","195.00","2023-06-10 00:00:00","2023-06-23 00:00:00"
"9067","91","9881.00","2023-12-24 00:00:00","2024-01-06 00:00:00"
"9068","91","42574.00","2023-03-22 00:00:00","2023-04-14 00:00:00"
"9069","91","3561.00","2023-08-24 00:00:00","2023-09-04 00:00:00"
"9070","91","9224.00","2023-06-07 00:00:00","2023-06-15 00:00:00"
"9071","91","45593.00","2023-10-27 00:00:00","2023-11-16 00:00:00"
"9072","91","1239.00","2023-07-06 00:00:00","2023-08-03 00:00:00"
"9073","91","4437.00","2023-01-31 00:00:00","2023-02-05 00:00:00"
"9074","91","32044.00","2023-04-19 00:00:00","2023-05-05 00:00:00"
"9075","91","1294.00","2023-12-28 00:00:00","2024-01-15 00:00:00"
"9076","91","40538.00","2023-12-03 00:00:00","2023-12-30 00:00:00"
"9077","91","36715.00","2023-05-16 00:00:00","2023-05-26 00:00:00"
"9078","91","46509.00","2023-04-03 00:00:00","2023-04-12 00:00:00"
"9079","91","890.00","2023-04-11 00:00:00","2023-05-08 00:00:00"
"9080","91","12175.00","2023-08-18 00:00:00","2023-09-04 00:00:00"
"9081","91","39274.00","2023-12-27 00:00:00","2023-12-30 00:00:00"
"9082","91","2776.00","2023-11-19 00:00:00","2023-11-25 00:00:00"
"9083","91","20547.00","2023-08-09 00:00:00","2023-08-15 00:00:00"
"9084","91","9273.00","2023-06-24 00:00:00","2023-07-17 00:00:00"
"9085","91","6036.00","2023-11-07 00:00:00","2023-11-18 00:00:00"
"9086","91","516.00","2023-09-14 00:00:00","2023-10-01 00:00:00"
"9087","91","40240.00","2023-04-18 00:00:00","2023-05-12 00:00:00"
"9088","91","2128.00","2023-01-16 00:00:00","2023-02-11 00:00:00"
"9089","91","41079.00","2023-03-31 00:00:00","2023-04-03 00:00:00"
"9090","91","383.00","2023-01-02 00:00:00","2023-01-31 00:00:00"
"9091","91","3261.00","2023-09-01 00:00:00","2023-09-20 00:00:00"
"9092","91","3059.00","2023-09-23 00:00:00","2023-10-19 00:00:00"
"9093","91","54711.00","2023-02-28 00:00:00","2023-03-03 00:00:00"
"9094","91","941.00","2023-07-17 00:00:00","2023-07-21 00:00:00"
"9095","91","1912.00","2023-06-07 00:00:00","2023-06-24 00:00:00"
"9096","91","24608.00","2023-08-22 00:00:00","2023-08-26 00:00:00"
"9097","91","6732.00","2023-01-18 00:00:00","2023-01-27 00:00:00"
"9098","91","965.00","2023-03-04 00:00:00","2023-03-23 00:00:00"
"9099","91","59150.00","2023-09-30 00:00:00","2023-10-16 00:00:00"
"9100","91","8116.00","2023-08-23 00:00:00","2023-09-20 00:00:00"
"9101","92","9299.00","2023-08-29 00:00:00","2023-09-17 00:00:00"
"9102","92","5592.00","2023-01-20 00:00:00","2023-02-08 00:00:00"
"9103","92","647.00","2023-12-27 00:00:00","2024-01-11 00:00:00"
"9104","92","453.00","2023-01-16 00:00:00","2023-01-24 00:00:00"
"9105","92","18385.00","2023-12-30 00:00:00","2024-01-13 00:00:00"
"9106","92","33331.00","2023-01-10 00:00:00","2023-02-04 00:00:00"
"9107","92","9622.00","2023-08-11 00:00:00","2023-08-11 00:00:00"
"9108","92","463.00","2023-07-23 00:00:00","2023-07-31 00:00:00"
"9109","92","613.00","2023-05-05 00:00:00","2023-05-05 00:00:00"
"9110","92","16233.00","2023-09-26 00:00:00","2023-10-21 00:00:00"
"9111","92","12683.00","2023-10-13 00:00:00","2023-10-14 00:00:00"
"9112","92","27888.00","2023-12-30 00:00:00","2024-01-11 00:00:00"
"9113","92","24308.00","2023-07-28 00:00:00","2023-07-30 00:00:00"
"9114","92","52809.00","2023-03-09 00:00:00","2023-03-27 00:00:00"
"9115","92","20834.00","2023-02-08 00:00:00","2023-02-27 00:00:00"
"9116","92","45683.00","2023-05-11 00:00:00","2023-05-14 00:00:00"
"9117","92","24940.00","2023-08-04 00:00:00","2023-08-25 00:00:00"
"9118","92","669.00","2023-10-30 00:00:00","2023-11-02 00:00:00"
"9119","92","491.00","2023-06-24 00:00:00","2023-06-25 00:00:00"
"9120","92","17555.00","2023-08-23 00:00:00","2023-09-09 00:00:00"
"9121","92","9494.00","2023-08-05 00:00:00","2023-08-08 00:00:00"
"9122","92","16477.00","2023-03-04 00:00:00","2023-03-05 00:00:00"
"9123","92","16127.00","2023-01-29 00:00:00","2023-02-16 00:00:00"
"9124","92","16034.00","2023-03-02 00:00:00","2023-03-16 00:00:00"
"9125","92","6511.00","2023-08-03 00:00:00","2023-08-24 00:00:00"
"9126","92","38267.00","2023-05-24 00:00:00","2023-06-01 00:00:00"
"9127","92","4319.00","2023-10-22 00:00:00","2023-10-27 00:00:00"
"9128","92","50994.00","2023-12-25 00:00:00","2024-01-21 00:00:00"
"9129","92","57532.00","2023-09-22 00:00:00","2023-10-14 00:00:00"
"9130","92","224.00","2023-05-09 00:00:00","2023-05-23 00:00:00"
"9131","92","832.00","2023-01-02 00:00:00","2023-01-16 00:00:00"
"9132","92","29721.00","2023-09-23 00:00:00","2023-10-10 00:00:00"
"9133","92","3967.00","2023-06-14 00:00:00","2023-06-17 00:00:00"
"9134","92","27203.00","2023-02-23 00:00:00","2023-03-03 00:00:00"
"9135","92","70889.00","2023-01-28 00:00:00","2023-02-07 00:00:00"
"9136","92","1011.00","2023-10-22 00:00:00","2023-10-31 00:00:00"
"9137","92","1824.00","2023-07-08 00:00:00","2023-07-12 00:00:00"
"9138","92","293.00","2023-05-14 00:00:00","2023-05-20 00:00:00"
"9139","92","28868.00","2023-07-17 00:00:00","2023-08-02 00:00:00"
"9140","92","1044.00","2023-10-05 00:00:00","2023-10-10 00:00:00"
"9141","92","9329.00","2023-04-11 00:00:00","2023-04-24 00:00:00"
"9142","92","36254.00","2023-02-14 00:00:00","2023-03-03 00:00:00"
"9143","92","693.00","2023-07-15 00:00:00","2023-08-11 00:00:00"
"9144","92","22156.00","2023-10-08 00:00:00","2023-10-31 00:00:00"
"9145","92","28709.00","2023-04-24 00:00:00","2023-05-04 00:00:00"
"9146","92","47851.00","2023-03-22 00:00:00","2023-04-07 00:00:00"
"9147","92","1112.00","2023-12-25 00:00:00","2023-12-30 00:00:00"
"9148","92","9515.00","2023-06-25 00:00:00","2023-06-26 00:00:00"
"9149","92","5051.00","2023-08-19 00:00:00","2023-09-01 00:00:00"
"9150","92","442.00","2023-11-07 00:00:00","2023-11-27 00:00:00"
"9151","92","44691.00","2023-02-25 00:00:00","2023-03-14 00:00:00"
"9152","92","40671.00","2023-04-10 00:00:00","2023-05-08 00:00:00"
"9153","92","54893.00","2023-01-29 00:00:00","2023-02-08 00:00:00"
"9154","92","9210.00","2023-06-04 00:00:00","2023-06-05 00:00:00"
"9155","92","266.00","2023-09-16 00:00:00","2023-10-04 00:00:00"
"9156","92","617.00","2023-11-25 00:00:00","2023-12-07 00:00:00"
"9157","92","792.00","2023-05-29 00:00:00","2023-06-26 00:00:00"
"9158","92","2683.00","2023-11-30 00:00:00","2023-12-04 00:00:00"
"9159","92","21056.00","2023-06-11 00:00:00","2023-06-16 00:00:00"
"9160","92","5511.00","2023-06-14 00:00:00","2023-06-30 00:00:00"
"9161","92","3218.00","2023-08-15 00:00:00","2023-09-02 00:00:00"
"9162","92","957.00","2023-02-14 00:00:00","2023-02-17 00:00:00"
"9163","92","5595.00","2023-05-13 00:00:00","2023-06-04 00:00:00"
"9164","92","18491.00","2023-10-02 00:00:00","2023-10-22 00:00:00"
"9165","92","37818.00","2023-08-22 00:00:00","2023-09-08 00:00:00"
"9166","92","14175.00","2023-07-12 00:00:00","2023-08-08 00:00:00"
"9167","92","1844.00","2023-11-12 00:00:00","2023-11-18 00:00:00"
"9168","92","4824.00","2023-02-18 00:00:00","2023-03-09 00:00:00"
"9169","92","45748.00","2023-02-13 00:00:00","2023-03-06 00:00:00"
"9170","92","45386.00","2023-01-08 00:00:00","2023-01-08 00:00:00"
"9171","92","42827.00","2023-01-08 00:00:00","2023-01-29 00:00:00"
"9172","92","37151.00","2023-04-27 00:00:00","2023-05-22 00:00:00"
"9173","92","277.00","2023-12-11 00:00:00","2023-12-13 00:00:00"
"9174","92","3112.00","2023-06-22 00:00:00","2023-06-24 00:00:00"
"9175","92","45416.00","2023-03-09 00:00:00","2023-04-01 00:00:00"
"9176","92","12171.00","2023-12-12 00:00:00","2023-12-19 00:00:00"
"9177","92","4479.00","2023-01-26 00:00:00","2023-02-16 00:00:00"
"9178","92","385.00","2023-01-19 00:00:00","2023-01-19 00:00:00"
"9179","92","45587.00","2023-12-13 00:00:00","2024-01-04 00:00:00"
"9180","92","24364.00","2023-06-09 00:00:00","2023-06-30 00:00:00"
"9181","92","40659.00","2023-06-01 00:00:00","2023-06-14 00:00:00"
"9182","92","34133.00","2023-06-22 00:00:00","2023-06-30 00:00:00"
"9183","92","15115.00","2023-05-06 00:00:00","2023-05-08 00:00:00"
"9184","92","6216.00","2023-01-11 00:00:00","2023-01-27 00:00:00"
"9185","92","1042.00","2023-08-23 00:00:00","2023-09-20 00:00:00"
"9186","92","21130.00","2023-10-06 00:00:00","2023-10-11 00:00:00"
"9187","92","7020.00","2023-12-03 00:00:00","2023-12-20 00:00:00"
"9188","92","47154.00","2023-07-04 00:00:00","2023-07-26 00:00:00"
"9189","92","2041.00","2023-11-24 00:00:00","2023-11-29 00:00:00"
"9190","92","5173.00","2023-11-30 00:00:00","2023-12-28 00:00:00"
"9191","92","13422.00","2023-05-01 00:00:00","2023-05-22 00:00:00"
"9192","92","983.00","2023-06-30 00:00:00","2023-07-16 00:00:00"
"9193","92","24408.00","2023-07-12 00:00:00","2023-08-01 00:00:00"
"9194","92","357.00","2023-01-10 00:00:00","2023-01-23 00:00:00"
"9195","92","5310.00","2023-10-13 00:00:00","2023-10-27 00:00:00"
"9196","92","31065.00","2023-11-13 00:00:00","2023-11-16 00:00:00"
"9197","92","3896.00","2023-01-15 00:00:00","2023-01-19 00:00:00"
"9198","92","80991.00","2023-08-08 00:00:00","2023-08-27 00:00:00"
"9199","92","576.00","2023-12-29 00:00:00","2024-01-12 00:00:00"
"9200","92","15676.00","2023-07-13 00:00:00","2023-08-04 00:00:00"
"9201","93","45632.00","2023-02-22 00:00:00","2023-02-28 00:00:00"
"9202","93","584.00","2023-05-28 00:00:00","2023-06-22 00:00:00"
"9203","93","63191.00","2023-04-20 00:00:00","2023-04-28 00:00:00"
"9204","93","302.00","2023-05-19 00:00:00","2023-06-05 00:00:00"
"9205","93","29416.00","2023-01-31 00:00:00","2023-02-23 00:00:00"
"9206","93","31547.00","2023-06-12 00:00:00","2023-06-30 00:00:00"
"9207","93","29379.00","2023-07-09 00:00:00","2023-07-11 00:00:00"
"9208","93","9084.00","2023-01-31 00:00:00","2023-02-09 00:00:00"
"9209","93","3583.00","2023-10-29 00:00:00","2023-11-19 00:00:00"
"9210","93","25291.00","2023-12-12 00:00:00","2024-01-08 00:00:00"
"9211","93","28034.00","2023-11-30 00:00:00","2023-12-21 00:00:00"
"9212","93","8524.00","2023-05-01 00:00:00","2023-05-11 00:00:00"
"9213","93","45124.00","2023-10-02 00:00:00","2023-10-15 00:00:00"
"9214","93","7855.00","2023-05-28 00:00:00","2023-06-12 00:00:00"
"9215","93","30145.00","2023-11-15 00:00:00","2023-11-15 00:00:00"
"9216","93","28211.00","2023-09-08 00:00:00","2023-10-01 00:00:00"
"9217","93","20010.00","2023-11-19 00:00:00","2023-12-18 00:00:00"
"9218","93","19396.00","2023-11-23 00:00:00","2023-12-01 00:00:00"
"9219","93","15361.00","2023-02-07 00:00:00","2023-03-08 00:00:00"
"9220","93","797.00","2023-04-19 00:00:00","2023-05-05 00:00:00"
"9221","93","19164.00","2023-07-17 00:00:00","2023-08-14 00:00:00"
"9222","93","36909.00","2023-06-13 00:00:00","2023-07-06 00:00:00"
"9223","93","2357.00","2023-06-18 00:00:00","2023-07-11 00:00:00"
"9224","93","33367.00","2023-11-16 00:00:00","2023-11-25 00:00:00"
"9225","93","11006.00","2023-05-28 00:00:00","2023-06-09 00:00:00"
"9226","93","466.00","2023-07-18 00:00:00","2023-08-03 00:00:00"
"9227","93","48390.00","2023-10-16 00:00:00","2023-11-05 00:00:00"
"9228","93","9515.00","2023-02-20 00:00:00","2023-03-05 00:00:00"
"9229","93","6729.00","2023-07-25 00:00:00","2023-08-05 00:00:00"
"9230","93","11149.00","2023-02-13 00:00:00","2023-03-03 00:00:00"
"9231","93","14966.00","2023-01-03 00:00:00","2023-01-14 00:00:00"
"9232","93","323.00","2023-06-13 00:00:00","2023-07-07 00:00:00"
"9233","93","1381.00","2023-01-30 00:00:00","2023-01-31 00:00:00"
"9234","93","41831.00","2023-08-18 00:00:00","2023-09-12 00:00:00"
"9235","93","59263.00","2023-11-26 00:00:00","2023-12-01 00:00:00"
"9236","93","45245.00","2023-03-14 00:00:00","2023-03-14 00:00:00"
"9237","93","512.00","2023-02-02 00:00:00","2023-02-09 00:00:00"
"9238","93","515.00","2023-05-10 00:00:00","2023-05-30 00:00:00"
"9239","93","1159.00","2023-08-10 00:00:00","2023-08-24 00:00:00"
"9240","93","45479.00","2023-10-09 00:00:00","2023-10-10 00:00:00"
"9241","93","378.00","2023-06-08 00:00:00","2023-06-08 00:00:00"
"9242","93","154.00","2023-12-28 00:00:00","2024-01-02 00:00:00"
"9243","93","890.00","2023-09-10 00:00:00","2023-09-30 00:00:00"
"9244","93","6545.00","2023-02-21 00:00:00","2023-03-07 00:00:00"
"9245","93","23063.00","2023-05-16 00:00:00","2023-06-06 00:00:00"
"9246","93","780.00","2023-08-07 00:00:00","2023-09-03 00:00:00"
"9247","93","17066.00","2023-07-31 00:00:00","2023-08-10 00:00:00"
"9248","93","1633.00","2023-09-10 00:00:00","2023-10-03 00:00:00"
"9249","93","24625.00","2023-06-08 00:00:00","2023-07-03 00:00:00"
"9250","93","28317.00","2023-06-07 00:00:00","2023-06-13 00:00:00"
"9251","93","2304.00","2023-07-12 00:00:00","2023-08-01 00:00:00"
"9252","93","9359.00","2023-05-29 00:00:00","2023-06-07 00:00:00"
"9253","93","1761.00","2023-11-24 00:00:00","2023-12-01 00:00:00"
"9254","93","2234.00","2023-03-19 00:00:00","2023-03-19 00:00:00"
"9255","93","814.00","2023-03-01 00:00:00","2023-03-05 00:00:00"
"9256","93","23429.00","2023-01-21 00:00:00","2023-02-07 00:00:00"
"9257","93","59140.00","2023-09-07 00:00:00","2023-09-14 00:00:00"
"9258","93","22472.00","2023-01-05 00:00:00","2023-01-28 00:00:00"
"9259","93","7349.00","2023-06-18 00:00:00","2023-06-18 00:00:00"
"9260","93","1012.00","2023-05-15 00:00:00","2023-05-25 00:00:00"
"9261","93","2424.00","2023-05-04 00:00:00","2023-05-09 00:00:00"
"9262","93","1116.00","2023-05-10 00:00:00","2023-06-05 00:00:00"
"9263","93","66476.00","2023-03-20 00:00:00","2023-03-26 00:00:00"
"9264","93","9773.00","2023-11-13 00:00:00","2023-12-07 00:00:00"
"9265","93","8325.00","2023-07-15 00:00:00","2023-08-12 00:00:00"
"9266","93","1720.00","2023-01-06 00:00:00","2023-01-28 00:00:00"
"9267","93","50122.00","2023-07-09 00:00:00","2023-07-22 00:00:00"
"9268","93","2796.00","2023-07-30 00:00:00","2023-08-26 00:00:00"
"9269","93","9293.00","2023-10-02 00:00:00","2023-10-31 00:00:00"
"9270","93","28102.00","2023-02-04 00:00:00","2023-02-22 00:00:00"
"9271","93","3010.00","2023-02-16 00:00:00","2023-03-14 00:00:00"
"9272","93","2754.00","2023-05-02 00:00:00","2023-05-10 00:00:00"
"9273","93","20291.00","2023-10-16 00:00:00","2023-10-23 00:00:00"
"9274","93","29537.00","2023-06-16 00:00:00","2023-07-08 00:00:00"
"9275","93","26995.00","2023-04-28 00:00:00","2023-05-08 00:00:00"
"9276","93","275.00","2023-01-10 00:00:00","2023-01-13 00:00:00"
"9277","93","1262.00","2023-08-06 00:00:00","2023-08-14 00:00:00"
"9278","93","2521.00","2023-10-28 00:00:00","2023-11-13 00:00:00"
"9279","93","8347.00","2023-01-06 00:00:00","2023-01-27 00:00:00"
"9280","93","20751.00","2023-02-08 00:00:00","2023-02-15 00:00:00"
"9281","93","12204.00","2023-06-18 00:00:00","2023-06-21 00:00:00"
"9282","93","37367.00","2023-05-09 00:00:00","2023-05-25 00:00:00"
"9283","93","45294.00","2023-07-19 00:00:00","2023-07-31 00:00:00"
"9284","93","18970.00","2023-07-02 00:00:00","2023-07-26 00:00:00"
"9285","93","10000.00","2023-08-05 00:00:00","2023-08-15 00:00:00"
"9286","93","10465.00","2023-12-28 00:00:00","2023-12-29 00:00:00"
"9287","93","73988.00","2023-10-10 00:00:00","2023-10-29 00:00:00"
"9288","93","30870.00","2023-11-19 00:00:00","2023-11-23 00:00:00"
"9289","93","51949.00","2023-04-14 00:00:00","2023-05-01 00:00:00"
"9290","93","56135.00","2023-03-04 00:00:00","2023-03-09 00:00:00"
"9291","93","61222.00","2023-12-02 00:00:00","2023-12-29 00:00:00"
"9292","93","6051.00","2023-12-25 00:00:00","2024-01-18 00:00:00"
"9293","93","25717.00","2023-08-18 00:00:00","2023-09-11 00:00:00"
"9294","93","27819.00","2023-05-01 00:00:00","2023-05-15 00:00:00"
"9295","93","14463.00","2023-08-08 00:00:00","2023-08-14 00:00:00"
"9296","93","1468.00","2023-04-11 00:00:00","2023-04-17 00:00:00"
"9297","93","18938.00","2023-04-09 00:00:00","2023-05-05 00:00:00"
"9298","93","2135.00","2023-02-11 00:00:00","2023-03-10 00:00:00"
"9299","93","22768.00","2023-04-25 00:00:00","2023-05-09 00:00:00"
"9300","93","33536.00","2023-03-12 00:00:00","2023-03-22 00:00:00"
"9301","94","9740.00","2023-08-18 00:00:00","2023-09-02 00:00:00"
"9302","94","2840.00","2023-07-26 00:00:00","2023-07-27 00:00:00"
"9303","94","30027.00","2023-06-25 00:00:00","2023-07-10 00:00:00"
"9304","94","9092.00","2023-01-07 00:00:00","2023-02-01 00:00:00"
"9305","94","37560.00","2023-08-29 00:00:00","2023-09-19 00:00:00"
"9306","94","867.00","2023-06-22 00:00:00","2023-07-08 00:00:00"
"9307","94","8798.00","2023-12-10 00:00:00","2023-12-19 00:00:00"
"9308","94","32194.00","2023-06-22 00:00:00","2023-07-18 00:00:00"
"9309","94","10892.00","2023-03-27 00:00:00","2023-04-13 00:00:00"
"9310","94","759.00","2023-07-19 00:00:00","2023-08-05 00:00:00"
"9311","94","36547.00","2023-06-06 00:00:00","2023-06-22 00:00:00"
"9312","94","515.00","2023-04-30 00:00:00","2023-05-04 00:00:00"
"9313","94","32236.00","2023-02-14 00:00:00","2023-02-25 00:00:00"
"9314","94","395.00","2023-03-26 00:00:00","2023-04-04 00:00:00"
"9315","94","22845.00","2023-03-29 00:00:00","2023-04-14 00:00:00"
"9316","94","4192.00","2023-09-17 00:00:00","2023-09-18 00:00:00"
"9317","94","2484.00","2023-06-20 00:00:00","2023-07-04 00:00:00"
"9318","94","3449.00","2023-11-25 00:00:00","2023-12-10 00:00:00"
"9319","94","49012.00","2023-08-25 00:00:00","2023-09-01 00:00:00"
"9320","94","318.00","2023-05-09 00:00:00","2023-06-04 00:00:00"
"9321","94","20562.00","2023-04-28 00:00:00","2023-05-06 00:00:00"
"9322","94","12795.00","2023-04-03 00:00:00","2023-04-07 00:00:00"
"9323","94","6179.00","2023-05-29 00:00:00","2023-05-30 00:00:00"
"9324","94","6521.00","2023-06-22 00:00:00","2023-06-23 00:00:00"
"9325","94","712.00","2023-04-14 00:00:00","2023-04-17 00:00:00"
"9326","94","44259.00","2023-03-28 00:00:00","2023-04-23 00:00:00"
"9327","94","12158.00","2023-10-24 00:00:00","2023-10-26 00:00:00"
"9328","94","5292.00","2023-08-01 00:00:00","2023-08-27 00:00:00"
"9329","94","10461.00","2023-03-08 00:00:00","2023-03-17 00:00:00"
"9330","94","245.00","2023-05-22 00:00:00","2023-06-15 00:00:00"
"9331","94","38393.00","2023-06-04 00:00:00","2023-06-19 00:00:00"
"9332","94","30481.00","2023-08-12 00:00:00","2023-09-08 00:00:00"
"9333","94","11793.00","2023-04-05 00:00:00","2023-04-05 00:00:00"
"9334","94","68124.00","2023-06-09 00:00:00","2023-06-14 00:00:00"
"9335","94","4148.00","2023-01-07 00:00:00","2023-01-21 00:00:00"
"9336","94","18715.00","2023-04-01 00:00:00","2023-04-30 00:00:00"
"9337","94","1456.00","2023-06-08 00:00:00","2023-07-06 00:00:00"
"9338","94","1441.00","2023-03-31 00:00:00","2023-04-06 00:00:00"
"9339","94","329.00","2023-11-01 00:00:00","2023-11-22 00:00:00"
"9340","94","56538.00","2023-03-29 00:00:00","2023-04-23 00:00:00"
"9341","94","757.00","2023-03-07 00:00:00","2023-04-02 00:00:00"
"9342","94","1133.00","2023-07-08 00:00:00","2023-07-11 00:00:00"
"9343","94","45052.00","2023-10-30 00:00:00","2023-11-19 00:00:00"
"9344","94","1797.00","2023-01-19 00:00:00","2023-01-26 00:00:00"
"9345","94","12528.00","2023-07-18 00:00:00","2023-08-06 00:00:00"
"9346","94","9592.00","2023-11-21 00:00:00","2023-12-03 00:00:00"
"9347","94","836.00","2023-04-04 00:00:00","2023-04-10 00:00:00"
"9348","94","17401.00","2023-09-29 00:00:00","2023-09-30 00:00:00"
"9349","94","39137.00","2023-09-22 00:00:00","2023-09-29 00:00:00"
"9350","94","981.00","2023-05-28 00:00:00","2023-06-03 00:00:00"
"9351","94","6484.00","2023-08-06 00:00:00","2023-09-01 00:00:00"
"9352","94","35288.00","2023-03-10 00:00:00","2023-04-02 00:00:00"
"9353","94","50392.00","2023-09-21 00:00:00","2023-09-21 00:00:00"
"9354","94","387.00","2023-09-02 00:00:00","2023-09-13 00:00:00"
"9355","94","2952.00","2023-12-13 00:00:00","2023-12-29 00:00:00"
"9356","94","5510.00","2023-07-24 00:00:00","2023-07-29 00:00:00"
"9357","94","434.00","2023-10-31 00:00:00","2023-11-19 00:00:00"
"9358","94","5837.00","2023-11-27 00:00:00","2023-12-24 00:00:00"
"9359","94","16055.00","2023-05-30 00:00:00","2023-06-27 00:00:00"
"9360","94","224.00","2023-02-28 00:00:00","2023-03-21 00:00:00"
"9361","94","25801.00","2023-01-05 00:00:00","2023-01-23 00:00:00"
"9362","94","10169.00","2023-11-25 00:00:00","2023-12-06 00:00:00"
"9363","94","12451.00","2023-07-10 00:00:00","2023-07-18 00:00:00"
"9364","94","19156.00","2023-01-15 00:00:00","2023-01-17 00:00:00"
"9365","94","38529.00","2023-04-11 00:00:00","2023-05-04 00:00:00"
"9366","94","82231.00","2023-11-30 00:00:00","2023-12-25 00:00:00"
"9367","94","4635.00","2023-03-26 00:00:00","2023-04-06 00:00:00"
"9368","94","999.00","2023-11-13 00:00:00","2023-11-25 00:00:00"
"9369","94","30523.00","2023-09-18 00:00:00","2023-10-07 00:00:00"
"9370","94","2794.00","2023-07-26 00:00:00","2023-08-20 00:00:00"
"9371","94","1396.00","2023-12-20 00:00:00","2023-12-24 00:00:00"
"9372","94","20319.00","2023-04-28 00:00:00","2023-05-07 00:00:00"
"9373","94","30895.00","2023-10-31 00:00:00","2023-11-26 00:00:00"
"9374","94","15683.00","2023-05-07 00:00:00","2023-05-08 00:00:00"
"9375","94","18133.00","2023-04-23 00:00:00","2023-05-07 00:00:00"
"9376","94","14017.00","2023-05-03 00:00:00","2023-05-10 00:00:00"
"9377","94","485.00","2023-10-20 00:00:00","2023-11-04 00:00:00"
"9378","94","66525.00","2023-02-04 00:00:00","2023-02-18 00:00:00"
"9379","94","12145.00","2023-07-23 00:00:00","2023-07-31 00:00:00"
"9380","94","19683.00","2023-07-02 00:00:00","2023-07-20 00:00:00"
"9381","94","27155.00","2023-11-15 00:00:00","2023-12-14 00:00:00"
"9382","94","37454.00","2023-06-29 00:00:00","2023-07-20 00:00:00"
"9383","94","10731.00","2023-09-10 00:00:00","2023-09-20 00:00:00"
"9384","94","27633.00","2023-02-19 00:00:00","2023-03-13 00:00:00"
"9385","94","21956.00","2023-10-06 00:00:00","2023-11-02 00:00:00"
"9386","94","733.00","2023-04-05 00:00:00","2023-05-04 00:00:00"
"9387","94","6302.00","2023-01-31 00:00:00","2023-02-01 00:00:00"
"9388","94","28114.00","2023-02-25 00:00:00","2023-03-07 00:00:00"
"9389","94","8185.00","2023-11-30 00:00:00","2023-12-05 00:00:00"
"9390","94","735.00","2023-06-14 00:00:00","2023-07-01 00:00:00"
"9391","94","60145.00","2023-07-10 00:00:00","2023-08-07 00:00:00"
"9392","94","32704.00","2023-07-20 00:00:00","2023-07-31 00:00:00"
"9393","94","77.00","2023-06-16 00:00:00","2023-06-27 00:00:00"
"9394","94","696.00","2023-06-30 00:00:00","2023-07-15 00:00:00"
"9395","94","973.00","2023-04-04 00:00:00","2023-04-18 00:00:00"
"9396","94","42588.00","2023-12-13 00:00:00","2024-01-01 00:00:00"
"9397","94","15660.00","2023-05-14 00:00:00","2023-06-04 00:00:00"
"9398","94","2688.00","2023-05-10 00:00:00","2023-05-24 00:00:00"
"9399","94","16593.00","2023-06-13 00:00:00","2023-07-05 00:00:00"
"9400","94","33693.00","2023-02-12 00:00:00","2023-02-28 00:00:00"
"9401","95","23264.00","2023-05-14 00:00:00","2023-05-25 00:00:00"
"9402","95","1468.00","2023-08-11 00:00:00","2023-08-15 00:00:00"
"9403","95","3533.00","2023-01-17 00:00:00","2023-01-23 00:00:00"
"9404","95","2515.00","2023-02-17 00:00:00","2023-03-05 00:00:00"
"9405","95","48814.00","2023-02-25 00:00:00","2023-03-08 00:00:00"
"9406","95","1912.00","2023-05-02 00:00:00","2023-05-28 00:00:00"
"9407","95","12391.00","2023-04-27 00:00:00","2023-05-25 00:00:00"
"9408","95","57157.00","2023-02-03 00:00:00","2023-02-23 00:00:00"
"9409","95","3689.00","2023-10-15 00:00:00","2023-11-04 00:00:00"
"9410","95","438.00","2023-07-24 00:00:00","2023-08-02 00:00:00"
"9411","95","303.00","2023-01-12 00:00:00","2023-01-15 00:00:00"
"9412","95","24354.00","2023-12-21 00:00:00","2023-12-23 00:00:00"
"9413","95","28483.00","2023-12-31 00:00:00","2024-01-13 00:00:00"
"9414","95","819.00","2023-08-21 00:00:00","2023-09-05 00:00:00"
"9415","95","23014.00","2023-04-18 00:00:00","2023-05-17 00:00:00"
"9416","95","3179.00","2023-06-07 00:00:00","2023-06-07 00:00:00"
"9417","95","6430.00","2023-09-27 00:00:00","2023-10-18 00:00:00"
"9418","95","5028.00","2023-03-07 00:00:00","2023-03-30 00:00:00"
"9419","95","16501.00","2023-08-02 00:00:00","2023-08-29 00:00:00"
"9420","95","28476.00","2023-02-27 00:00:00","2023-03-20 00:00:00"
"9421","95","52079.00","2023-05-17 00:00:00","2023-06-01 00:00:00"
"9422","95","3875.00","2023-05-16 00:00:00","2023-06-02 00:00:00"
"9423","95","1274.00","2023-09-20 00:00:00","2023-10-10 00:00:00"
"9424","95","1573.00","2023-08-28 00:00:00","2023-09-18 00:00:00"
"9425","95","1284.00","2023-04-26 00:00:00","2023-04-26 00:00:00"
"9426","95","609.00","2023-10-17 00:00:00","2023-11-12 00:00:00"
"9427","95","3863.00","2023-08-10 00:00:00","2023-08-19 00:00:00"
"9428","95","4231.00","2023-07-09 00:00:00","2023-08-03 00:00:00"
"9429","95","576.00","2023-09-30 00:00:00","2023-10-08 00:00:00"
"9430","95","9750.00","2023-07-16 00:00:00","2023-08-04 00:00:00"
"9431","95","30723.00","2023-09-16 00:00:00","2023-09-30 00:00:00"
"9432","95","36143.00","2023-11-18 00:00:00","2023-11-30 00:00:00"
"9433","95","51055.00","2023-02-14 00:00:00","2023-02-18 00:00:00"
"9434","95","76086.00","2023-08-22 00:00:00","2023-08-29 00:00:00"
"9435","95","854.00","2023-04-25 00:00:00","2023-05-15 00:00:00"
"9436","95","6057.00","2023-12-23 00:00:00","2024-01-13 00:00:00"
"9437","95","285.00","2023-05-06 00:00:00","2023-05-19 00:00:00"
"9438","95","25261.00","2023-01-25 00:00:00","2023-02-19 00:00:00"
"9439","95","3068.00","2023-06-28 00:00:00","2023-07-07 00:00:00"
"9440","95","48697.00","2023-08-01 00:00:00","2023-08-21 00:00:00"
"9441","95","175.00","2023-04-03 00:00:00","2023-04-23 00:00:00"
"9442","95","197.00","2023-03-24 00:00:00","2023-04-19 00:00:00"
"9443","95","45921.00","2023-04-21 00:00:00","2023-05-17 00:00:00"
"9444","95","356.00","2023-11-07 00:00:00","2023-11-25 00:00:00"
"9445","95","2243.00","2023-01-30 00:00:00","2023-02-13 00:00:00"
"9446","95","59367.00","2023-06-17 00:00:00","2023-06-23 00:00:00"
"9447","95","3859.00","2023-10-29 00:00:00","2023-11-04 00:00:00"
"9448","95","9533.00","2023-02-04 00:00:00","2023-03-03 00:00:00"
"9449","95","1578.00","2023-03-03 00:00:00","2023-03-20 00:00:00"
"9450","95","14568.00","2023-04-19 00:00:00","2023-05-13 00:00:00"
"9451","95","8075.00","2023-04-10 00:00:00","2023-04-25 00:00:00"
"9452","95","37741.00","2023-04-19 00:00:00","2023-04-19 00:00:00"
"9453","95","15721.00","2023-02-14 00:00:00","2023-03-15 00:00:00"
"9454","95","24428.00","2023-02-07 00:00:00","2023-03-05 00:00:00"
"9455","95","28072.00","2023-07-12 00:00:00","2023-08-08 00:00:00"
"9456","95","6818.00","2023-04-25 00:00:00","2023-05-15 00:00:00"
"9457","95","4055.00","2023-03-23 00:00:00","2023-04-03 00:00:00"
"9458","95","36961.00","2023-04-10 00:00:00","2023-04-15 00:00:00"
"9459","95","36698.00","2023-10-20 00:00:00","2023-11-12 00:00:00"
"9460","95","1038.00","2023-10-21 00:00:00","2023-11-08 00:00:00"
"9461","95","409.00","2023-12-10 00:00:00","2023-12-23 00:00:00"
"9462","95","14393.00","2023-01-21 00:00:00","2023-02-10 00:00:00"
"9463","95","946.00","2023-02-02 00:00:00","2023-02-04 00:00:00"
"9464","95","36286.00","2023-04-23 00:00:00","2023-04-25 00:00:00"
"9465","95","1444.00","2023-09-25 00:00:00","2023-10-01 00:00:00"
"9466","95","12040.00","2023-03-22 00:00:00","2023-04-15 00:00:00"
"9467","95","97987.00","2023-02-21 00:00:00","2023-02-24 00:00:00"
"9468","95","207.00","2023-02-23 00:00:00","2023-02-28 00:00:00"
"9469","95","1702.00","2023-04-15 00:00:00","2023-05-05 00:00:00"
"9470","95","515.00","2023-11-07 00:00:00","2023-11-17 00:00:00"
"9471","95","17491.00","2023-09-07 00:00:00","2023-10-02 00:00:00"
"9472","95","10688.00","2023-02-16 00:00:00","2023-02-27 00:00:00"
"9473","95","2912.00","2023-08-27 00:00:00","2023-09-04 00:00:00"
"9474","95","4090.00","2023-10-03 00:00:00","2023-10-17 00:00:00"
"9475","95","1617.00","2023-11-02 00:00:00","2023-11-08 00:00:00"
"9476","95","2421.00","2023-04-14 00:00:00","2023-04-16 00:00:00"
"9477","95","28832.00","2023-06-02 00:00:00","2023-06-30 00:00:00"
"9478","95","45090.00","2023-06-01 00:00:00","2023-06-09 00:00:00"
"9479","95","2383.00","2023-02-14 00:00:00","2023-02-17 00:00:00"
"9480","95","13513.00","2023-08-26 00:00:00","2023-09-18 00:00:00"
"9481","95","30318.00","2023-10-13 00:00:00","2023-10-17 00:00:00"
"9482","95","18184.00","2023-10-22 00:00:00","2023-10-24 00:00:00"
"9483","95","28220.00","2023-05-29 00:00:00","2023-06-08 00:00:00"
"9484","95","531.00","2023-11-16 00:00:00","2023-11-27 00:00:00"
"9485","95","33565.00","2023-02-16 00:00:00","2023-03-03 00:00:00"
"9486","95","46472.00","2023-10-16 00:00:00","2023-11-01 00:00:00"
"9487","95","6323.00","2023-07-03 00:00:00","2023-07-10 00:00:00"
"9488","95","53053.00","2023-04-14 00:00:00","2023-05-13 00:00:00"
"9489","95","8601.00","2023-09-02 00:00:00","2023-09-11 00:00:00"
"9490","95","1110.00","2023-09-21 00:00:00","2023-10-16 00:00:00"
"9491","95","50497.00","2023-06-18 00:00:00","2023-06-23 00:00:00"
"9492","95","721.00","2023-08-31 00:00:00","2023-09-24 00:00:00"
"9493","95","500.00","2023-04-17 00:00:00","2023-05-10 00:00:00"
"9494","95","24339.00","2023-03-13 00:00:00","2023-03-15 00:00:00"
"9495","95","693.00","2023-09-15 00:00:00","2023-10-11 00:00:00"
"9496","95","1581.00","2023-02-09 00:00:00","2023-02-11 00:00:00"
"9497","95","2454.00","2023-03-21 00:00:00","2023-03-30 00:00:00"
"9498","95","4290.00","2023-10-27 00:00:00","2023-11-05 00:00:00"
"9499","95","3161.00","2023-05-28 00:00:00","2023-06-06 00:00:00"
"9500","95","326.00","2023-01-18 00:00:00","2023-02-02 00:00:00"
"9501","96","18396.00","2023-05-02 00:00:00","2023-05-04 00:00:00"
"9502","96","20240.00","2023-05-25 00:00:00","2023-05-30 00:00:00"
"9503","96","40236.00","2023-03-07 00:00:00","2023-03-09 00:00:00"
"9504","96","37181.00","2023-12-23 00:00:00","2023-12-31 00:00:00"
"9505","96","734.00","2023-11-29 00:00:00","2023-12-28 00:00:00"
"9506","96","48990.00","2023-05-18 00:00:00","2023-06-16 00:00:00"
"9507","96","26564.00","2023-12-15 00:00:00","2024-01-05 00:00:00"
"9508","96","3702.00","2023-12-15 00:00:00","2023-12-15 00:00:00"
"9509","96","3666.00","2023-04-02 00:00:00","2023-04-06 00:00:00"
"9510","96","40524.00","2023-06-28 00:00:00","2023-06-30 00:00:00"
"9511","96","9514.00","2023-10-28 00:00:00","2023-11-21 00:00:00"
"9512","96","9386.00","2023-05-18 00:00:00","2023-05-21 00:00:00"
"9513","96","26391.00","2023-05-14 00:00:00","2023-06-06 00:00:00"
"9514","96","65055.00","2023-07-16 00:00:00","2023-08-13 00:00:00"
"9515","96","336.00","2023-02-05 00:00:00","2023-02-27 00:00:00"
"9516","96","1050.00","2023-05-08 00:00:00","2023-05-24 00:00:00"
"9517","96","9206.00","2023-07-29 00:00:00","2023-08-25 00:00:00"
"9518","96","933.00","2023-04-20 00:00:00","2023-04-22 00:00:00"
"9519","96","667.00","2023-09-18 00:00:00","2023-09-18 00:00:00"
"9520","96","3495.00","2023-10-31 00:00:00","2023-11-28 00:00:00"
"9521","96","7502.00","2023-06-02 00:00:00","2023-06-25 00:00:00"
"9522","96","2440.00","2023-07-06 00:00:00","2023-08-04 00:00:00"
"9523","96","18093.00","2023-02-27 00:00:00","2023-03-10 00:00:00"
"9524","96","23995.00","2023-04-12 00:00:00","2023-04-18 00:00:00"
"9525","96","53529.00","2023-07-06 00:00:00","2023-07-27 00:00:00"
"9526","96","38560.00","2023-08-24 00:00:00","2023-09-22 00:00:00"
"9527","96","4068.00","2023-07-20 00:00:00","2023-08-16 00:00:00"
"9528","96","774.00","2023-01-08 00:00:00","2023-01-12 00:00:00"
"9529","96","1254.00","2023-11-25 00:00:00","2023-12-13 00:00:00"
"9530","96","42639.00","2023-11-25 00:00:00","2023-11-29 00:00:00"
"9531","96","12293.00","2023-12-02 00:00:00","2023-12-09 00:00:00"
"9532","96","29451.00","2023-02-09 00:00:00","2023-02-27 00:00:00"
"9533","96","19272.00","2023-10-23 00:00:00","2023-10-29 00:00:00"
"9534","96","3420.00","2023-02-14 00:00:00","2023-03-04 00:00:00"
"9535","96","1545.00","2023-02-19 00:00:00","2023-03-17 00:00:00"
"9536","96","14703.00","2023-08-14 00:00:00","2023-08-30 00:00:00"
"9537","96","177.00","2023-11-13 00:00:00","2023-11-18 00:00:00"
"9538","96","31235.00","2023-12-07 00:00:00","2023-12-29 00:00:00"
"9539","96","4393.00","2023-07-29 00:00:00","2023-08-24 00:00:00"
"9540","96","3962.00","2023-11-03 00:00:00","2023-11-18 00:00:00"
"9541","96","42235.00","2023-08-05 00:00:00","2023-08-11 00:00:00"
"9542","96","76249.00","2023-11-14 00:00:00","2023-12-10 00:00:00"
"9543","96","6472.00","2023-07-02 00:00:00","2023-07-31 00:00:00"
"9544","96","581.00","2023-06-10 00:00:00","2023-06-15 00:00:00"
"9545","96","393.00","2023-08-05 00:00:00","2023-09-02 00:00:00"
"9546","96","6737.00","2023-02-15 00:00:00","2023-03-12 00:00:00"
"9547","96","47883.00","2023-04-22 00:00:00","2023-05-15 00:00:00"
"9548","96","315.00","2023-06-15 00:00:00","2023-07-07 00:00:00"
"9549","96","9282.00","2023-01-29 00:00:00","2023-02-15 00:00:00"
"9550","96","4854.00","2023-07-05 00:00:00","2023-07-18 00:00:00"
"9551","96","2066.00","2023-09-28 00:00:00","2023-10-24 00:00:00"
"9552","96","48229.00","2023-01-03 00:00:00","2023-01-25 00:00:00"
"9553","96","336.00","2023-01-13 00:00:00","2023-01-27 00:00:00"
"9554","96","2551.00","2023-02-21 00:00:00","2023-03-22 00:00:00"
"9555","96","48729.00","2023-03-22 00:00:00","2023-04-13 00:00:00"
"9556","96","21437.00","2023-04-16 00:00:00","2023-05-10 00:00:00"
"9557","96","22847.00","2023-10-31 00:00:00","2023-11-07 00:00:00"
"9558","96","37791.00","2023-07-10 00:00:00","2023-08-03 00:00:00"
"9559","96","1861.00","2023-03-29 00:00:00","2023-04-12 00:00:00"
"9560","96","1691.00","2023-07-31 00:00:00","2023-08-20 00:00:00"
"9561","96","2823.00","2023-10-29 00:00:00","2023-11-04 00:00:00"
"9562","96","21311.00","2023-10-30 00:00:00","2023-11-07 00:00:00"
"9563","96","15210.00","2023-06-24 00:00:00","2023-07-13 00:00:00"
"9564","96","22989.00","2023-01-10 00:00:00","2023-01-30 00:00:00"
"9565","96","8766.00","2023-10-26 00:00:00","2023-10-31 00:00:00"
"9566","96","2455.00","2023-08-09 00:00:00","2023-08-12 00:00:00"
"9567","96","1036.00","2023-09-23 00:00:00","2023-10-01 00:00:00"
"9568","96","21971.00","2023-10-23 00:00:00","2023-10-25 00:00:00"
"9569","96","6443.00","2023-08-02 00:00:00","2023-08-23 00:00:00"
"9570","96","21407.00","2023-02-13 00:00:00","2023-02-22 00:00:00"
"9571","96","12298.00","2023-03-11 00:00:00","2023-03-15 00:00:00"
"9572","96","2900.00","2023-06-08 00:00:00","2023-06-18 00:00:00"
"9573","96","31052.00","2023-12-22 00:00:00","2024-01-16 00:00:00"
"9574","96","9442.00","2023-09-24 00:00:00","2023-09-24 00:00:00"
"9575","96","516.00","2023-01-18 00:00:00","2023-02-11 00:00:00"
"9576","96","85152.00","2023-06-11 00:00:00","2023-06-30 00:00:00"
"9577","96","31798.00","2023-11-30 00:00:00","2023-12-03 00:00:00"
"9578","96","666.00","2023-02-12 00:00:00","2023-02-28 00:00:00"
"9579","96","75991.00","2023-09-18 00:00:00","2023-10-09 00:00:00"
"9580","96","33636.00","2023-08-22 00:00:00","2023-09-10 00:00:00"
"9581","96","24053.00","2023-11-29 00:00:00","2023-12-14 00:00:00"
"9582","96","68.00","2023-08-17 00:00:00","2023-09-03 00:00:00"
"9583","96","2354.00","2023-06-17 00:00:00","2023-07-16 00:00:00"
"9584","96","51288.00","2023-06-10 00:00:00","2023-06-22 00:00:00"
"9585","96","46383.00","2023-06-12 00:00:00","2023-07-01 00:00:00"
"9586","96","1272.00","2023-08-16 00:00:00","2023-08-16 00:00:00"
"9587","96","36745.00","2023-04-12 00:00:00","2023-04-15 00:00:00"
"9588","96","9821.00","2023-06-13 00:00:00","2023-07-04 00:00:00"
"9589","96","51994.00","2023-05-18 00:00:00","2023-06-11 00:00:00"
"9590","96","2591.00","2023-04-04 00:00:00","2023-04-20 00:00:00"
"9591","96","2272.00","2023-11-11 00:00:00","2023-11-30 00:00:00"
"9592","96","23492.00","2023-11-20 00:00:00","2023-11-23 00:00:00"
"9593","96","6474.00","2023-07-10 00:00:00","2023-08-06 00:00:00"
"9594","96","34392.00","2023-11-12 00:00:00","2023-12-02 00:00:00"
"9595","96","2970.00","2023-03-12 00:00:00","2023-03-21 00:00:00"
"9596","96","9273.00","2023-11-03 00:00:00","2023-11-09 00:00:00"
"9597","96","1025.00","2023-05-16 00:00:00","2023-06-05 00:00:00"
"9598","96","21698.00","2023-12-21 00:00:00","2023-12-25 00:00:00"
"9599","96","1792.00","2023-09-10 00:00:00","2023-09-22 00:00:00"
"9600","96","19209.00","2023-09-19 00:00:00","2023-09-26 00:00:00"
"9601","97","844.00","2023-09-25 00:00:00","2023-10-23 00:00:00"
"9602","97","2878.00","2023-07-19 00:00:00","2023-07-30 00:00:00"
"9603","97","2497.00","2023-01-19 00:00:00","2023-02-14 00:00:00"
"9604","97","636.00","2023-01-05 00:00:00","2023-02-01 00:00:00"
"9605","97","414.00","2023-01-24 00:00:00","2023-02-22 00:00:00"
"9606","97","4218.00","2023-09-28 00:00:00","2023-10-02 00:00:00"
"9607","97","17585.00","2023-09-02 00:00:00","2023-09-15 00:00:00"
"9608","97","6279.00","2023-03-17 00:00:00","2023-03-23 00:00:00"
"9609","97","9832.00","2023-06-07 00:00:00","2023-06-16 00:00:00"
"9610","97","10142.00","2023-12-08 00:00:00","2024-01-04 00:00:00"
"9611","97","46082.00","2023-02-12 00:00:00","2023-03-01 00:00:00"
"9612","97","7670.00","2023-01-22 00:00:00","2023-02-11 00:00:00"
"9613","97","77224.00","2023-03-02 00:00:00","2023-03-15 00:00:00"
"9614","97","35861.00","2023-01-17 00:00:00","2023-02-02 00:00:00"
"9615","97","24318.00","2023-01-04 00:00:00","2023-01-11 00:00:00"
"9616","97","500.00","2023-01-10 00:00:00","2023-02-06 00:00:00"
"9617","97","20082.00","2023-01-16 00:00:00","2023-02-14 00:00:00"
"9618","97","895.00","2023-07-16 00:00:00","2023-07-21 00:00:00"
"9619","97","58719.00","2023-12-28 00:00:00","2024-01-25 00:00:00"
"9620","97","3678.00","2023-09-24 00:00:00","2023-10-13 00:00:00"
"9621","97","358.00","2023-08-23 00:00:00","2023-09-11 00:00:00"
"9622","97","61314.00","2023-01-20 00:00:00","2023-02-13 00:00:00"
"9623","97","14316.00","2023-10-05 00:00:00","2023-10-06 00:00:00"
"9624","97","47950.00","2023-10-18 00:00:00","2023-10-18 00:00:00"
"9625","97","8094.00","2023-04-07 00:00:00","2023-04-29 00:00:00"
"9626","97","2773.00","2023-11-23 00:00:00","2023-12-20 00:00:00"
"9627","97","28708.00","2023-02-04 00:00:00","2023-02-24 00:00:00"
"9628","97","14041.00","2023-11-27 00:00:00","2023-12-14 00:00:00"
"9629","97","10393.00","2023-04-25 00:00:00","2023-05-19 00:00:00"
"9630","97","158.00","2023-05-02 00:00:00","2023-05-05 00:00:00"
"9631","97","34168.00","2023-12-23 00:00:00","2024-01-09 00:00:00"
"9632","97","12116.00","2023-08-07 00:00:00","2023-08-10 00:00:00"
"9633","97","1731.00","2023-09-13 00:00:00","2023-09-25 00:00:00"
"9634","97","24047.00","2023-04-28 00:00:00","2023-05-14 00:00:00"
"9635","97","15335.00","2023-08-09 00:00:00","2023-08-14 00:00:00"
"9636","97","12569.00","2023-05-04 00:00:00","2023-05-25 00:00:00"
"9637","97","2017.00","2023-08-01 00:00:00","2023-08-22 00:00:00"
"9638","97","35258.00","2023-09-24 00:00:00","2023-10-05 00:00:00"
"9639","97","295.00","2023-06-01 00:00:00","2023-06-01 00:00:00"
"9640","97","88.00","2023-10-13 00:00:00","2023-11-07 00:00:00"
"9641","97","143.00","2023-10-15 00:00:00","2023-10-15 00:00:00"
"9642","97","479.00","2023-09-21 00:00:00","2023-10-04 00:00:00"
"9643","97","66089.00","2023-08-19 00:00:00","2023-08-31 00:00:00"
"9644","97","3642.00","2023-07-27 00:00:00","2023-08-11 00:00:00"
"9645","97","4540.00","2023-09-19 00:00:00","2023-10-10 00:00:00"
"9646","97","2093.00","2023-12-06 00:00:00","2023-12-07 00:00:00"
"9647","97","22399.00","2023-05-19 00:00:00","2023-05-24 00:00:00"
"9648","97","1461.00","2023-11-17 00:00:00","2023-12-05 00:00:00"
"9649","97","32034.00","2023-01-29 00:00:00","2023-02-18 00:00:00"
"9650","97","18307.00","2023-11-14 00:00:00","2023-11-14 00:00:00"
"9651","97","1085.00","2023-09-07 00:00:00","2023-09-10 00:00:00"
"9652","97","512.00","2023-02-03 00:00:00","2023-02-07 00:00:00"
"9653","97","2582.00","2023-12-23 00:00:00","2024-01-03 00:00:00"
"9654","97","29995.00","2023-02-04 00:00:00","2023-02-08 00:00:00"
"9655","97","1208.00","2023-11-27 00:00:00","2023-12-05 00:00:00"
"9656","97","28912.00","2023-10-03 00:00:00","2023-10-24 00:00:00"
"9657","97","30682.00","2023-04-25 00:00:00","2023-05-21 00:00:00"
"9658","97","17088.00","2023-04-10 00:00:00","2023-05-01 00:00:00"
"9659","97","33932.00","2023-03-14 00:00:00","2023-03-25 00:00:00"
"9660","97","325.00","2023-03-29 00:00:00","2023-04-22 00:00:00"
"9661","97","1284.00","2023-04-04 00:00:00","2023-05-02 00:00:00"
"9662","97","1992.00","2023-06-11 00:00:00","2023-06-18 00:00:00"
"9663","97","2244.00","2023-12-13 00:00:00","2023-12-21 00:00:00"
"9664","97","2048.00","2023-04-25 00:00:00","2023-05-06 00:00:00"
"9665","97","539.00","2023-07-23 00:00:00","2023-08-21 00:00:00"
"9666","97","33185.00","2023-03-24 00:00:00","2023-04-07 00:00:00"
"9667","97","24747.00","2023-03-20 00:00:00","2023-04-18 00:00:00"
"9668","97","599.00","2023-10-23 00:00:00","2023-11-12 00:00:00"
"9669","97","159.00","2023-05-28 00:00:00","2023-06-15 00:00:00"
"9670","97","48630.00","2023-01-25 00:00:00","2023-02-20 00:00:00"
"9671","97","16857.00","2023-06-06 00:00:00","2023-06-25 00:00:00"
"9672","97","2028.00","2023-10-08 00:00:00","2023-10-23 00:00:00"
"9673","97","43798.00","2023-07-23 00:00:00","2023-07-25 00:00:00"
"9674","97","38639.00","2023-12-01 00:00:00","2023-12-04 00:00:00"
"9675","97","618.00","2023-01-11 00:00:00","2023-01-29 00:00:00"
"9676","97","28178.00","2023-04-21 00:00:00","2023-05-18 00:00:00"
"9677","97","592.00","2023-12-12 00:00:00","2023-12-13 00:00:00"
"9678","97","82960.00","2023-02-11 00:00:00","2023-02-23 00:00:00"
"9679","97","44428.00","2023-02-08 00:00:00","2023-03-05 00:00:00"
"9680","97","41894.00","2023-10-23 00:00:00","2023-10-28 00:00:00"
"9681","97","1395.00","2023-05-07 00:00:00","2023-05-19 00:00:00"
"9682","97","18398.00","2023-03-08 00:00:00","2023-03-18 00:00:00"
"9683","97","30470.00","2023-06-18 00:00:00","2023-06-27 00:00:00"
"9684","97","45892.00","2023-07-01 00:00:00","2023-07-29 00:00:00"
"9685","97","16263.00","2023-10-27 00:00:00","2023-11-10 00:00:00"
"9686","97","33109.00","2023-06-16 00:00:00","2023-06-28 00:00:00"
"9687","97","36152.00","2023-03-08 00:00:00","2023-03-18 00:00:00"
"9688","97","702.00","2023-06-07 00:00:00","2023-07-01 00:00:00"
"9689","97","86053.00","2023-03-19 00:00:00","2023-04-14 00:00:00"
"9690","97","71684.00","2023-10-03 00:00:00","2023-10-19 00:00:00"
"9691","97","12937.00","2023-04-30 00:00:00","2023-05-10 00:00:00"
"9692","97","31536.00","2023-07-25 00:00:00","2023-08-14 00:00:00"
"9693","97","1717.00","2023-12-13 00:00:00","2023-12-22 00:00:00"
"9694","97","56691.00","2023-02-16 00:00:00","2023-02-16 00:00:00"
"9695","97","4235.00","2023-05-07 00:00:00","2023-05-29 00:00:00"
"9696","97","2891.00","2023-12-01 00:00:00","2023-12-17 00:00:00"
"9697","97","243.00","2023-03-24 00:00:00","2023-04-06 00:00:00"
"9698","97","34985.00","2023-09-23 00:00:00","2023-09-27 00:00:00"
"9699","97","2180.00","2023-01-17 00:00:00","2023-01-20 00:00:00"
"9700","97","8643.00","2023-07-25 00:00:00","2023-08-17 00:00:00"
"9701","98","4563.00","2023-05-09 00:00:00","2023-05-27 00:00:00"
"9702","98","2446.00","2023-06-26 00:00:00","2023-07-11 00:00:00"
"9703","98","9095.00","2023-07-03 00:00:00","2023-07-25 00:00:00"
"9704","98","1205.00","2023-05-03 00:00:00","2023-05-17 00:00:00"
"9705","98","3971.00","2023-12-29 00:00:00","2024-01-17 00:00:00"
"9706","98","789.00","2023-12-01 00:00:00","2023-12-11 00:00:00"
"9707","98","856.00","2023-10-16 00:00:00","2023-11-09 00:00:00"
"9708","98","176.00","2023-12-04 00:00:00","2023-12-13 00:00:00"
"9709","98","516.00","2023-07-25 00:00:00","2023-08-23 00:00:00"
"9710","98","58952.00","2023-03-25 00:00:00","2023-03-28 00:00:00"
"9711","98","957.00","2023-05-28 00:00:00","2023-06-04 00:00:00"
"9712","98","54120.00","2023-10-14 00:00:00","2023-10-22 00:00:00"
"9713","98","1238.00","2023-09-24 00:00:00","2023-09-24 00:00:00"
"9714","98","37149.00","2023-11-21 00:00:00","2023-12-11 00:00:00"
"9715","98","2194.00","2023-02-07 00:00:00","2023-02-27 00:00:00"
"9716","98","421.00","2023-12-24 00:00:00","2024-01-08 00:00:00"
"9717","98","50944.00","2023-11-27 00:00:00","2023-12-01 00:00:00"
"9718","98","952.00","2023-04-29 00:00:00","2023-05-06 00:00:00"
"9719","98","20230.00","2023-09-04 00:00:00","2023-09-22 00:00:00"
"9720","98","49435.00","2023-08-13 00:00:00","2023-08-13 00:00:00"
"9721","98","31360.00","2023-01-25 00:00:00","2023-02-07 00:00:00"
"9722","98","28173.00","2023-06-19 00:00:00","2023-07-04 00:00:00"
"9723","98","9788.00","2023-12-28 00:00:00","2023-12-30 00:00:00"
"9724","98","16475.00","2023-11-14 00:00:00","2023-12-05 00:00:00"
"9725","98","36163.00","2023-01-27 00:00:00","2023-01-31 00:00:00"
"9726","98","48152.00","2023-08-23 00:00:00","2023-09-02 00:00:00"
"9727","98","23271.00","2023-01-15 00:00:00","2023-02-09 00:00:00"
"9728","98","3592.00","2023-08-05 00:00:00","2023-08-29 00:00:00"
"9729","98","27227.00","2023-05-19 00:00:00","2023-05-20 00:00:00"
"9730","98","68185.00","2023-07-05 00:00:00","2023-07-29 00:00:00"
"9731","98","117.00","2023-04-27 00:00:00","2023-05-12 00:00:00"
"9732","98","2186.00","2023-10-18 00:00:00","2023-10-23 00:00:00"
"9733","98","30393.00","2023-03-13 00:00:00","2023-03-14 00:00:00"
"9734","98","712.00","2023-01-12 00:00:00","2023-01-30 00:00:00"
"9735","98","5865.00","2023-08-13 00:00:00","2023-09-07 00:00:00"
"9736","98","10653.00","2023-12-29 00:00:00","2024-01-20 00:00:00"
"9737","98","9844.00","2023-01-16 00:00:00","2023-01-26 00:00:00"
"9738","98","9511.00","2023-05-15 00:00:00","2023-05-30 00:00:00"
"9739","98","52387.00","2023-11-27 00:00:00","2023-12-21 00:00:00"
"9740","98","9257.00","2023-06-23 00:00:00","2023-07-17 00:00:00"
"9741","98","721.00","2023-06-18 00:00:00","2023-06-24 00:00:00"
"9742","98","65286.00","2023-09-23 00:00:00","2023-10-09 00:00:00"
"9743","98","17418.00","2023-06-09 00:00:00","2023-06-15 00:00:00"
"9744","98","10998.00","2023-03-13 00:00:00","2023-03-17 00:00:00"
"9745","98","37493.00","2023-05-02 00:00:00","2023-05-16 00:00:00"
"9746","98","28517.00","2023-08-12 00:00:00","2023-08-25 00:00:00"
"9747","98","7273.00","2023-06-29 00:00:00","2023-07-21 00:00:00"
"9748","98","9456.00","2023-11-03 00:00:00","2023-11-19 00:00:00"
"9749","98","33287.00","2023-03-07 00:00:00","2023-03-12 00:00:00"
"9750","98","65966.00","2023-05-01 00:00:00","2023-05-25 00:00:00"
"9751","98","12495.00","2023-10-01 00:00:00","2023-10-07 00:00:00"
"9752","98","1750.00","2023-09-25 00:00:00","2023-10-19 00:00:00"
"9753","98","2577.00","2023-06-18 00:00:00","2023-07-11 00:00:00"
"9754","98","44128.00","2023-01-08 00:00:00","2023-01-26 00:00:00"
"9755","98","50361.00","2023-10-28 00:00:00","2023-11-26 00:00:00"
"9756","98","11583.00","2023-03-08 00:00:00","2023-03-17 00:00:00"
"9757","98","714.00","2023-01-01 00:00:00","2023-01-01 00:00:00"
"9758","98","8549.00","2023-02-20 00:00:00","2023-02-24 00:00:00"
"9759","98","9265.00","2023-02-20 00:00:00","2023-03-17 00:00:00"
"9760","98","47488.00","2023-03-08 00:00:00","2023-03-24 00:00:00"
"9761","98","29395.00","2023-02-07 00:00:00","2023-02-28 00:00:00"
"9762","98","369.00","2023-09-19 00:00:00","2023-10-09 00:00:00"
"9763","98","6273.00","2023-08-03 00:00:00","2023-08-31 00:00:00"
"9764","98","16865.00","2023-05-18 00:00:00","2023-06-11 00:00:00"
"9765","98","54728.00","2023-08-15 00:00:00","2023-09-02 00:00:00"
"9766","98","12340.00","2023-10-09 00:00:00","2023-11-01 00:00:00"
"9767","98","8697.00","2023-12-11 00:00:00","2023-12-21 00:00:00"
"9768","98","164.00","2023-08-31 00:00:00","2023-09-27 00:00:00"
"9769","98","1171.00","2023-10-25 00:00:00","2023-10-31 00:00:00"
"9770","98","44091.00","2023-07-02 00:00:00","2023-07-19 00:00:00"
"9771","98","1311.00","2023-09-25 00:00:00","2023-10-06 00:00:00"
"9772","98","2585.00","2023-04-16 00:00:00","2023-05-01 00:00:00"
"9773","98","285.00","2023-05-27 00:00:00","2023-05-29 00:00:00"
"9774","98","17100.00","2023-08-09 00:00:00","2023-09-04 00:00:00"
"9775","98","66462.00","2023-08-31 00:00:00","2023-09-01 00:00:00"
"9776","98","86991.00","2023-06-19 00:00:00","2023-06-24 00:00:00"
"9777","98","642.00","2023-08-10 00:00:00","2023-09-07 00:00:00"
"9778","98","1742.00","2023-09-23 00:00:00","2023-10-22 00:00:00"
"9779","98","10155.00","2023-08-29 00:00:00","2023-09-22 00:00:00"
"9780","98","7554.00","2023-03-12 00:00:00","2023-03-20 00:00:00"
"9781","98","1371.00","2023-08-21 00:00:00","2023-08-31 00:00:00"
"9782","98","9946.00","2023-03-27 00:00:00","2023-04-25 00:00:00"
"9783","98","36987.00","2023-07-08 00:00:00","2023-07-18 00:00:00"
"9784","98","1104.00","2023-04-23 00:00:00","2023-04-29 00:00:00"
"9785","98","48352.00","2023-02-18 00:00:00","2023-03-03 00:00:00"
"9786","98","45142.00","2023-05-05 00:00:00","2023-05-28 00:00:00"
"9787","98","24833.00","2023-07-11 00:00:00","2023-07-23 00:00:00"
"9788","98","247.00","2023-12-01 00:00:00","2023-12-21 00:00:00"
"9789","98","1494.00","2023-12-12 00:00:00","2023-12-29 00:00:00"
"9790","98","16376.00","2023-12-23 00:00:00","2024-01-17 00:00:00"
"9791","98","597.00","2023-05-23 00:00:00","2023-06-08 00:00:00"
"9792","98","1635.00","2023-07-08 00:00:00","2023-07-15 00:00:00"
"9793","98","339.00","2023-02-19 00:00:00","2023-03-13 00:00:00"
"9794","98","2931.00","2023-04-20 00:00:00","2023-05-11 00:00:00"
"9795","98","7943.00","2023-08-13 00:00:00","2023-08-26 00:00:00"
"9796","98","2261.00","2023-08-06 00:00:00","2023-08-19 00:00:00"
"9797","98","54629.00","2023-01-26 00:00:00","2023-01-31 00:00:00"
"9798","98","19101.00","2023-06-26 00:00:00","2023-07-22 00:00:00"
"9799","98","1028.00","2023-09-28 00:00:00","2023-10-03 00:00:00"
"9800","98","37624.00","2023-12-08 00:00:00","2023-12-09 00:00:00"
"9801","99","48472.00","2023-03-02 00:00:00","2023-03-20 00:00:00"
"9802","99","336.00","2023-07-29 00:00:00","2023-07-31 00:00:00"
"9803","99","2138.00","2023-11-13 00:00:00","2023-11-30 00:00:00"
"9804","99","745.00","2023-08-13 00:00:00","2023-09-10 00:00:00"
"9805","99","3404.00","2023-04-11 00:00:00","2023-04-22 00:00:00"
"9806","99","129.00","2023-07-07 00:00:00","2023-07-11 00:00:00"
"9807","99","917.00","2023-09-08 00:00:00","2023-09-23 00:00:00"
"9808","99","27501.00","2023-01-26 00:00:00","2023-02-06 00:00:00"
"9809","99","267.00","2023-02-10 00:00:00","2023-03-05 00:00:00"
"9810","99","116.00","2023-11-05 00:00:00","2023-12-04 00:00:00"
"9811","99","6257.00","2023-06-06 00:00:00","2023-06-18 00:00:00"
"9812","99","4235.00","2023-01-21 00:00:00","2023-01-25 00:00:00"
"9813","99","1689.00","2023-09-15 00:00:00","2023-10-10 00:00:00"
"9814","99","818.00","2023-09-25 00:00:00","2023-10-23 00:00:00"
"9815","99","12056.00","2023-02-26 00:00:00","2023-03-10 00:00:00"
"9816","99","30236.00","2023-10-28 00:00:00","2023-11-01 00:00:00"
"9817","99","1211.00","2023-02-01 00:00:00","2023-02-19 00:00:00"
"9818","99","318.00","2023-02-21 00:00:00","2023-02-25 00:00:00"
"9819","99","1062.00","2023-07-06 00:00:00","2023-07-11 00:00:00"
"9820","99","61202.00","2023-08-04 00:00:00","2023-08-11 00:00:00"
"9821","99","1168.00","2023-11-26 00:00:00","2023-12-15 00:00:00"
"9822","99","694.00","2023-02-25 00:00:00","2023-03-25 00:00:00"
"9823","99","8403.00","2023-03-29 00:00:00","2023-04-13 00:00:00"
"9824","99","40033.00","2023-08-08 00:00:00","2023-08-21 00:00:00"
"9825","99","8790.00","2023-07-23 00:00:00","2023-07-24 00:00:00"
"9826","99","27694.00","2023-06-08 00:00:00","2023-07-04 00:00:00"
"9827","99","1631.00","2023-12-24 00:00:00","2023-12-31 00:00:00"
"9828","99","9454.00","2023-10-07 00:00:00","2023-10-14 00:00:00"
"9829","99","5662.00","2023-05-06 00:00:00","2023-05-25 00:00:00"
"9830","99","31949.00","2023-01-23 00:00:00","2023-01-26 00:00:00"
"9831","99","810.00","2023-11-16 00:00:00","2023-11-19 00:00:00"
"9832","99","12568.00","2023-03-06 00:00:00","2023-03-06 00:00:00"
"9833","99","1561.00","2023-11-01 00:00:00","2023-11-12 00:00:00"
"9834","99","9937.00","2023-10-24 00:00:00","2023-11-09 00:00:00"
"9835","99","31052.00","2023-05-16 00:00:00","2023-06-04 00:00:00"
"9836","99","9958.00","2023-03-15 00:00:00","2023-03-22 00:00:00"
"9837","99","1234.00","2023-03-15 00:00:00","2023-04-06 00:00:00"
"9838","99","43088.00","2023-08-23 00:00:00","2023-09-19 00:00:00"
"9839","99","929.00","2023-10-09 00:00:00","2023-11-03 00:00:00"
"9840","99","45071.00","2023-07-02 00:00:00","2023-07-20 00:00:00"
"9841","99","1271.00","2023-07-08 00:00:00","2023-08-02 00:00:00"
"9842","99","7299.00","2023-10-17 00:00:00","2023-10-28 00:00:00"
"9843","99","837.00","2023-02-02 00:00:00","2023-02-25 00:00:00"
"9844","99","19973.00","2023-11-11 00:00:00","2023-12-06 00:00:00"
"9845","99","266.00","2023-11-11 00:00:00","2023-11-18 00:00:00"
"9846","99","1156.00","2023-11-19 00:00:00","2023-12-06 00:00:00"
"9847","99","24341.00","2023-08-08 00:00:00","2023-08-31 00:00:00"
"9848","99","40727.00","2023-04-21 00:00:00","2023-05-19 00:00:00"
"9849","99","8644.00","2023-01-12 00:00:00","2023-01-12 00:00:00"
"9850","99","9357.00","2023-09-14 00:00:00","2023-10-11 00:00:00"
"9851","99","32490.00","2023-12-26 00:00:00","2024-01-07 00:00:00"
"9852","99","9732.00","2023-10-22 00:00:00","2023-10-29 00:00:00"
"9853","99","3751.00","2023-05-04 00:00:00","2023-05-29 00:00:00"
"9854","99","32172.00","2023-01-26 00:00:00","2023-02-07 00:00:00"
"9855","99","1772.00","2023-09-16 00:00:00","2023-09-16 00:00:00"
"9856","99","4814.00","2023-01-13 00:00:00","2023-02-01 00:00:00"
"9857","99","342.00","2023-09-15 00:00:00","2023-10-14 00:00:00"
"9858","99","8385.00","2023-05-21 00:00:00","2023-06-05 00:00:00"
"9859","99","38991.00","2023-01-24 00:00:00","2023-02-12 00:00:00"
"9860","99","28976.00","2023-06-05 00:00:00","2023-06-06 00:00:00"
"9861","99","887.00","2023-10-06 00:00:00","2023-10-13 00:00:00"
"9862","99","1798.00","2023-08-31 00:00:00","2023-09-02 00:00:00"
"9863","99","42111.00","2023-04-24 00:00:00","2023-05-09 00:00:00"
"9864","99","9052.00","2023-03-08 00:00:00","2023-03-16 00:00:00"
"9865","99","36641.00","2023-12-05 00:00:00","2023-12-28 00:00:00"
"9866","99","56155.00","2023-11-06 00:00:00","2023-11-22 00:00:00"
"9867","99","44416.00","2023-05-17 00:00:00","2023-06-12 00:00:00"
"9868","99","12835.00","2023-01-31 00:00:00","2023-02-27 00:00:00"
"9869","99","1863.00","2023-10-31 00:00:00","2023-11-08 00:00:00"
"9870","99","2149.00","2023-06-22 00:00:00","2023-06-28 00:00:00"
"9871","99","1240.00","2023-03-08 00:00:00","2023-03-29 00:00:00"
"9872","99","48498.00","2023-03-24 00:00:00","2023-03-29 00:00:00"
"9873","99","6149.00","2023-04-28 00:00:00","2023-05-21 00:00:00"
"9874","99","30919.00","2023-07-20 00:00:00","2023-08-07 00:00:00"
"9875","99","28907.00","2023-08-17 00:00:00","2023-08-20 00:00:00"
"9876","99","11950.00","2023-09-29 00:00:00","2023-09-29 00:00:00"
"9877","99","2564.00","2023-04-23 00:00:00","2023-05-09 00:00:00"
"9878","99","22151.00","2023-08-31 00:00:00","2023-09-10 00:00:00"
"9879","99","1702.00","2023-01-07 00:00:00","2023-01-11 00:00:00"
"9880","99","1593.00","2023-07-22 00:00:00","2023-07-22 00:00:00"
"9881","99","1409.00","2023-12-17 00:00:00","2023-12-19 00:00:00"
"9882","99","261.00","2023-08-07 00:00:00","2023-08-30 00:00:00"
"9883","99","524.00","2023-10-28 00:00:00","2023-11-01 00:00:00"
"9884","99","31995.00","2023-01-06 00:00:00","2023-01-16 00:00:00"
"9885","99","12291.00","2023-11-22 00:00:00","2023-12-02 00:00:00"
"9886","99","1144.00","2023-02-21 00:00:00","2023-02-25 00:00:00"
"9887","99","68898.00","2023-03-10 00:00:00","2023-04-08 00:00:00"
"9888","99","50967.00","2023-12-28 00:00:00","2024-01-23 00:00:00"
"9889","99","20393.00","2023-06-30 00:00:00","2023-07-11 00:00:00"
"9890","99","19982.00","2023-04-14 00:00:00","2023-04-29 00:00:00"
"9891","99","37272.00","2023-12-26 00:00:00","2024-01-15 00:00:00"
"9892","99","2136.00","2023-08-18 00:00:00","2023-08-19 00:00:00"
"9893","99","28994.00","2023-05-05 00:00:00","2023-05-24 00:00:00"
"9894","99","2397.00","2023-02-16 00:00:00","2023-02-17 00:00:00"
"9895","99","4196.00","2023-04-17 00:00:00","2023-05-14 00:00:00"
"9896","99","1332.00","2023-03-09 00:00:00","2023-03-14 00:00:00"
"9897","99","27492.00","2023-09-22 00:00:00","2023-10-17 00:00:00"
"9898","99","19088.00","2023-05-25 00:00:00","2023-06-05 00:00:00"
"9899","99","26578.00","2023-06-13 00:00:00","2023-06-29 00:00:00"
"9900","99","45093.00","2023-09-04 00:00:00","2023-09-22 00:00:00"
"9901","100","62329.00","2023-10-07 00:00:00","2023-10-29 00:00:00"
"9902","100","28125.00","2023-06-15 00:00:00","2023-07-02 00:00:00"
"9903","100","13193.00","2023-02-14 00:00:00","2023-02-25 00:00:00"
"9904","100","242.00","2023-03-11 00:00:00","2023-03-23 00:00:00"
"9905","100","3279.00","2023-03-11 00:00:00","2023-03-23 00:00:00"
"9906","100","45548.00","2023-09-27 00:00:00","2023-10-02 00:00:00"
"9907","100","18177.00","2023-04-03 00:00:00","2023-04-18 00:00:00"
"9908","100","133.00","2023-08-26 00:00:00","2023-09-12 00:00:00"
"9909","100","2555.00","2023-07-29 00:00:00","2023-08-09 00:00:00"
"9910","100","73572.00","2023-01-22 00:00:00","2023-02-13 00:00:00"
"9911","100","30637.00","2023-01-21 00:00:00","2023-02-12 00:00:00"
"9912","100","3066.00","2023-11-24 00:00:00","2023-11-26 00:00:00"
"9913","100","31485.00","2023-08-05 00:00:00","2023-08-23 00:00:00"
"9914","100","9101.00","2023-03-24 00:00:00","2023-03-24 00:00:00"
"9915","100","22996.00","2023-02-01 00:00:00","2023-02-09 00:00:00"
"9916","100","7386.00","2023-09-25 00:00:00","2023-09-30 00:00:00"
"9917","100","9195.00","2023-08-12 00:00:00","2023-09-06 00:00:00"
"9918","100","13540.00","2023-10-07 00:00:00","2023-10-21 00:00:00"
"9919","100","3540.00","2023-08-12 00:00:00","2023-08-17 00:00:00"
"9920","100","12036.00","2023-07-06 00:00:00","2023-08-02 00:00:00"
"9921","100","2736.00","2023-09-13 00:00:00","2023-10-05 00:00:00"
"9922","100","8514.00","2023-10-25 00:00:00","2023-11-04 00:00:00"
"9923","100","4542.00","2023-05-15 00:00:00","2023-05-21 00:00:00"
"9924","100","12839.00","2023-04-19 00:00:00","2023-04-21 00:00:00"
"9925","100","710.00","2023-08-06 00:00:00","2023-08-12 00:00:00"
"9926","100","64580.00","2023-02-05 00:00:00","2023-03-05 00:00:00"
"9927","100","2940.00","2023-05-23 00:00:00","2023-06-05 00:00:00"
"9928","100","66183.00","2023-07-07 00:00:00","2023-07-27 00:00:00"
"9929","100","31330.00","2023-05-11 00:00:00","2023-05-22 00:00:00"
"9930","100","8089.00","2023-12-24 00:00:00","2024-01-07 00:00:00"
"9931","100","41309.00","2023-02-06 00:00:00","2023-02-18 00:00:00"
"9932","100","18197.00","2023-10-16 00:00:00","2023-10-23 00:00:00"
"9933","100","15231.00","2023-03-26 00:00:00","2023-04-03 00:00:00"
"9934","100","683.00","2023-08-28 00:00:00","2023-09-05 00:00:00"
"9935","100","6588.00","2023-11-08 00:00:00","2023-11-18 00:00:00"
"9936","100","30072.00","2023-12-27 00:00:00","2024-01-15 00:00:00"
"9937","100","774.00","2023-12-24 00:00:00","2023-12-31 00:00:00"
"9938","100","3279.00","2023-10-04 00:00:00","2023-10-19 00:00:00"
"9939","100","21957.00","2023-01-03 00:00:00","2023-01-06 00:00:00"
"9940","100","27224.00","2023-05-30 00:00:00","2023-06-27 00:00:00"
"9941","100","14998.00","2023-09-25 00:00:00","2023-09-30 00:00:00"
"9942","100","1555.00","2023-03-24 00:00:00","2023-04-16 00:00:00"
"9943","100","2089.00","2023-12-21 00:00:00","2024-01-19 00:00:00"
"9944","100","118.00","2023-03-14 00:00:00","2023-04-09 00:00:00"
"9945","100","14404.00","2023-05-29 00:00:00","2023-06-06 00:00:00"
"9946","100","3740.00","2023-08-21 00:00:00","2023-08-24 00:00:00"
"9947","100","27384.00","2023-11-27 00:00:00","2023-12-12 00:00:00"
"9948","100","2043.00","2023-01-02 00:00:00","2023-01-07 00:00:00"
"9949","100","18614.00","2023-06-22 00:00:00","2023-07-20 00:00:00"
"9950","100","332.00","2023-03-08 00:00:00","2023-04-04 00:00:00"
"9951","100","21991.00","2023-01-15 00:00:00","2023-02-04 00:00:00"
"9952","100","558.00","2023-12-05 00:00:00","2023-12-27 00:00:00"
"9953","100","4541.00","2023-04-09 00:00:00","2023-04-20 00:00:00"
"9954","100","24477.00","2023-08-28 00:00:00","2023-08-30 00:00:00"
"9955","100","653.00","2023-04-19 00:00:00","2023-05-13 00:00:00"
"9956","100","32589.00","2023-02-17 00:00:00","2023-03-03 00:00:00"
"9957","100","93365.00","2023-02-01 00:00:00","2023-02-19 00:00:00"
"9958","100","1431.00","2023-07-21 00:00:00","2023-07-21 00:00:00"
"9959","100","6119.00","2023-06-25 00:00:00","2023-07-16 00:00:00"
"9960","100","36084.00","2023-10-31 00:00:00","2023-11-08 00:00:00"
"9961","100","16449.00","2023-09-09 00:00:00","2023-09-24 00:00:00"
"9962","100","563.00","2023-04-04 00:00:00","2023-05-01 00:00:00"
"9963","100","36468.00","2023-07-19 00:00:00","2023-07-19 00:00:00"
"9964","100","1678.00","2023-06-05 00:00:00","2023-06-08 00:00:00"
"9965","100","411.00","2023-10-29 00:00:00","2023-11-16 00:00:00"
"9966","100","2654.00","2023-08-05 00:00:00","2023-08-15 00:00:00"
"9967","100","9146.00","2023-05-17 00:00:00","2023-06-15 00:00:00"
"9968","100","12053.00","2023-06-01 00:00:00","2023-06-29 00:00:00"
"9969","100","20429.00","2023-05-02 00:00:00","2023-05-28 00:00:00"
"9970","100","6710.00","2023-12-30 00:00:00","2024-01-15 00:00:00"
"9971","100","289.00","2023-01-05 00:00:00","2023-02-03 00:00:00"
"9972","100","16514.00","2023-01-19 00:00:00","2023-02-11 00:00:00"
"9973","100","27193.00","2023-03-23 00:00:00","2023-04-13 00:00:00"
"9974","100","17164.00","2023-11-22 00:00:00","2023-12-19 00:00:00"
"9975","100","16740.00","2023-04-08 00:00:00","2023-04-15 00:00:00"
"9976","100","10014.00","2023-05-28 00:00:00","2023-06-15 00:00:00"
"9977","100","35789.00","2023-04-08 00:00:00","2023-04-17 00:00:00"
"9978","100","11492.00","2023-05-27 00:00:00","2023-06-23 00:00:00"
"9979","100","2383.00","2023-08-20 00:00:00","2023-08-22 00:00:00"
"9980","100","670.00","2023-10-18 00:00:00","2023-11-02 00:00:00"
"9981","100","333.00","2023-04-08 00:00:00","2023-04-14 00:00:00"
"9982","100","18590.00","2023-02-01 00:00:00","2023-02-12 00:00:00"
"9983","100","41340.00","2023-04-19 00:00:00","2023-04-24 00:00:00"
"9984","100","14514.00","2023-08-08 00:00:00","2023-09-03 00:00:00"
"9985","100","76217.00","2023-05-21 00:00:00","2023-06-05 00:00:00"
"9986","100","1431.00","2023-11-20 00:00:00","2023-12-05 00:00:00"
"9987","100","306.00","2023-05-15 00:00:00","2023-05-31 00:00:00"
"9988","100","18790.00","2023-06-03 00:00:00","2023-06-18 00:00:00"
"9989","100","2729.00","2023-11-12 00:00:00","2023-11-28 00:00:00"
"9990","100","974.00","2023-10-09 00:00:00","2023-10-23 00:00:00"
"9991","100","5992.00","2023-06-19 00:00:00","2023-06-23 00:00:00"
"9992","100","6974.00","2023-07-09 00:00:00","2023-08-01 00:00:00"
"9993","100","22159.00","2023-01-24 00:00:00","2023-02-01 00:00:00"
"9994","100","369.00","2023-11-06 00:00:00","2023-11-12 00:00:00"
"9995","100","3243.00","2023-07-08 00:00:00","2023-07-30 00:00:00"
"9996","100","1469.00","2023-07-08 00:00:00","2023-07-27 00:00:00"
"9997","100","1223.00","2023-01-31 00:00:00","2023-02-20 00:00:00"
"9998","100","12490.00","2023-05-03 00:00:00","2023-05-08 00:00:00"
"9999","100","45014.00","2023-06-14 00:00:00","2023-07-06 00:00:00"
"10000","100","3583.00","2023-02-28 00:00:00","2023-03-22 00:00:00"
